# phrase<TAB>normal_form (+Nd/w/m/y/h/min relative, wd:/month:/day: calendar, HH:MM clock, @anchor, <before, >after, daypart:, offset:, every:, ambiguous:)
today	+0d
todays	+0d
tdy	+0d
2day	+0d
aj	+0d
aaj	+0d
ajke	+0d
aajke	+0d
ajker	+0d
ajker din	+0d
aajker din	+0d
ajkei	+0d
ajke ei	+0d
aaj hi	+0d
আজ	+0d
আজকে	+0d
আজকের	+0d
আজকেই	+0d
এখনই আজ	+0d
this day	+0d
tonight	+0d@night
this evening tonight	+0d@night
aj raate	+0d@night
aj rate	+0d@night
ajke raate	+0d@night
ajke rate	+0d@night
aaj raat	+0d@night
aaj raat ko	+0d@night
আজ রাতে	+0d@night
আজ রাত	+0d@night
আজকে রাতে	+0d@night
tomorrow	+1d
tmrw	+1d
tmr	+1d
tmrrw	+1d
tomorow	+1d
tommorow	+1d
tommorrow	+1d
tomorro	+1d
2morrow	+1d
2mrw	+1d
2moro	+1d
tom	+1d
agamikal	+1d
agamikale	+1d
aagamikal	+1d
agami kal	+1d
agaami kal	+1d
agamikalke	+1d
agamikaal	+1d
আগামীকাল	+1d
আগামী কাল	+1d
আগামিকাল	+1d
আগামিকালকে	+1d
কালকে	+1d
কাল রাতে ghum	+1d
next day	+1d
the next day	+1d
following day	+1d
the following day	+1d
kal theke	+1d
kal thekei	+1d
yesterday	-1d
yday	-1d
yest	-1d
yesterdy	-1d
yesturday	-1d
gotokal	-1d
gotkal	-1d
gotokale	-1d
gatokal	-1d
gato kal	-1d
gotokal raate	-1d
গতকাল	-1d
গতকালকে	-1d
গত কাল	-1d
গতকাল রাতে	-1d
previous day	-1d
the previous day	-1d
day before	-1d
the day before	-1d
day after tomorrow	+2d
the day after tomorrow	+2d
day after tmrw	+2d
day after tmr	+2d
overmorrow	+2d
parshu	+2d
porshu	+2d
parsu	+2d
porsu	+2d
parsho	+2d
porsho	+2d
পরশু	+2d
পরশুদিন	+2d
পরশুদিনের	+2d
পরশু দিন	+2d
2 days from now	+2d
two days from now	+2d
in two days	+2d
in 2 days	+2d
after 2 days	+2d
after two days	+2d
2 din por	+2d
dui din por	+2d
dui diner por	+2d
২ দিন পর	+2d
দুই দিন পর	+2d
day before yesterday	-2d
the day before yesterday	-2d
day b4 yesterday	-2d
ereyesterday	-2d
nudiustertian	-2d
2 days ago	-2d
two days ago	-2d
2 din age	-2d
dui din age	-2d
২ দিন আগে	-2d
দুই দিন আগে	-2d
parshu ager din	-2d
porshu ager din	-2d
3 days from now	+3d
in three days	+3d
in 3 days	+3d
after 3 days	+3d
after three days	+3d
3 din por	+3d
tin din por	+3d
tin diner por	+3d
৩ দিন পর	+3d
তিন দিন পর	+3d
narshu	+3d
norshu	+3d
narsu	+3d
nursu	+3d
নরশু	+3d
তরশু	+3d
tarshu	+3d
torshu	+3d
tarsu	+3d
torsu	+3d
3 days ago	-3d
three days ago	-3d
3 din age	-3d
tin din age	-3d
৩ দিন আগে	-3d
তিন দিন আগে	-3d
kal	ambiguous:tomorrow_or_yesterday
kaal	ambiguous:tomorrow_or_yesterday
কাল	ambiguous:tomorrow_or_yesterday
kal ke	ambiguous:tomorrow_or_yesterday
kal-e	ambiguous:tomorrow_or_yesterday
kaler	ambiguous:tomorrow_or_yesterday
now	@now
right now	@now
rn	@now
asap	@now
immediately	@now
at once	@now
this instant	@now
ekhon	@now
ekhoni	@now
ekhuni	@now
akhon	@now
akhoni	@now
এখন	@now
এখনই	@now
এখুনি	@now
এখনি	@now
এক্ষুণি	@now
এক্ষুনি	@now
অবিলম্বে	@now
এখনই এখনই	@now
just now	@now
right away	@now
straight away	@now
straightaway	@now
instantly	@now
later	@later
later today	@later
later on	@later
in a while	@later
after a while	@later
some time later	@later
pore	@later
pore ekdin	@later
por e	@later
পরে	@later
একটু পরে	@later
কিছুক্ষণ পরে	@later
কিছু পরে	@later
ektu pore	@later
kichukkhon pore	@later
kichhukkhon pore	@later
kichu khon pore	@later
ektu por	@later
etu pore	@later
soon	@soon
shortly	@soon
in a bit	@soon
in a moment	@soon
any time now	@soon
anytime soon	@soon
shigroi	@soon
shigrei	@soon
sigroi	@soon
shigghir	@soon
shigghiro	@soon
শীঘ্রই	@soon
শীঘ্র	@soon
তাড়াতাড়ি	@soon
জলদি	@soon
jaldi	@soon
tara tari	@soon
taratari	@soon
tarataari	@soon
someday	@someday
some day	@someday
one day	@someday
sometime	@someday
some time	@someday
eventually	@someday
someday soon	@someday
in future	@someday
in the future	@someday
ekdin	@someday
ek din	@someday
ekdin na ekdin	@someday
ভবিষ্যতে	@someday
একদিন	@someday
কোনোদিন	@someday
konodin	@someday
kono din	@someday
konodin na konodin	@someday
pore kokhono	@someday
tbd	@unspecified
to be decided	@unspecified
undecided	@unspecified
not sure when	@unspecified
unsure	@unspecified
no date	@unspecified
no deadline	@unspecified
no due date	@unspecified
whenever	@unspecified
anytime	@unspecified
any time	@unspecified
any day	@unspecified
when free	@unspecified
when i'm free	@unspecified
when im free	@unspecified
when i get time	@unspecified
when i have time	@unspecified
when possible	@unspecified
if possible	@unspecified
if time permits	@unspecified
jokhon free	@unspecified
jokhon somoy pabo	@unspecified
jokhon somoy pai	@unspecified
jokhon suvidha	@unspecified
jokhon suyog	@unspecified
jokhon shubidha	@unspecified
যখন সময় পাব	@unspecified
যখন ফ্রি	@unspecified
যখন সুযোগ পাব	@unspecified
this week	+0w
this wk	+0w
eai soptahe	+0w
ei soptahe	+0w
ei saptahe	+0w
ei shoptahe	+0w
e soptahe	+0w
ei sopthay	+0w
এই সপ্তাহে	+0w
এই সপ্তাহ	+0w
চলতি সপ্তাহে	+0w
next week	+1w
next wk	+1w
nxt week	+1w
nxt wk	+1w
coming week	+1w
upcoming week	+1w
the coming week	+1w
agami soptahe	+1w
agami saptahe	+1w
agami shoptahe	+1w
ageme soptahe	+1w
agamir soptahe	+1w
porer soptahe	+1w
porer saptahe	+1w
porer shoptahe	+1w
por er soptahe	+1w
poroborti soptahe	+1w
poroborti saptahe	+1w
আগামী সপ্তাহে	+1w
আগামী সপ্তাহ	+1w
পরের সপ্তাহে	+1w
পরের সপ্তাহ	+1w
পরবর্তী সপ্তাহে	+1w
in a week	+1w
in 1 week	+1w
in one week	+1w
after a week	+1w
after 1 week	+1w
after one week	+1w
a week from now	+1w
one week from now	+1w
1 week from now	+1w
ek soptaho por	+1w
ek soptaha por	+1w
ek soptah por	+1w
ek saptah por	+1w
এক সপ্তাহ পর	+1w
সাত দিন পর	+1w
sat din por	+1w
saat din por	+1w
7 din por	+1w
৭ দিন পর	+1w
last week	-1w
prev week	-1w
previous week	-1w
past week	-1w
the past week	-1w
the previous week	-1w
gato soptahe	-1w
gato saptahe	-1w
gato shoptahe	-1w
gotoshoptahe	-1w
gata soptahe	-1w
agey soptahe	-1w
ager soptahe	-1w
ager saptahe	-1w
ager shoptahe	-1w
আগের সপ্তাহে	-1w
গত সপ্তাহে	-1w
গত সপ্তাহ	-1w
আগের সপ্তাহ	-1w
a week ago	-1w
one week ago	-1w
1 week ago	-1w
ek soptaho age	-1w
ek soptah age	-1w
ek saptah age	-1w
এক সপ্তাহ আগে	-1w
sat din age	-1w
saat din age	-1w
7 din age	-1w
৭ দিন আগে	-1w
week after next	+2w
the week after next	+2w
in two weeks	+2w
in 2 weeks	+2w
after 2 weeks	+2w
after two weeks	+2w
2 weeks from now	+2w
two weeks from now	+2w
fortnight	+2w
a fortnight	+2w
in a fortnight	+2w
dui soptaho por	+2w
dui soptah por	+2w
dui saptah por	+2w
2 soptaho por	+2w
২ সপ্তাহ পর	+2w
দুই সপ্তাহ পর	+2w
পনেরো দিন পর	+2w
ponero din por	+2w
15 din por	+2w
১৫ দিন পর	+2w
pandero din por	+2w
two weeks ago	-2w
2 weeks ago	-2w
a fortnight ago	-2w
dui soptaho age	-2w
dui saptah age	-2w
2 soptaho age	-2w
২ সপ্তাহ আগে	-2w
দুই সপ্তাহ আগে	-2w
in three weeks	+3w
in 3 weeks	+3w
after 3 weeks	+3w
3 weeks from now	+3w
three weeks from now	+3w
tin soptaho por	+3w
tin saptah por	+3w
৩ সপ্তাহ পর	+3w
তিন সপ্তাহ পর	+3w
this month	+0m
this mon	+0m
ei mashe	+0m
ei mase	+0m
ei mash e	+0m
ei mas e	+0m
e mashe	+0m
ei maashe	+0m
chalti mashe	+0m
cholti mashe	+0m
এই মাসে	+0m
এই মাস	+0m
চলতি মাসে	+0m
চলতি মাস	+0m
next month	+1m
next mon	+1m
nxt month	+1m
nxt mon	+1m
coming month	+1m
upcoming month	+1m
the coming month	+1m
agami mashe	+1m
agami mase	+1m
agami mash e	+1m
agami mas e	+1m
agamir mashe	+1m
porer mashe	+1m
porer mase	+1m
porer mash e	+1m
porer mas e	+1m
poroborti mashe	+1m
poroborti mase	+1m
আগামী মাসে	+1m
আগামী মাস	+1m
পরের মাসে	+1m
পরের মাস	+1m
পরবর্তী মাসে	+1m
in a month	+1m
in 1 month	+1m
in one month	+1m
after a month	+1m
after 1 month	+1m
after one month	+1m
a month from now	+1m
one month from now	+1m
1 month from now	+1m
ek mas por	+1m
ek mash por	+1m
ek maas por	+1m
এক মাস পর	+1m
এক মাসের মধ্যে	+1m
ek maser moddhe	+1m
ek masher moddhe	+1m
thirty days	+1m
in thirty days	+1m
in 30 days	+1m
after 30 days	+1m
30 din por	+1m
৩০ দিন পর	+1m
tirish din por	+1m
trish din por	+1m
trisho din por	+1m
last month	-1m
prev month	-1m
previous month	-1m
past month	-1m
the past month	-1m
the previous month	-1m
gato mashe	-1m
gato mase	-1m
gato mash e	-1m
gato mas e	-1m
gotomashe	-1m
gotomase	-1m
gata mashe	-1m
ager mashe	-1m
ager mase	-1m
ager mash e	-1m
ager mas e	-1m
আগের মাসে	-1m
গত মাসে	-1m
গত মাস	-1m
আগের মাস	-1m
a month ago	-1m
one month ago	-1m
1 month ago	-1m
ek mas age	-1m
ek mash age	-1m
ek maas age	-1m
এক মাস আগে	-1m
30 din age	-1m
৩০ দিন আগে	-1m
month after next	+2m
the month after next	+2m
in two months	+2m
in 2 months	+2m
after 2 months	+2m
after two months	+2m
2 months from now	+2m
two months from now	+2m
dui mas por	+2m
dui mash por	+2m
2 mas por	+2m
২ মাস পর	+2m
দুই মাস পর	+2m
two months ago	-2m
2 months ago	-2m
dui mas age	-2m
dui mash age	-2m
2 mas age	-2m
২ মাস আগে	-2m
দুই মাস আগে	-2m
in three months	+3m
in 3 months	+3m
after 3 months	+3m
after three months	+3m
3 months from now	+3m
three months from now	+3m
tin mas por	+3m
tin mash por	+3m
3 mas por	+3m
৩ মাস পর	+3m
তিন মাস পর	+3m
next quarter	+3m
the next quarter	+3m
agami quarter	+3m
porer quarter	+3m
in a quarter	+3m
quarter from now	+3m
in six months	+6m
in 6 months	+6m
after 6 months	+6m
after six months	+6m
6 months from now	+6m
six months from now	+6m
half a year	+6m
half year	+6m
in half a year	+6m
choy mas por	+6m
choy mash por	+6m
6 mas por	+6m
৬ মাস পর	+6m
ছয় মাস পর	+6m
half yearly	+6m
half-yearly	+6m
six monthly	+6m
six-monthly	+6m
this year	+0y
this yr	+0y
ei bochor	+0y
ei bosor	+0y
ei bochhor	+0y
ei bosshor	+0y
e bochor	+0y
chalti bochor	+0y
এই বছর	+0y
এই বছরে	+0y
এই বছরই	+0y
চলতি বছর	+0y
চলতি বছরে	+0y
next year	+1y
next yr	+1y
nxt year	+1y
nxt yr	+1y
coming year	+1y
upcoming year	+1y
the coming year	+1y
agami bochor	+1y
agami bosor	+1y
agami bochhor	+1y
agami bosshor	+1y
agamir bochor	+1y
porer bochor	+1y
porer bosor	+1y
porer bochhor	+1y
porer bosshor	+1y
poroborti bochor	+1y
poroborti bosor	+1y
আগামী বছর	+1y
আগামী বছরে	+1y
পরের বছর	+1y
পরের বছরে	+1y
পরবর্তী বছর	+1y
in a year	+1y
in 1 year	+1y
in one year	+1y
after a year	+1y
after 1 year	+1y
after one year	+1y
a year from now	+1y
one year from now	+1y
1 year from now	+1y
ek bochor por	+1y
ek bosor por	+1y
এক বছর পর	+1y
এক বছরের মধ্যে	+1y
last year	-1y
prev year	-1y
previous year	-1y
past year	-1y
the past year	-1y
the previous year	-1y
gato bochor	-1y
gato bosor	-1y
gato bochhor	-1y
gato bosshor	-1y
gotobochor	-1y
gotobosor	-1y
ager bochor	-1y
ager bosor	-1y
ager bochhor	-1y
ager bosshor	-1y
আগের বছর	-1y
গত বছর	-1y
গত বছরে	-1y
আগের বছরে	-1y
a year ago	-1y
one year ago	-1y
1 year ago	-1y
ek bochor age	-1y
ek bosor age	-1y
এক বছর আগে	-1y
in two years	+2y
in 2 years	+2y
after 2 years	+2y
after two years	+2y
2 years from now	+2y
two years from now	+2y
dui bochor por	+2y
dui bosor por	+2y
2 bochor por	+2y
২ বছর পর	+2y
দুই বছর পর	+2y
two years ago	-2y
2 years ago	-2y
dui bochor age	-2y
dui bosor age	-2y
2 bochor age	-2y
২ বছর আগে	-2y
দুই বছর আগে	-2y
end of the month	@eom
end of month	@eom
end of this month	@eom
month end	@eom
month-end	@eom
monthend	@eom
eom	@eom
by eom	@eom
by month end	@eom
by the end of the month	@eom
by the end of this month	@eom
at the end of the month	@eom
mash shesh	@eom
mash sesh	@eom
mash sheshe	@eom
mash seshe	@eom
mase shesh	@eom
mase sesh	@eom
maser shesh	@eom
maser sesh	@eom
maser sheshe	@eom
maser seshe	@eom
mash er shesh	@eom
mash er sesh	@eom
mashe shesh	@eom
mashe sesh	@eom
mash er sheshe	@eom
mash er seshe	@eom
মাস শেষ	@eom
মাস শেষে	@eom
মাসের শেষ	@eom
মাসের শেষে	@eom
মাসের শেষ দিকে	@eom
মাস শেষ হলে	@eom
মাসশেষে	@eom
মাসান্তে	@eom
month shesh	@eom
month sesh	@eom
month shesh e	@eom
month sesh e	@eom
start of the month	@som
start of month	@som
beginning of the month	@som
beginning of month	@som
first of the month	@som
1st of the month	@som
month start	@som
month-start	@som
monthstart	@som
som	@som
by som	@som
mash shuru	@som
mash suru	@som
mash shuruta	@som
mash suruta	@som
mash er shuru	@som
mash er suru	@som
mashe shuru	@som
mashe suru	@som
maser shuru	@som
maser suru	@som
maser shuruta	@som
maser suruta	@som
মাস শুরু	@som
মাস শুরুতে	@som
মাসের শুরু	@som
মাসের শুরুতে	@som
মাসের প্রথম দিন	@som
মাসের প্রথম তারিখ	@som
মাসের এক তারিখ	@som
মাসের ১ তারিখ	@som
মাসের পহেলা	@som
pohela	@som
pohela tarikh	@som
pohela tarikhe	@som
pohela tarik	@som
পহেলা	@som
পহেলা তারিখ	@som
middle of the month	@mom
middle of month	@mom
mid month	@mom
mid-month	@mom
midmonth	@mom
mid of the month	@mom
mid of month	@mom
half of the month	@mom
mom	@mom
by mid month	@mom
by mid-month	@mom
mash er majhamajhi	@mom
mash majhamajhi	@mom
mashe majhamajhi	@mom
maser majhamajhi	@mom
maser majhe	@mom
maser moddhe	@mom
mash er moddhe	@mom
মাসের মাঝামাঝি	@mom
মাসের মাঝে	@mom
মাসের মধ্যে	@mom
মাঝামাঝি সময়ে	@mom
mid-mash	@mom
midmash	@mom
beginning of next month	@som+1m
start of next month	@som+1m
first of next month	@som+1m
1st of next month	@som+1m
beginning of the next month	@som+1m
start of the next month	@som+1m
first of the next month	@som+1m
1st of the next month	@som+1m
next month start	@som+1m
next month beginning	@som+1m
agami mash er shuru	@som+1m
agami mash er suru	@som+1m
agami mashe shuru	@som+1m
agami mashe suru	@som+1m
poror mash er shuru	@som+1m
poror mash er suru	@som+1m
porer mash er shuru	@som+1m
porer mash er suru	@som+1m
পরের মাসের শুরু	@som+1m
পরের মাসের শুরুতে	@som+1m
আগামী মাসের শুরু	@som+1m
আগামী মাসের শুরুতে	@som+1m
পরের মাসের এক তারিখ	@som+1m
পরের মাসের ১ তারিখ	@som+1m
আগামী মাসের এক তারিখ	@som+1m
আগামী মাসের ১ তারিখ	@som+1m
পরের মাসের পহেলা	@som+1m
আগামী মাসের পহেলা	@som+1m
end of next month	@eom+1m
end of the next month	@eom+1m
next month end	@eom+1m
next month-end	@eom+1m
agami mash er shesh	@eom+1m
agami mash er sesh	@eom+1m
agami mashe shesh	@eom+1m
agami mashe sesh	@eom+1m
porer mash er shesh	@eom+1m
porer mash er sesh	@eom+1m
পরের মাসের শেষ	@eom+1m
পরের মাসের শেষে	@eom+1m
আগামী মাসের শেষ	@eom+1m
আগামী মাসের শেষে	@eom+1m
end of the week	@eow
end of week	@eow
end of this week	@eow
week end	@eow
week-end	@eow
weekend end	@eow
eow	@eow
by eow	@eow
by week end	@eow
by the end of the week	@eow
by the end of this week	@eow
at the end of the week	@eow
soptaho shesh	@eow
soptaho sesh	@eow
soptaho sheshe	@eow
soptaho seshe	@eow
soptaha shesh	@eow
soptaha sesh	@eow
saptah shesh	@eow
saptah sesh	@eow
saptaher shesh	@eow
saptaher sesh	@eow
soptaher shesh	@eow
soptaher sesh	@eow
soptaher sheshe	@eow
saptaher sheshe	@eow
সপ্তাহ শেষ	@eow
সপ্তাহ শেষে	@eow
সপ্তাহের শেষ	@eow
সপ্তাহের শেষে	@eow
সপ্তাহান্তে	@eow
সপ্তাহের শেষ দিকে	@eow
start of the week	@sow
start of week	@sow
beginning of the week	@sow
beginning of week	@sow
week start	@sow
week-start	@sow
weekstart	@sow
sow	@sow
by sow	@sow
soptaho shuru	@sow
soptaho suru	@sow
soptaher shuru	@sow
soptaher suru	@sow
saptaher shuru	@sow
saptaher suru	@sow
সপ্তাহের শুরু	@sow
সপ্তাহের শুরুতে	@sow
সপ্তাহ শুরু	@sow
সপ্তাহ শুরুতে	@sow
start of next week	@sow+1w
beginning of next week	@sow+1w
next week start	@sow+1w
agami soptaher shuru	@sow+1w
agami saptaher shuru	@sow+1w
porer soptaher shuru	@sow+1w
porer saptaher shuru	@sow+1w
পরের সপ্তাহের শুরু	@sow+1w
পরের সপ্তাহের শুরুতে	@sow+1w
আগামী সপ্তাহের শুরু	@sow+1w
আগামী সপ্তাহের শুরুতে	@sow+1w
end of the year	@eoy
end of year	@eoy
end of this year	@eoy
year end	@eoy
year-end	@eoy
yearend	@eoy
eoy	@eoy
by eoy	@eoy
by year end	@eoy
by the end of the year	@eoy
by the end of this year	@eoy
at the end of the year	@eoy
bochor shesh	@eoy
bochor sesh	@eoy
bochor sheshe	@eoy
bochor seshe	@eoy
bosor shesh	@eoy
bosor sesh	@eoy
bochorer shesh	@eoy
bochorer sesh	@eoy
bosorer shesh	@eoy
bosorer sesh	@eoy
bochorer sheshe	@eoy
bosorer sheshe	@eoy
বছর শেষ	@eoy
বছর শেষে	@eoy
বছরের শেষ	@eoy
বছরের শেষে	@eoy
বছরান্তে	@eoy
বছরের শেষ দিকে	@eoy
december end	@eoy
dec end	@eoy
end of december	@eoy
end of dec	@eoy
31 december	@eoy
31 dec	@eoy
31st december	@eoy
31st dec	@eoy
৩১ ডিসেম্বর	@eoy
start of the year	@soy
start of year	@soy
beginning of the year	@soy
beginning of year	@soy
year start	@soy
year-start	@soy
yearstart	@soy
soy	@soy
by soy	@soy
bochor shuru	@soy
bochor suru	@soy
bochorer shuru	@soy
bochorer suru	@soy
bosorer shuru	@soy
bosorer suru	@soy
বছরের শুরু	@soy
বছরের শুরুতে	@soy
বছর শুরু	@soy
বছর শুরুতে	@soy
january start	@soy
jan start	@soy
start of january	@soy
start of jan	@soy
1 january	@soy
1 jan	@soy
1st january	@soy
1st jan	@soy
১ জানুয়ারি	@soy
new years day	@soy
new year's day	@soy
new year day	@soy
end of the day	@eod
end of day	@eod
end of the working day	@eod
end of working day	@eod
close of business	@eod
close of play	@eod
eod	@eod
cob	@eod
by eod	@eod
by cob	@eod
by end of day	@eod
by end of the day	@eod
by close of business	@eod
by close of play	@eod
by the end of the day	@eod
at the end of the day	@eod
din shesh	@eod
din sesh	@eod
din sheshe	@eod
din seshe	@eod
diner shesh	@eod
diner sesh	@eod
diner sheshe	@eod
diner seshe	@eod
দিন শেষ	@eod
দিন শেষে	@eod
দিনের শেষ	@eod
দিনের শেষে	@eod
দিনান্তে	@eod
office er por	@eod
office shesh	@eod
office sesh	@eod
office sheshe	@eod
office seshe	@eod
office chhutir por	@eod
office chutir por	@eod
অফিসের পর	@eod
অফিস শেষে	@eod
অফিস ছুটির পর	@eod
start of the day	@sod
start of day	@sod
beginning of the day	@sod
beginning of day	@sod
first thing	@sod
first thing in the morning	@sod
first thing tomorrow	@sod
first thing tomorrow morning	@sod
sod	@sod
by sod	@sod
start of business	@sod
start of play	@sod
opening of business	@sod
din shuru	@sod
din suru	@sod
diner shuru	@sod
diner suru	@sod
দিন শুরু	@sod
দিন শুরুতে	@sod
দিনের শুরু	@sod
দিনের শুরুতে	@sod
shokal er prothom kaj	@sod
shokaler prothom kaj	@sod
prothom kaj	@sod
প্রথম কাজ	@sod
end of the quarter	@eoq
end of quarter	@eoq
quarter end	@eoq
quarter-end	@eoq
quarterend	@eoq
eoq	@eoq
by eoq	@eoq
by quarter end	@eoq
by the end of the quarter	@eoq
q end	@eoq
q-end	@eoq
quarter shesh	@eoq
quarter sesh	@eoq
quarter er shesh	@eoq
quarter er sesh	@eoq
start of the quarter	@soq
start of quarter	@soq
beginning of the quarter	@soq
beginning of quarter	@soq
quarter start	@soq
quarter-start	@soq
quarterstart	@soq
soq	@soq
by soq	@soq
quarter shuru	@soq
quarter suru	@soq
quarter er shuru	@soq
quarter er suru	@soq
weekend	@weekend
the weekend	@weekend
this weekend	@weekend
coming weekend	@weekend
upcoming weekend	@weekend
this coming weekend	@weekend
this wknd	@weekend
this wkend	@weekend
wknd	@weekend
wkend	@weekend
weekends	@weekend
on weekends	@weekend
on the weekend	@weekend
over the weekend	@weekend
during the weekend	@weekend
weekend e	@weekend
weekend a	@weekend
weekend er	@weekend
weekend er jonno	@weekend
weekend ey	@weekend
weekend theke	@weekend
weekend porjonto	@weekend
weekend por	@weekend
weekend age	@weekend
ei weekend	@weekend
e weekend	@weekend
ei weekend e	@weekend
ei weekend ey	@weekend
ei weekend a	@weekend
ei soptaho shesh	@weekend
ei soptah shesh	@weekend
ei saptah shesh	@weekend
ei soptahe shesh	@weekend
ei saptahe shesh	@weekend
এই উইকেন্ডে	@weekend
এই উইকেন্ড	@weekend
উইকেন্ড	@weekend
উইকএন্ড	@weekend
সপ্তাহান্ত	@weekend
এই সপ্তাহান্তে	@weekend
ছুটির দিন	@weekend
ছুটির দিনে	@weekend
chhutir din	@weekend
chutir din	@weekend
chhutir diner	@weekend
chutir diner	@weekend
chhutir dine	@weekend
chutir dine	@weekend
chhutir diner jonno	@weekend
chutir diner jonno	@weekend
chhutir din e	@weekend
chutir din e	@weekend
next weekend	@weekend+1w
the next weekend	@weekend+1w
following weekend	@weekend+1w
the following weekend	@weekend+1w
weekend after next	@weekend+1w
agami weekend	@weekend+1w
porer weekend	@weekend+1w
agami weekend e	@weekend+1w
porer weekend e	@weekend+1w
আগামী উইকেন্ডে	@weekend+1w
পরের উইকেন্ডে	@weekend+1w
পরের উইকেন্ড	@weekend+1w
আগামী উইকেন্ড	@weekend+1w
agami chhutir din	@weekend+1w
porer chhutir din	@weekend+1w
agami chutir din	@weekend+1w
porer chutir din	@weekend+1w
আগামী ছুটির দিন	@weekend+1w
পরের ছুটির দিন	@weekend+1w
আগামী সপ্তাহান্তে	@weekend+1w
পরের সপ্তাহান্তে	@weekend+1w
weekday	@weekdays
weekdays	@weekdays
on weekdays	@weekdays
during weekdays	@weekdays
working day	@weekdays
working days	@weekdays
work day	@weekdays
work days	@weekdays
business day	@weekdays
business days	@weekdays
on business days	@weekdays
during business days	@weekdays
office day	@weekdays
office days	@weekdays
on office days	@weekdays
office dine	@weekdays
office er din	@weekdays
office er dine	@weekdays
office er diner	@weekdays
kajer din	@weekdays
kajer dine	@weekdays
kajer diner	@weekdays
kajer din e	@weekdays
কাজের দিন	@weekdays
কাজের দিনে	@weekdays
কাজের দিনগুলোতে	@weekdays
অফিসের দিন	@weekdays
অফিসের দিনে	@weekdays
সপ্তাহের কাজের দিনে	@weekdays
sunday to thursday	@weekdays
sun to thu	@weekdays
sun-thu	@weekdays
sun thru thu	@weekdays
sunday through thursday	@weekdays
shombar theke brihospotibar	@weekdays
robibar theke brihospotibar	@weekdays
রবি থেকে বৃহস্পতি	@weekdays
রবিবার থেকে বৃহস্পতিবার	@weekdays
monday to friday	@weekdays_mf
mon to fri	@weekdays_mf
mon-fri	@weekdays_mf
mon thru fri	@weekdays_mf
monday through friday	@weekdays_mf
m-f	@weekdays_mf
m to f	@weekdays_mf
weekdays only	@weekdays_mf
mon fri	@weekdays_mf
shombar theke shukrobar	@weekdays_mf
shombar theke sukrobar	@weekdays_mf
সোমবার থেকে শুক্রবার	@weekdays_mf
সোম থেকে শুক্র	@weekdays_mf
saturday and sunday	@weekend_ss
sat and sun	@weekend_ss
sat sun	@weekend_ss
sat-sun	@weekend_ss
sat & sun	@weekend_ss
weekends only	@weekend_ss
shanibar ar robibar	@weekend_ss
shanibar o robibar	@weekend_ss
sanibar ar robibar	@weekend_ss
sanibar o robibar	@weekend_ss
শনিবার ও রবিবার	@weekend_ss
শনি রবি	@weekend_ss
শনিবার আর রবিবার	@weekend_ss
friday and saturday	@weekend_fs
fri and sat	@weekend_fs
fri sat	@weekend_fs
fri-sat	@weekend_fs
fri & sat	@weekend_fs
shukrobar ar shanibar	@weekend_fs
shukrobar o shanibar	@weekend_fs
sukrobar ar sanibar	@weekend_fs
sukrobar o sanibar	@weekend_fs
শুক্রবার ও শনিবার	@weekend_fs
শুক্র শনি	@weekend_fs
শুক্রবার আর শনিবার	@weekend_fs
bd weekend	@weekend_fs
bangladesh weekend	@weekend_fs
bd weekend days	@weekend_fs
weekly holiday	@weekend_fs
weekly off	@weekend_fs
weekly off day	@weekend_fs
weekly holiday bd	@weekend_fs
sapthahik chhuti	@weekend_fs
saptahik chhuti	@weekend_fs
saptahik chuti	@weekend_fs
soptahik chhuti	@weekend_fs
soptahik chuti	@weekend_fs
সাপ্তাহিক ছুটি	@weekend_fs
সাপ্তাহিক ছুটির দিন	@weekend_fs
সাপ্তাহিক বন্ধ	@weekend_fs
holiday	@holiday
holidays	@holiday
public holiday	@holiday
public holidays	@holiday
bank holiday	@holiday
bank holidays	@holiday
national holiday	@holiday
national holidays	@holiday
govt holiday	@holiday
govt holidays	@holiday
government holiday	@holiday
government holidays	@holiday
festival holiday	@holiday
festival holidays	@holiday
off day	@holiday
off days	@holiday
day off	@holiday
days off	@holiday
sarkari chhuti	@holiday
sarkari chuti	@holiday
sarkari chhutir din	@holiday
sarkari chutir din	@holiday
sorkari chhuti	@holiday
sorkari chuti	@holiday
shorkari chhuti	@holiday
shorkari chuti	@holiday
সরকারি ছুটি	@holiday
সরকারি ছুটির দিন	@holiday
সরকারি বন্ধ	@holiday
বন্ধের দিন	@holiday
বন্ধের দিনে	@holiday
bondher din	@holiday
bondher dine	@holiday
bandher din	@holiday
bandher dine	@holiday
bondh	@holiday
bondh thakbe	@holiday
bandh thakbe	@holiday
bondho	@holiday
bondho thakbe	@holiday
bondho thake	@holiday
before eid	<@eid
eid er age	<@eid
eid er agey	<@eid
eider age	<@eid
eider agey	<@eid
ঈদের আগে	<@eid
ঈদের আগেই	<@eid
ঈদের পূর্বে	<@eid
eid er purbe	<@eid
eider purbe	<@eid
eid er purbei	<@eid
eider purbei	<@eid
pre eid	<@eid
pre-eid	<@eid
preeid	<@eid
after eid	>@eid
eid er por	>@eid
eid er pore	>@eid
eider por	>@eid
eider pore	>@eid
ঈদের পর	>@eid
ঈদের পরে	>@eid
ঈদের পরেই	>@eid
eid er porei	>@eid
eider porei	>@eid
post eid	>@eid
post-eid	>@eid
posteid	>@eid
eid er pare	>@eid
eider pare	>@eid
on eid	@eid
eid day	@eid
eid er din	@eid
eid er dine	@eid
eider din	@eid
eider dine	@eid
ঈদের দিন	@eid
ঈদের দিনে	@eid
eid e	@eid
eid a	@eid
eid ey	@eid
eid er shokal	@eid
eid er sokal	@eid
eider shokal	@eid
eider sokal	@eid
ঈদের সকালে	@eid
eid morning	@eid
eid er raat	@eid
eid er rat	@eid
eider raat	@eid
eider rat	@eid
chand raat	@eid
chand rat	@eid
চাঁদ রাত	@eid
চাঁদ রাতে	@eid
chand raate	@eid
chand rate	@eid
eve of eid	@eid
eid eve	@eid
before ramadan	<@ramadan
ramadan er age	<@ramadan
ramadan er agey	<@ramadan
ramzan er age	<@ramadan
ramzan er agey	<@ramadan
ramjan er age	<@ramadan
ramjan er agey	<@ramadan
রমজানের আগে	<@ramadan
রমযানের আগে	<@ramadan
রমাদানের আগে	<@ramadan
রমজানের আগেই	<@ramadan
রমজানের পূর্বে	<@ramadan
pre ramadan	<@ramadan
pre-ramadan	<@ramadan
preramadan	<@ramadan
pre ramzan	<@ramadan
pre-ramzan	<@ramadan
preramzan	<@ramadan
during ramadan	@ramadan
in ramadan	@ramadan
ramadan e	@ramadan
ramadan a	@ramadan
ramadan ey	@ramadan
ramzan e	@ramadan
ramzan a	@ramadan
ramzan ey	@ramadan
ramjan e	@ramadan
ramjan a	@ramadan
ramjan ey	@ramadan
রমজানে	@ramadan
রমযানে	@ramadan
রমাদানে	@ramadan
রমজান মাসে	@ramadan
রমযান মাসে	@ramadan
রমাদান মাসে	@ramadan
ramadan month	@ramadan
ramzan month	@ramadan
ramjan month	@ramadan
ramadan er somoy	@ramadan
ramzan er somoy	@ramadan
ramjan er somoy	@ramadan
ramadan er shomoy	@ramadan
ramzan er shomoy	@ramadan
ramjan er shomoy	@ramadan
ramadan er maase	@ramadan
ramzan er maase	@ramadan
ramjan er maase	@ramadan
after ramadan	>@ramadan
ramadan er por	>@ramadan
ramadan er pore	>@ramadan
ramzan er por	>@ramadan
ramzan er pore	>@ramadan
ramjan er por	>@ramadan
ramjan er pore	>@ramadan
রমজানের পর	>@ramadan
রমযানের পর	>@ramadan
রমাদানের পর	>@ramadan
রমজানের পরে	>@ramadan
রমযানের পরে	>@ramadan
রমাদানের পরে	>@ramadan
post ramadan	>@ramadan
post-ramadan	>@ramadan
postramadan	>@ramadan
post ramzan	>@ramadan
post-ramzan	>@ramadan
postramzan	>@ramadan
on new year	@newyear
new year	@newyear
new years	@newyear
new year's	@newyear
new years eve	@newyear
new year's eve	@newyear
nye	@newyear
hny	@newyear
happy new year	@newyear
naboborsho	@newyear
nababarsha	@newyear
noboborsho	@newyear
nobo borsho	@newyear
নববর্ষ	@newyear
নববর্ষে	@newyear
নববর্ষের দিন	@newyear
নতুন বছর	@newyear
নতুন বছরে	@newyear
নতুন বছরের দিন	@newyear
pohela boishakh	@pohela_boishakh
pohela baishakh	@pohela_boishakh
pahela baishakh	@pohela_boishakh
pohela boisakh	@pohela_boishakh
pohela baisakh	@pohela_boishakh
bangla new year	@pohela_boishakh
bengali new year	@pohela_boishakh
boishakh er prothom din	@pohela_boishakh
boishakh er pohela	@pohela_boishakh
boishakhi	@pohela_boishakh
boishakhi mela	@pohela_boishakh
পহেলা বৈশাখ	@pohela_boishakh
পয়লা বৈশাখ	@pohela_boishakh
বাংলা নববর্ষ	@pohela_boishakh
বৈশাখী	@pohela_boishakh
বৈশাখী মেলা	@pohela_boishakh
14 april	@pohela_boishakh
14 apr	@pohela_boishakh
april 14	@pohela_boishakh
apr 14	@pohela_boishakh
১৪ এপ্রিল	@pohela_boishakh
independence day	@independence_day
swadhinota dibosh	@independence_day
shadhinota dibosh	@independence_day
swadhinata dibas	@independence_day
shadhinata dibas	@independence_day
স্বাধীনতা দিবস	@independence_day
স্বাধীনতা দিবসে	@independence_day
26 march	@independence_day
26 mar	@independence_day
march 26	@independence_day
mar 26	@independence_day
২৬ মার্চ	@independence_day
৯ ২৬ মার্চ	@independence_day
victory day	@victory_day
bijoy dibosh	@victory_day
bijoy dibas	@victory_day
bijoy dibos	@victory_day
বিজয় দিবস	@victory_day
বিজয় দিবসে	@victory_day
16 december	@victory_day
16 dec	@victory_day
december 16	@victory_day
dec 16	@victory_day
১৬ ডিসেম্বর	@victory_day
language martyrs day	@ekushey
international mother language day	@ekushey
shaheed dibosh	@ekushey
shahid dibosh	@ekushey
shahid dibas	@ekushey
ekushey february	@ekushey
ekushe february	@ekushey
21 february	@ekushey
21 feb	@ekushey
february 21	@ekushey
feb 21	@ekushey
২১ ফেব্রুয়ারি	@ekushey
একুশে ফেব্রুয়ারি	@ekushey
শহীদ দিবস	@ekushey
একুশে	@ekushey
ekushey	@ekushey
ekushe	@ekushey
ekushey feb	@ekushey
noon	12:00
midday	12:00
mid day	12:00
mid-day	12:00
12 noon	12:00
12 o'clock noon	12:00
at noon	12:00
by noon	12:00
around noon	12:00
till noon	12:00
until noon	12:00
before noon	12:00
after noon	12:00
dupur	12:00
dupure	12:00
dupur bela	12:00
dupur belay	12:00
dupurbela	12:00
dupur belate	12:00
duphur	12:00
duphure	12:00
dupur ta	12:00
dupur ta e	12:00
দুপুর	12:00
দুপুরে	12:00
দুপুর বেলা	12:00
দুপুরবেলা	12:00
দুপুর বেলায়	12:00
দুপুরবেলায়	12:00
দুপুরের সময়	12:00
দুপুর বারোটা	12:00
দুপুর ১২টা	12:00
midnight	00:00
mid night	00:00
mid-night	00:00
12 midnight	00:00
at midnight	00:00
by midnight	00:00
around midnight	00:00
till midnight	00:00
until midnight	00:00
before midnight	00:00
after midnight	00:00
12 am	00:00
12am	00:00
12:00 am	00:00
12:00am	00:00
00:00	00:00
0:00	00:00
midnight e	00:00
adhi raat	00:00
adhiraat	00:00
adho raat	00:00
adhoraat	00:00
adhi rat	00:00
adhirat	00:00
moddho raat	00:00
moddhoraat	00:00
moddho rat	00:00
moddhorat	00:00
modhyo raat	00:00
modhyoraat	00:00
modhya raat	00:00
modhyaraat	00:00
mojhrat	00:00
majh raat	00:00
majhraat	00:00
majh rat	00:00
majhrat	00:00
majhe raat	00:00
majher raat	00:00
মধ্যরাত	00:00
মধ্যরাতে	00:00
মাঝরাত	00:00
মাঝরাতে	00:00
মাঝ রাতে	00:00
আধা রাত	00:00
আধারাত	00:00
রাত বারোটা	00:00
রাত ১২টা	00:00
half past midnight	00:30
12:30 am	00:30
12:30am	00:30
00:30	00:30
0:30	00:30
saarhe baro ta raat	00:30
sharhe baro ta raat	00:30
sarhe baro ta raat	00:30
রাত সাড়ে বারোটা	00:30
one o'clock	01:00
1 o'clock	01:00
1 oclock	01:00
1 o clock	01:00
1 am	01:00
1am	01:00
1:00 am	01:00
1:00am	01:00
01:00	01:00
1:00	01:00
ek tay raat	01:00
ek ta raat	01:00
রাত একটা	01:00
রাত ১টা	01:00
রাত ১টায়	01:00
2 am	02:00
2am	02:00
2:00 am	02:00
2:00am	02:00
02:00	02:00
2:00	02:00
dui tay raat	02:00
dui ta raat	02:00
2 tay raat	02:00
2 ta raat	02:00
রাত দুইটা	02:00
রাত ২টা	02:00
রাত ২টায়	02:00
রাত দুটো	02:00
রাত দুটোয়	02:00
3 am	03:00
3am	03:00
3:00 am	03:00
3:00am	03:00
03:00	03:00
3:00	03:00
tin tay raat	03:00
tin ta raat	03:00
3 tay raat	03:00
3 ta raat	03:00
রাত তিনটা	03:00
রাত ৩টা	03:00
রাত ৩টায়	03:00
রাত তিনটায়	03:00
4 am	04:00
4am	04:00
4:00 am	04:00
4:00am	04:00
04:00	04:00
4:00	04:00
char tay bhore	04:00
char ta bhore	04:00
chaar tay bhore	04:00
4 tay bhore	04:00
4 ta bhore	04:00
ভোর চারটা	04:00
ভোর ৪টা	04:00
ভোর ৪টায়	04:00
ভোর চারটায়	04:00
5 am	05:00
5am	05:00
5:00 am	05:00
5:00am	05:00
05:00	05:00
5:00	05:00
paanch tay bhore	05:00
pach tay bhore	05:00
panch tay bhore	05:00
paanch ta bhore	05:00
pach ta bhore	05:00
panch ta bhore	05:00
5 tay bhore	05:00
5 ta bhore	05:00
ভোর পাঁচটা	05:00
ভোর ৫টা	05:00
ভোর ৫টায়	05:00
ভোর পাঁচটায়	05:00
6 am	06:00
6am	06:00
6:00 am	06:00
6:00am	06:00
06:00	06:00
6:00	06:00
choy tay shokale	06:00
choy ta shokale	06:00
choy tay sokale	06:00
choy ta sokale	06:00
choy tay bhore	06:00
choy ta bhore	06:00
6 tay shokale	06:00
6 ta shokale	06:00
6 tay sokale	06:00
6 ta sokale	06:00
সকাল ছয়টা	06:00
সকাল ৬টা	06:00
সকাল ৬টায়	06:00
সকাল ছয়টায়	06:00
ভোর ছয়টা	06:00
ভোর ৬টা	06:00
7 am	07:00
7am	07:00
7:00 am	07:00
7:00am	07:00
07:00	07:00
7:00	07:00
saat tay shokale	07:00
saat ta shokale	07:00
sat tay shokale	07:00
sat ta shokale	07:00
saat tay sokale	07:00
saat ta sokale	07:00
sat tay sokale	07:00
sat ta sokale	07:00
7 tay shokale	07:00
7 ta shokale	07:00
7 tay sokale	07:00
7 ta sokale	07:00
সকাল সাতটা	07:00
সকাল ৭টা	07:00
সকাল ৭টায়	07:00
সকাল সাতটায়	07:00
8 am	08:00
8am	08:00
8:00 am	08:00
8:00am	08:00
08:00	08:00
8:00	08:00
aat tay shokale	08:00
aat ta shokale	08:00
at tay shokale	08:00
at ta shokale	08:00
aat tay sokale	08:00
aat ta sokale	08:00
at tay sokale	08:00
at ta sokale	08:00
8 tay shokale	08:00
8 ta shokale	08:00
8 tay sokale	08:00
8 ta sokale	08:00
সকাল আটটা	08:00
সকাল ৮টা	08:00
সকাল ৮টায়	08:00
সকাল আটটায়	08:00
9 am	09:00
9am	09:00
9:00 am	09:00
9:00am	09:00
09:00	09:00
9:00	09:00
noy tay shokale	09:00
noy ta shokale	09:00
noy tay sokale	09:00
noy ta sokale	09:00
9 tay shokale	09:00
9 ta shokale	09:00
9 tay sokale	09:00
9 ta sokale	09:00
সকাল নয়টা	09:00
সকাল ৯টা	09:00
সকাল ৯টায়	09:00
সকাল নয়টায়	09:00
10 am	10:00
10am	10:00
10:00 am	10:00
10:00am	10:00
10:00	10:00
dosh tay shokale	10:00
dosh ta shokale	10:00
dosh tay sokale	10:00
dosh ta sokale	10:00
10 tay shokale	10:00
10 ta shokale	10:00
10 tay sokale	10:00
10 ta sokale	10:00
সকাল দশটা	10:00
সকাল ১০টা	10:00
সকাল ১০টায়	10:00
সকাল দশটায়	10:00
11 am	11:00
11am	11:00
11:00 am	11:00
11:00am	11:00
11:00	11:00
egaro tay shokale	11:00
egaro ta shokale	11:00
egaro tay sokale	11:00
egaro ta sokale	11:00
11 tay shokale	11:00
11 ta shokale	11:00
11 tay sokale	11:00
11 ta sokale	11:00
সকাল এগারোটা	11:00
সকাল ১১টা	11:00
সকাল ১১টায়	11:00
সকাল এগারোটায়	11:00
12 pm	12:00
12pm	12:00
12:00 pm	12:00
12:00pm	12:00
12:00	12:00
baro tay dupure	12:00
baro ta dupure	12:00
12 tay dupure	12:00
12 ta dupure	12:00
দুপুর ১২টায়	12:00
দুপুর বারোটায়	12:00
1 pm	13:00
1pm	13:00
1:00 pm	13:00
1:00pm	13:00
13:00	13:00
ek tay dupure	13:00
ek ta dupure	13:00
1 tay dupure	13:00
1 ta dupure	13:00
দুপুর একটা	13:00
দুপুর ১টা	13:00
দুপুর ১টায়	13:00
দুপুর একটায়	13:00
2 pm	14:00
2pm	14:00
2:00 pm	14:00
2:00pm	14:00
14:00	14:00
dui tay dupure	14:00
dui ta dupure	14:00
2 tay dupure	14:00
2 ta dupure	14:00
দুপুর দুইটা	14:00
দুপুর ২টা	14:00
দুপুর ২টায়	14:00
দুপুর দুইটায়	14:00
দুপুর দুটো	14:00
দুপুর দুটোয়	14:00
3 pm	15:00
3pm	15:00
3:00 pm	15:00
3:00pm	15:00
15:00	15:00
tin tay bikele	15:00
tin ta bikele	15:00
tin tay bikale	15:00
tin ta bikale	15:00
3 tay bikele	15:00
3 ta bikele	15:00
3 tay bikale	15:00
3 ta bikale	15:00
বিকাল তিনটা	15:00
বিকেল তিনটা	15:00
বিকাল ৩টা	15:00
বিকেল ৩টা	15:00
বিকাল ৩টায়	15:00
বিকেল ৩টায়	15:00
4 pm	16:00
4pm	16:00
4:00 pm	16:00
4:00pm	16:00
16:00	16:00
char tay bikele	16:00
char ta bikele	16:00
char tay bikale	16:00
char ta bikale	16:00
chaar tay bikele	16:00
4 tay bikele	16:00
4 ta bikele	16:00
4 tay bikale	16:00
4 ta bikale	16:00
বিকাল চারটা	16:00
বিকেল চারটা	16:00
বিকাল ৪টা	16:00
বিকেল ৪টা	16:00
বিকাল ৪টায়	16:00
বিকেল ৪টায়	16:00
5 pm	17:00
5pm	17:00
5:00 pm	17:00
5:00pm	17:00
17:00	17:00
paanch tay bikele	17:00
pach tay bikele	17:00
panch tay bikele	17:00
paanch ta bikele	17:00
pach ta bikele	17:00
panch ta bikele	17:00
5 tay bikele	17:00
5 ta bikele	17:00
5 tay bikale	17:00
5 ta bikale	17:00
বিকাল পাঁচটা	17:00
বিকেল পাঁচটা	17:00
বিকাল ৫টা	17:00
বিকেল ৫টা	17:00
বিকাল ৫টায়	17:00
বিকেল ৫টায়	17:00
6 pm	18:00
6pm	18:00
6:00 pm	18:00
6:00pm	18:00
18:00	18:00
choy tay shondhay	18:00
choy ta shondhay	18:00
choy tay sondhay	18:00
choy ta sondhay	18:00
6 tay shondhay	18:00
6 ta shondhay	18:00
6 tay sondhay	18:00
6 ta sondhay	18:00
সন্ধ্যা ছয়টা	18:00
সন্ধ্যা ৬টা	18:00
সন্ধ্যা ৬টায়	18:00
সন্ধ্যা ছয়টায়	18:00
সন্ধ্যে ছয়টা	18:00
7 pm	19:00
7pm	19:00
7:00 pm	19:00
7:00pm	19:00
19:00	19:00
saat tay shondhay	19:00
saat ta shondhay	19:00
sat tay shondhay	19:00
sat ta shondhay	19:00
saat tay raate	19:00
saat ta raate	19:00
7 tay shondhay	19:00
7 ta shondhay	19:00
7 tay raate	19:00
7 ta raate	19:00
সন্ধ্যা সাতটা	19:00
সন্ধ্যা ৭টা	19:00
সন্ধ্যা ৭টায়	19:00
রাত সাতটা	19:00
রাত ৭টা	19:00
রাত ৭টায়	19:00
8 pm	20:00
8pm	20:00
8:00 pm	20:00
8:00pm	20:00
20:00	20:00
aat tay raate	20:00
aat ta raate	20:00
at tay raate	20:00
at ta raate	20:00
8 tay raate	20:00
8 ta raate	20:00
রাত আটটা	20:00
রাত ৮টা	20:00
রাত ৮টায়	20:00
রাত আটটায়	20:00
9 pm	21:00
9pm	21:00
9:00 pm	21:00
9:00pm	21:00
21:00	21:00
noy tay raate	21:00
noy ta raate	21:00
9 tay raate	21:00
9 ta raate	21:00
রাত নয়টা	21:00
রাত ৯টা	21:00
রাত ৯টায়	21:00
রাত নয়টায়	21:00
10 pm	22:00
10pm	22:00
10:00 pm	22:00
10:00pm	22:00
22:00	22:00
dosh tay raate	22:00
dosh ta raate	22:00
10 tay raate	22:00
10 ta raate	22:00
রাত দশটা	22:00
রাত ১০টা	22:00
রাত ১০টায়	22:00
রাত দশটায়	22:00
11 pm	23:00
11pm	23:00
11:00 pm	23:00
11:00pm	23:00
23:00	23:00
egaro tay raate	23:00
egaro ta raate	23:00
11 tay raate	23:00
11 ta raate	23:00
রাত এগারোটা	23:00
রাত ১১টা	23:00
রাত ১১টায়	23:00
রাত এগারোটায়	23:00
half past	offset:+30m
half-past	offset:+30m
half past the hour	offset:+30m
thirty past	offset:+30m
30 past	offset:+30m
30 minutes past	offset:+30m
30 min past	offset:+30m
sharhe	offset:+30m
sarhe	offset:+30m
saarhe	offset:+30m
sare	offset:+30m
sathe	offset:+30m
সাড়ে	offset:+30m
সাড়ে ঘণ্টা	offset:+30m
সাড়ে ঘন্টা	offset:+30m
quarter past	offset:+15m
quarter-past	offset:+15m
a quarter past	offset:+15m
fifteen past	offset:+15m
15 past	offset:+15m
15 minutes past	offset:+15m
15 min past	offset:+15m
sawa	offset:+15m
সোয়া	offset:+15m
soya	offset:+15m
shoya	offset:+15m
soa	offset:+15m
quarter to	offset:-15m
quarter-to	offset:-15m
a quarter to	offset:-15m
fifteen to	offset:-15m
15 to	offset:-15m
15 minutes to	offset:-15m
15 min to	offset:-15m
quarter till	offset:-15m
quarter of	offset:-15m
a quarter till	offset:-15m
a quarter of	offset:-15m
pawne	offset:-15m
paune	offset:-15m
pouney	offset:-15m
poune	offset:-15m
পৌনে	offset:-15m
পোনে	offset:-15m
ten past	offset:+10m
10 past	offset:+10m
10 minutes past	offset:+10m
10 min past	offset:+10m
five past	offset:+5m
5 past	offset:+5m
5 minutes past	offset:+5m
5 min past	offset:+5m
twenty past	offset:+20m
20 past	offset:+20m
20 minutes past	offset:+20m
20 min past	offset:+20m
twenty five past	offset:+25m
25 past	offset:+25m
25 minutes past	offset:+25m
25 min past	offset:+25m
ten to	offset:-10m
10 to	offset:-10m
10 minutes to	offset:-10m
10 min to	offset:-10m
ten till	offset:-10m
10 till	offset:-10m
five to	offset:-5m
5 to	offset:-5m
5 minutes to	offset:-5m
5 min to	offset:-5m
five till	offset:-5m
5 till	offset:-5m
twenty to	offset:-20m
20 to	offset:-20m
20 minutes to	offset:-20m
20 min to	offset:-20m
twenty till	offset:-20m
20 till	offset:-20m
twenty five to	offset:-25m
25 to	offset:-25m
25 minutes to	offset:-25m
25 min to	offset:-25m
twenty five till	offset:-25m
25 till	offset:-25m
sharp	offset:0m
on the dot	offset:0m
exactly	offset:0m
precisely	offset:0m
o'clock	offset:0m
oclock	offset:0m
o clock	offset:0m
sharp e	offset:0m
thik somoy	offset:0m
thik shomoy	offset:0m
thik time	offset:0m
thik tay	offset:0m
thik ta	offset:0m
ঠিক সময়ে	offset:0m
ঠিক সময়	offset:0m
ta baje	offset:0m
tay baje	offset:0m
টা বাজে	offset:0m
টায় বাজে	offset:0m
a.m.	ampm:am
a.m	ampm:am
ante meridiem	ampm:am
shokal	ampm:am
sokal	ampm:am
shokale	ampm:am
sokale	ampm:am
shokal bela	ampm:am
sokal bela	ampm:am
shokal belay	ampm:am
sokal belay	ampm:am
shokalbela	ampm:am
sokalbela	ampm:am
shokal belate	ampm:am
sokal belate	ampm:am
সকাল	ampm:am
সকালে	ampm:am
সকাল বেলা	ampm:am
সকালবেলা	ampm:am
সকাল বেলায়	ampm:am
সকালবেলায়	ampm:am
সকালের দিকে	ampm:am
সকালের সময়	ampm:am
p.m.	ampm:pm
p.m	ampm:pm
post meridiem	ampm:pm
afternoon pm	ampm:pm
evening pm	ampm:pm
night pm	ampm:pm
morning	daypart:morning
in the morning	daypart:morning
this morning	daypart:morning
early morning	daypart:morning
early in the morning	daypart:morning
morning time	daypart:morning
mornings	daypart:morning
every morning	daypart:morning
am time	daypart:morning
dawn	daypart:morning
daybreak	daypart:morning
sunrise	daypart:morning
sun rise	daypart:morning
bhor	daypart:morning
bhore	daypart:morning
bhor bela	daypart:morning
bhor belay	daypart:morning
bhorbela	daypart:morning
bhorbelay	daypart:morning
bhorer bela	daypart:morning
bhorer belay	daypart:morning
bhorer dike	daypart:morning
bhorer shomoy	daypart:morning
bhorer somoy	daypart:morning
ভোর	daypart:morning
ভোরে	daypart:morning
ভোর বেলা	daypart:morning
ভোরবেলা	daypart:morning
ভোর বেলায়	daypart:morning
ভোরবেলায়	daypart:morning
ভোরের দিকে	daypart:morning
ভোরের সময়	daypart:morning
প্রত্যুষে	daypart:morning
উষা	daypart:morning
ঊষা	daypart:morning
shokaler dike	daypart:morning
sokaler dike	daypart:morning
shokaler somoy	daypart:morning
sokaler somoy	daypart:morning
shokaler shomoy	daypart:morning
sokaler shomoy	daypart:morning
late morning	daypart:late_morning
late in the morning	daypart:late_morning
mid morning	daypart:late_morning
mid-morning	daypart:late_morning
midmorning	daypart:late_morning
brunch time	daypart:late_morning
brunch	daypart:late_morning
morning break	daypart:late_morning
tea time morning	daypart:late_morning
nasta time	daypart:late_morning
nasta somoy	daypart:late_morning
nasta shomoy	daypart:late_morning
nashta time	daypart:late_morning
nashta somoy	daypart:late_morning
nashta shomoy	daypart:late_morning
nastar somoy	daypart:late_morning
nastar shomoy	daypart:late_morning
nashtar somoy	daypart:late_morning
nashtar shomoy	daypart:late_morning
নাস্তার সময়	daypart:late_morning
নাস্তার সময়ে	daypart:late_morning
নাশতার সময়	daypart:late_morning
নাশতার সময়ে	daypart:late_morning
breakfast time	daypart:late_morning
breakfast somoy	daypart:late_morning
breakfast shomoy	daypart:late_morning
breakfaster somoy	daypart:late_morning
breakfaster shomoy	daypart:late_morning
afternoon	daypart:afternoon
in the afternoon	daypart:afternoon
this afternoon	daypart:afternoon
early afternoon	daypart:afternoon
late afternoon	daypart:afternoon
afternoons	daypart:afternoon
every afternoon	daypart:afternoon
after lunch	daypart:afternoon
after lunch time	daypart:afternoon
after lunchtime	daypart:afternoon
post lunch	daypart:afternoon
post-lunch	daypart:afternoon
postlunch	daypart:afternoon
lunch time	daypart:afternoon
lunchtime	daypart:afternoon
lunch hour	daypart:afternoon
lunch break	daypart:afternoon
lunch somoy	daypart:afternoon
lunch shomoy	daypart:afternoon
lunch er somoy	daypart:afternoon
lunch er shomoy	daypart:afternoon
lunch er por	daypart:afternoon
lunch er age	daypart:afternoon
lunch e	daypart:afternoon
lunch a	daypart:afternoon
lunch ey	daypart:afternoon
tiffin time	daypart:afternoon
tiffin somoy	daypart:afternoon
tiffin shomoy	daypart:afternoon
tiffiner somoy	daypart:afternoon
tiffiner shomoy	daypart:afternoon
dupurer por	daypart:afternoon
dupurer pore	daypart:afternoon
dupurer age	daypart:afternoon
dupurer agey	daypart:afternoon
dupurer dike	daypart:afternoon
dupurer somoy	daypart:afternoon
dupurer shomoy	daypart:afternoon
dupurbelay	daypart:afternoon
dupurer bela	daypart:afternoon
dupurer belay	daypart:afternoon
দুপুরের পর	daypart:afternoon
দুপুরের পরে	daypart:afternoon
দুপুরের দিকে	daypart:afternoon
দুপুরের আগে	daypart:afternoon
দুপুরের খাবারের পর	daypart:afternoon
দুপুরের খাবারের সময়	daypart:afternoon
দুপুরের খাওয়ার পর	daypart:afternoon
evening	daypart:evening
in the evening	daypart:evening
this evening	daypart:evening
early evening	daypart:evening
late evening	daypart:evening
evenings	daypart:evening
every evening	daypart:evening
eve time	daypart:evening
eve somoy	daypart:evening
eve shomoy	daypart:evening
dusk	daypart:evening
twilight	daypart:evening
sunset	daypart:evening
sun set	daypart:evening
sundown	daypart:evening
sun down	daypart:evening
golden hour	daypart:evening
after work	daypart:evening
after office	daypart:evening
post work	daypart:evening
post-work	daypart:evening
postwork	daypart:evening
post office	daypart:evening
post-office	daypart:evening
postoffice	daypart:evening
after school	daypart:evening
after college	daypart:evening
after class	daypart:evening
after classes	daypart:evening
after uni	daypart:evening
after varsity	daypart:evening
after tuition	daypart:evening
after coaching	daypart:evening
bikel	daypart:evening
bikele	daypart:evening
bikal	daypart:evening
bikale	daypart:evening
bikel bela	daypart:evening
bikel belay	daypart:evening
bikal bela	daypart:evening
bikal belay	daypart:evening
bikelbela	daypart:evening
bikalbela	daypart:evening
bikeler dike	daypart:evening
bikaler dike	daypart:evening
bikeler somoy	daypart:evening
bikaler somoy	daypart:evening
bikeler shomoy	daypart:evening
bikaler shomoy	daypart:evening
bikeler por	daypart:evening
bikaler por	daypart:evening
bikeler pore	daypart:evening
bikaler pore	daypart:evening
bikeler age	daypart:evening
bikaler age	daypart:evening
bikeler agey	daypart:evening
bikaler agey	daypart:evening
বিকাল	daypart:evening
বিকেল	daypart:evening
বিকালে	daypart:evening
বিকেলে	daypart:evening
বিকাল বেলা	daypart:evening
বিকেল বেলা	daypart:evening
বিকালবেলা	daypart:evening
বিকেলবেলা	daypart:evening
বিকাল বেলায়	daypart:evening
বিকেল বেলায়	daypart:evening
বিকালের দিকে	daypart:evening
বিকেলের দিকে	daypart:evening
বিকালের সময়	daypart:evening
বিকেলের সময়	daypart:evening
বিকালের পর	daypart:evening
বিকেলের পর	daypart:evening
বিকালের পরে	daypart:evening
বিকেলের পরে	daypart:evening
বিকালের আগে	daypart:evening
বিকেলের আগে	daypart:evening
afternoon tea	daypart:evening
tea time	daypart:evening
teatime	daypart:evening
tea break	daypart:evening
cha er somoy	daypart:evening
cha er shomoy	daypart:evening
cha time	daypart:evening
cha somoy	daypart:evening
cha shomoy	daypart:evening
chaa er somoy	daypart:evening
chaa er shomoy	daypart:evening
chaa time	daypart:evening
cha khawar somoy	daypart:evening
cha khawar shomoy	daypart:evening
চায়ের সময়	daypart:evening
চা খাওয়ার সময়	daypart:evening
চা-নাস্তার সময়	daypart:evening
চা নাস্তার সময়	daypart:evening
cha nasta time	daypart:evening
cha nasta somoy	daypart:evening
cha nasta shomoy	daypart:evening
cha nastar somoy	daypart:evening
cha nastar shomoy	daypart:evening
night	daypart:night
at night	daypart:night
this night	daypart:night
nights	daypart:night
every night	daypart:night
nighttime	daypart:night
night time	daypart:night
night-time	daypart:night
late night	daypart:night
late at night	daypart:night
late in the night	daypart:night
late evening night	daypart:night
midnight snack time	daypart:night
night shift	daypart:night
night duty	daypart:night
raat	daypart:night
raate	daypart:night
rat	daypart:night
rate	daypart:night
raat bela	daypart:night
raat belay	daypart:night
raatbela	daypart:night
raatbelay	daypart:night
raater bela	daypart:night
raater belay	daypart:night
raater dike	daypart:night
raater somoy	daypart:night
raater shomoy	daypart:night
raater por	daypart:night
raater pore	daypart:night
raater age	daypart:night
raater agey	daypart:night
rater dike	daypart:night
rater somoy	daypart:night
rater shomoy	daypart:night
rater por	daypart:night
rater pore	daypart:night
rater age	daypart:night
rater agey	daypart:night
ratri	daypart:night
ratrir dike	daypart:night
ratrir somoy	daypart:night
ratrir shomoy	daypart:night
রাত	daypart:night
রাতে	daypart:night
রাত্রি	daypart:night
রাত্রে	daypart:night
রাত বেলা	daypart:night
রাতবেলা	daypart:night
রাত বেলায়	daypart:night
রাতবেলায়	daypart:night
রাতের দিকে	daypart:night
রাতের সময়	daypart:night
রাতের পর	daypart:night
রাতের পরে	daypart:night
রাতের আগে	daypart:night
রাতের বেলা	daypart:night
রাতের বেলায়	daypart:night
রাতের খাবারের পর	daypart:night
রাতের খাবারের আগে	daypart:night
রাতের খাবারের সময়	daypart:night
রাতের খাওয়ার পর	daypart:night
রাতের খাওয়ার আগে	daypart:night
রাতে ঘুমানোর আগে	daypart:night
ঘুমানোর আগে	daypart:night
ঘুমানোর সময়	daypart:night
ঘুমাতে যাওয়ার আগে	daypart:night
ঘুমাতে যাওয়ার সময়	daypart:night
bedtime	daypart:night
bed time	daypart:night
before bed	daypart:night
before bedtime	daypart:night
before sleep	daypart:night
before sleeping	daypart:night
before sleeping time	daypart:night
before going to bed	daypart:night
before i sleep	daypart:night
ghumanor age	daypart:night
ghumanor agey	daypart:night
ghumanor somoy	daypart:night
ghumanor shomoy	daypart:night
ghumate jawar age	daypart:night
ghumate jawar agey	daypart:night
ghumate jawar somoy	daypart:night
ghumate jawar shomoy	daypart:night
ghumate jaoar age	daypart:night
ghumate jaoar agey	daypart:night
ghumate jaoar somoy	daypart:night
ghumate jaoar shomoy	daypart:night
shuye porar age	daypart:night
shuye porar agey	daypart:night
shuye porar somoy	daypart:night
shuye porar shomoy	daypart:night
shuye pora	daypart:night
shuite jawar age	daypart:night
shuite jawar agey	daypart:night
shuite jawar somoy	daypart:night
shuite jawar shomoy	daypart:night
shuite jaoar age	daypart:night
shuite jaoar agey	daypart:night
shuite jaoar somoy	daypart:night
shuite jaoar shomoy	daypart:night
shuar age	daypart:night
shuar agey	daypart:night
shuar somoy	daypart:night
shuar shomoy	daypart:night
dinner time	daypart:dinner
dinnertime	daypart:dinner
supper time	daypart:dinner
suppertime	daypart:dinner
after dinner	daypart:dinner
post dinner	daypart:dinner
post-dinner	daypart:dinner
postdinner	daypart:dinner
before dinner	daypart:dinner
pre dinner	daypart:dinner
pre-dinner	daypart:dinner
predinner	daypart:dinner
dinner er por	daypart:dinner
dinner er pore	daypart:dinner
dinner er age	daypart:dinner
dinner er agey	daypart:dinner
dinner er somoy	daypart:dinner
dinner er shomoy	daypart:dinner
dinner somoy	daypart:dinner
dinner shomoy	daypart:dinner
raater khabar er por	daypart:dinner
raater khabar er pore	daypart:dinner
raater khabarer por	daypart:dinner
raater khabarer pore	daypart:dinner
raater khabar er age	daypart:dinner
raater khabarer age	daypart:dinner
raater khabar er agey	daypart:dinner
raater khabarer agey	daypart:dinner
raater khabar er somoy	daypart:dinner
raater khabarer somoy	daypart:dinner
raater khabar er shomoy	daypart:dinner
raater khabarer shomoy	daypart:dinner
raater khawar por	daypart:dinner
raater khawar pore	daypart:dinner
raater khawar age	daypart:dinner
raater khawar agey	daypart:dinner
raater khawar somoy	daypart:dinner
raater khawar shomoy	daypart:dinner
raater khaoar por	daypart:dinner
raater khaoar pore	daypart:dinner
raater khaoar age	daypart:dinner
raater khaoar agey	daypart:dinner
raater khaoar somoy	daypart:dinner
raater khaoar shomoy	daypart:dinner
ratrir khabar er por	daypart:dinner
ratrir khabarer por	daypart:dinner
ratrir bhoj er por	daypart:dinner
ratrir bhojer por	daypart:dinner
রাতের খাবার	daypart:dinner
রাতের খাওয়া	daypart:dinner
after fajr	@fajr
fajr er por	@fajr
fajr er pore	@fajr
fajr porey	@fajr
before fajr	<@fajr
fajr er age	<@fajr
fajr er agey	<@fajr
at fajr	@fajr
by fajr	<@fajr
around fajr	~@fajr
fajr e	@fajr
fajr er somoy	@fajr
fajr er shomoy	@fajr
fajr time	@fajr
fajr এর পর	@fajr
fajr এর পরে	@fajr
fajr এর আগে	<@fajr
fajr এর সময়	@fajr
fajrর পর	@fajr
fajrর পরে	@fajr
fajrর আগে	<@fajr
fajrর সময়	@fajr
fajr পর	@fajr
fajr পরে	@fajr
fajr আগে	<@fajr
fajr এ	@fajr
fajr	@fajr
after fojor	@fajr
fojor er por	@fajr
fojor er pore	@fajr
fojor porey	@fajr
before fojor	<@fajr
fojor er age	<@fajr
fojor er agey	<@fajr
at fojor	@fajr
by fojor	<@fajr
around fojor	~@fajr
fojor e	@fajr
fojor er somoy	@fajr
fojor er shomoy	@fajr
fojor time	@fajr
fojor এর পর	@fajr
fojor এর পরে	@fajr
fojor এর আগে	<@fajr
fojor এর সময়	@fajr
fojorর পর	@fajr
fojorর পরে	@fajr
fojorর আগে	<@fajr
fojorর সময়	@fajr
fojor পর	@fajr
fojor পরে	@fajr
fojor আগে	<@fajr
fojor এ	@fajr
fojor	@fajr
after fozor	@fajr
fozor er por	@fajr
fozor er pore	@fajr
fozor porey	@fajr
before fozor	<@fajr
fozor er age	<@fajr
fozor er agey	<@fajr
at fozor	@fajr
by fozor	<@fajr
around fozor	~@fajr
fozor e	@fajr
fozor er somoy	@fajr
fozor er shomoy	@fajr
fozor time	@fajr
fozor এর পর	@fajr
fozor এর পরে	@fajr
fozor এর আগে	<@fajr
fozor এর সময়	@fajr
fozorর পর	@fajr
fozorর পরে	@fajr
fozorর আগে	<@fajr
fozorর সময়	@fajr
fozor পর	@fajr
fozor পরে	@fajr
fozor আগে	<@fajr
fozor এ	@fajr
fozor	@fajr
after fazr	@fajr
fazr er por	@fajr
fazr er pore	@fajr
fazr porey	@fajr
before fazr	<@fajr
fazr er age	<@fajr
fazr er agey	<@fajr
at fazr	@fajr
by fazr	<@fajr
around fazr	~@fajr
fazr e	@fajr
fazr er somoy	@fajr
fazr er shomoy	@fajr
fazr time	@fajr
fazr এর পর	@fajr
fazr এর পরে	@fajr
fazr এর আগে	<@fajr
fazr এর সময়	@fajr
fazrর পর	@fajr
fazrর পরে	@fajr
fazrর আগে	<@fajr
fazrর সময়	@fajr
fazr পর	@fajr
fazr পরে	@fajr
fazr আগে	<@fajr
fazr এ	@fajr
fazr	@fajr
after fajar	@fajr
fajar er por	@fajr
fajar er pore	@fajr
fajar porey	@fajr
before fajar	<@fajr
fajar er age	<@fajr
fajar er agey	<@fajr
at fajar	@fajr
by fajar	<@fajr
around fajar	~@fajr
fajar e	@fajr
fajar er somoy	@fajr
fajar er shomoy	@fajr
fajar time	@fajr
fajar এর পর	@fajr
fajar এর পরে	@fajr
fajar এর আগে	<@fajr
fajar এর সময়	@fajr
fajarর পর	@fajr
fajarর পরে	@fajr
fajarর আগে	<@fajr
fajarর সময়	@fajr
fajar পর	@fajr
fajar পরে	@fajr
fajar আগে	<@fajr
fajar এ	@fajr
fajar	@fajr
after fajr namaz	@fajr
fajr namaz er por	@fajr
fajr namaz er pore	@fajr
fajr namaz porey	@fajr
before fajr namaz	<@fajr
fajr namaz er age	<@fajr
fajr namaz er agey	<@fajr
at fajr namaz	@fajr
by fajr namaz	<@fajr
around fajr namaz	~@fajr
fajr namaz e	@fajr
fajr namaz er somoy	@fajr
fajr namaz er shomoy	@fajr
fajr namaz time	@fajr
fajr namaz এর পর	@fajr
fajr namaz এর পরে	@fajr
fajr namaz এর আগে	<@fajr
fajr namaz এর সময়	@fajr
fajr namazর পর	@fajr
fajr namazর পরে	@fajr
fajr namazর আগে	<@fajr
fajr namazর সময়	@fajr
fajr namaz পর	@fajr
fajr namaz পরে	@fajr
fajr namaz আগে	<@fajr
fajr namaz এ	@fajr
fajr namaz	@fajr
after fojor namaz	@fajr
fojor namaz er por	@fajr
fojor namaz er pore	@fajr
fojor namaz porey	@fajr
before fojor namaz	<@fajr
fojor namaz er age	<@fajr
fojor namaz er agey	<@fajr
at fojor namaz	@fajr
by fojor namaz	<@fajr
around fojor namaz	~@fajr
fojor namaz e	@fajr
fojor namaz er somoy	@fajr
fojor namaz er shomoy	@fajr
fojor namaz time	@fajr
fojor namaz এর পর	@fajr
fojor namaz এর পরে	@fajr
fojor namaz এর আগে	<@fajr
fojor namaz এর সময়	@fajr
fojor namazর পর	@fajr
fojor namazর পরে	@fajr
fojor namazর আগে	<@fajr
fojor namazর সময়	@fajr
fojor namaz পর	@fajr
fojor namaz পরে	@fajr
fojor namaz আগে	<@fajr
fojor namaz এ	@fajr
fojor namaz	@fajr
after fozor namaz	@fajr
fozor namaz er por	@fajr
fozor namaz er pore	@fajr
fozor namaz porey	@fajr
before fozor namaz	<@fajr
fozor namaz er age	<@fajr
fozor namaz er agey	<@fajr
at fozor namaz	@fajr
by fozor namaz	<@fajr
around fozor namaz	~@fajr
fozor namaz e	@fajr
fozor namaz er somoy	@fajr
fozor namaz er shomoy	@fajr
fozor namaz time	@fajr
fozor namaz এর পর	@fajr
fozor namaz এর পরে	@fajr
fozor namaz এর আগে	<@fajr
fozor namaz এর সময়	@fajr
fozor namazর পর	@fajr
fozor namazর পরে	@fajr
fozor namazর আগে	<@fajr
fozor namazর সময়	@fajr
fozor namaz পর	@fajr
fozor namaz পরে	@fajr
fozor namaz আগে	<@fajr
fozor namaz এ	@fajr
fozor namaz	@fajr
after fajr prayer	@fajr
fajr prayer er por	@fajr
fajr prayer er pore	@fajr
fajr prayer porey	@fajr
before fajr prayer	<@fajr
fajr prayer er age	<@fajr
fajr prayer er agey	<@fajr
at fajr prayer	@fajr
by fajr prayer	<@fajr
around fajr prayer	~@fajr
fajr prayer e	@fajr
fajr prayer er somoy	@fajr
fajr prayer er shomoy	@fajr
fajr prayer time	@fajr
fajr prayer এর পর	@fajr
fajr prayer এর পরে	@fajr
fajr prayer এর আগে	<@fajr
fajr prayer এর সময়	@fajr
fajr prayerর পর	@fajr
fajr prayerর পরে	@fajr
fajr prayerর আগে	<@fajr
fajr prayerর সময়	@fajr
fajr prayer পর	@fajr
fajr prayer পরে	@fajr
fajr prayer আগে	<@fajr
fajr prayer এ	@fajr
fajr prayer	@fajr
after fajr salah	@fajr
fajr salah er por	@fajr
fajr salah er pore	@fajr
fajr salah porey	@fajr
before fajr salah	<@fajr
fajr salah er age	<@fajr
fajr salah er agey	<@fajr
at fajr salah	@fajr
by fajr salah	<@fajr
around fajr salah	~@fajr
fajr salah e	@fajr
fajr salah er somoy	@fajr
fajr salah er shomoy	@fajr
fajr salah time	@fajr
fajr salah এর পর	@fajr
fajr salah এর পরে	@fajr
fajr salah এর আগে	<@fajr
fajr salah এর সময়	@fajr
fajr salahর পর	@fajr
fajr salahর পরে	@fajr
fajr salahর আগে	<@fajr
fajr salahর সময়	@fajr
fajr salah পর	@fajr
fajr salah পরে	@fajr
fajr salah আগে	<@fajr
fajr salah এ	@fajr
fajr salah	@fajr
after fajr salat	@fajr
fajr salat er por	@fajr
fajr salat er pore	@fajr
fajr salat porey	@fajr
before fajr salat	<@fajr
fajr salat er age	<@fajr
fajr salat er agey	<@fajr
at fajr salat	@fajr
by fajr salat	<@fajr
around fajr salat	~@fajr
fajr salat e	@fajr
fajr salat er somoy	@fajr
fajr salat er shomoy	@fajr
fajr salat time	@fajr
fajr salat এর পর	@fajr
fajr salat এর পরে	@fajr
fajr salat এর আগে	<@fajr
fajr salat এর সময়	@fajr
fajr salatর পর	@fajr
fajr salatর পরে	@fajr
fajr salatর আগে	<@fajr
fajr salatর সময়	@fajr
fajr salat পর	@fajr
fajr salat পরে	@fajr
fajr salat আগে	<@fajr
fajr salat এ	@fajr
fajr salat	@fajr
after ফজর	@fajr
ফজর er por	@fajr
ফজর er pore	@fajr
ফজর porey	@fajr
before ফজর	<@fajr
ফজর er age	<@fajr
ফজর er agey	<@fajr
at ফজর	@fajr
by ফজর	<@fajr
around ফজর	~@fajr
ফজর e	@fajr
ফজর er somoy	@fajr
ফজর er shomoy	@fajr
ফজর time	@fajr
ফজর এর পর	@fajr
ফজর এর পরে	@fajr
ফজর এর আগে	<@fajr
ফজর এর সময়	@fajr
ফজরর পর	@fajr
ফজরর পরে	@fajr
ফজরর আগে	<@fajr
ফজরর সময়	@fajr
ফজর পর	@fajr
ফজর পরে	@fajr
ফজর আগে	<@fajr
ফজর এ	@fajr
ফজর	@fajr
after ফজরের	@fajr
ফজরের er por	@fajr
ফজরের er pore	@fajr
ফজরের porey	@fajr
before ফজরের	<@fajr
ফজরের er age	<@fajr
ফজরের er agey	<@fajr
at ফজরের	@fajr
by ফজরের	<@fajr
around ফজরের	~@fajr
ফজরের e	@fajr
ফজরের er somoy	@fajr
ফজরের er shomoy	@fajr
ফজরের time	@fajr
ফজরের এর পর	@fajr
ফজরের এর পরে	@fajr
ফজরের এর আগে	<@fajr
ফজরের এর সময়	@fajr
ফজরেরর পর	@fajr
ফজরেরর পরে	@fajr
ফজরেরর আগে	<@fajr
ফজরেরর সময়	@fajr
ফজরের পর	@fajr
ফজরের পরে	@fajr
ফজরের আগে	<@fajr
ফজরের এ	@fajr
ফজরের	@fajr
after ফজরের নামাজ	@fajr
ফজরের নামাজ er por	@fajr
ফজরের নামাজ er pore	@fajr
ফজরের নামাজ porey	@fajr
before ফজরের নামাজ	<@fajr
ফজরের নামাজ er age	<@fajr
ফজরের নামাজ er agey	<@fajr
at ফজরের নামাজ	@fajr
by ফজরের নামাজ	<@fajr
around ফজরের নামাজ	~@fajr
ফজরের নামাজ e	@fajr
ফজরের নামাজ er somoy	@fajr
ফজরের নামাজ er shomoy	@fajr
ফজরের নামাজ time	@fajr
ফজরের নামাজ এর পর	@fajr
ফজরের নামাজ এর পরে	@fajr
ফজরের নামাজ এর আগে	<@fajr
ফজরের নামাজ এর সময়	@fajr
ফজরের নামাজর পর	@fajr
ফজরের নামাজর পরে	@fajr
ফজরের নামাজর আগে	<@fajr
ফজরের নামাজর সময়	@fajr
ফজরের নামাজ পর	@fajr
ফজরের নামাজ পরে	@fajr
ফজরের নামাজ আগে	<@fajr
ফজরের নামাজ এ	@fajr
ফজরের নামাজ	@fajr
after ফজরের সময়	@fajr
ফজরের সময় er por	@fajr
ফজরের সময় er pore	@fajr
ফজরের সময় porey	@fajr
before ফজরের সময়	<@fajr
ফজরের সময় er age	<@fajr
ফজরের সময় er agey	<@fajr
at ফজরের সময়	@fajr
by ফজরের সময়	<@fajr
around ফজরের সময়	~@fajr
ফজরের সময় e	@fajr
ফজরের সময় er somoy	@fajr
ফজরের সময় er shomoy	@fajr
ফজরের সময় time	@fajr
ফজরের সময় এর পর	@fajr
ফজরের সময় এর পরে	@fajr
ফজরের সময় এর আগে	<@fajr
ফজরের সময় এর সময়	@fajr
ফজরের সময়র পর	@fajr
ফজরের সময়র পরে	@fajr
ফজরের সময়র আগে	<@fajr
ফজরের সময়র সময়	@fajr
ফজরের সময় পর	@fajr
ফজরের সময় পরে	@fajr
ফজরের সময় আগে	<@fajr
ফজরের সময় এ	@fajr
ফজরের সময়	@fajr
after ফজরের আজান	@fajr
ফজরের আজান er por	@fajr
ফজরের আজান er pore	@fajr
ফজরের আজান porey	@fajr
before ফজরের আজান	<@fajr
ফজরের আজান er age	<@fajr
ফজরের আজান er agey	<@fajr
at ফজরের আজান	@fajr
by ফজরের আজান	<@fajr
around ফজরের আজান	~@fajr
ফজরের আজান e	@fajr
ফজরের আজান er somoy	@fajr
ফজরের আজান er shomoy	@fajr
ফজরের আজান time	@fajr
ফজরের আজান এর পর	@fajr
ফজরের আজান এর পরে	@fajr
ফজরের আজান এর আগে	<@fajr
ফজরের আজান এর সময়	@fajr
ফজরের আজানর পর	@fajr
ফজরের আজানর পরে	@fajr
ফজরের আজানর আগে	<@fajr
ফজরের আজানর সময়	@fajr
ফজরের আজান পর	@fajr
ফজরের আজান পরে	@fajr
ফজরের আজান আগে	<@fajr
ফজরের আজান এ	@fajr
ফজরের আজান	@fajr
after fajr azan	@fajr
fajr azan er por	@fajr
fajr azan er pore	@fajr
fajr azan porey	@fajr
before fajr azan	<@fajr
fajr azan er age	<@fajr
fajr azan er agey	<@fajr
at fajr azan	@fajr
by fajr azan	<@fajr
around fajr azan	~@fajr
fajr azan e	@fajr
fajr azan er somoy	@fajr
fajr azan er shomoy	@fajr
fajr azan time	@fajr
fajr azan এর পর	@fajr
fajr azan এর পরে	@fajr
fajr azan এর আগে	<@fajr
fajr azan এর সময়	@fajr
fajr azanর পর	@fajr
fajr azanর পরে	@fajr
fajr azanর আগে	<@fajr
fajr azanর সময়	@fajr
fajr azan পর	@fajr
fajr azan পরে	@fajr
fajr azan আগে	<@fajr
fajr azan এ	@fajr
fajr azan	@fajr
after fajr adhan	@fajr
fajr adhan er por	@fajr
fajr adhan er pore	@fajr
fajr adhan porey	@fajr
before fajr adhan	<@fajr
fajr adhan er age	<@fajr
fajr adhan er agey	<@fajr
at fajr adhan	@fajr
by fajr adhan	<@fajr
around fajr adhan	~@fajr
fajr adhan e	@fajr
fajr adhan er somoy	@fajr
fajr adhan er shomoy	@fajr
fajr adhan time	@fajr
fajr adhan এর পর	@fajr
fajr adhan এর পরে	@fajr
fajr adhan এর আগে	<@fajr
fajr adhan এর সময়	@fajr
fajr adhanর পর	@fajr
fajr adhanর পরে	@fajr
fajr adhanর আগে	<@fajr
fajr adhanর সময়	@fajr
fajr adhan পর	@fajr
fajr adhan পরে	@fajr
fajr adhan আগে	<@fajr
fajr adhan এ	@fajr
fajr adhan	@fajr
after fajr er azan	@fajr
fajr er azan er por	@fajr
fajr er azan er pore	@fajr
fajr er azan porey	@fajr
before fajr er azan	<@fajr
fajr er azan er age	<@fajr
fajr er azan er agey	<@fajr
at fajr er azan	@fajr
by fajr er azan	<@fajr
around fajr er azan	~@fajr
fajr er azan e	@fajr
fajr er azan er somoy	@fajr
fajr er azan er shomoy	@fajr
fajr er azan time	@fajr
fajr er azan এর পর	@fajr
fajr er azan এর পরে	@fajr
fajr er azan এর আগে	<@fajr
fajr er azan এর সময়	@fajr
fajr er azanর পর	@fajr
fajr er azanর পরে	@fajr
fajr er azanর আগে	<@fajr
fajr er azanর সময়	@fajr
fajr er azan পর	@fajr
fajr er azan পরে	@fajr
fajr er azan আগে	<@fajr
fajr er azan এ	@fajr
fajr er azan	@fajr
after fojor er azan	@fajr
fojor er azan er por	@fajr
fojor er azan er pore	@fajr
fojor er azan porey	@fajr
before fojor er azan	<@fajr
fojor er azan er age	<@fajr
fojor er azan er agey	<@fajr
at fojor er azan	@fajr
by fojor er azan	<@fajr
around fojor er azan	~@fajr
fojor er azan e	@fajr
fojor er azan er somoy	@fajr
fojor er azan er shomoy	@fajr
fojor er azan time	@fajr
fojor er azan এর পর	@fajr
fojor er azan এর পরে	@fajr
fojor er azan এর আগে	<@fajr
fojor er azan এর সময়	@fajr
fojor er azanর পর	@fajr
fojor er azanর পরে	@fajr
fojor er azanর আগে	<@fajr
fojor er azanর সময়	@fajr
fojor er azan পর	@fajr
fojor er azan পরে	@fajr
fojor er azan আগে	<@fajr
fojor er azan এ	@fajr
fojor er azan	@fajr
after zuhr	@zuhr
zuhr er por	@zuhr
zuhr er pore	@zuhr
zuhr porey	@zuhr
before zuhr	<@zuhr
zuhr er age	<@zuhr
zuhr er agey	<@zuhr
at zuhr	@zuhr
by zuhr	<@zuhr
around zuhr	~@zuhr
zuhr e	@zuhr
zuhr er somoy	@zuhr
zuhr er shomoy	@zuhr
zuhr time	@zuhr
zuhr এর পর	@zuhr
zuhr এর পরে	@zuhr
zuhr এর আগে	<@zuhr
zuhr এর সময়	@zuhr
zuhrর পর	@zuhr
zuhrর পরে	@zuhr
zuhrর আগে	<@zuhr
zuhrর সময়	@zuhr
zuhr পর	@zuhr
zuhr পরে	@zuhr
zuhr আগে	<@zuhr
zuhr এ	@zuhr
zuhr	@zuhr
after zohr	@zuhr
zohr er por	@zuhr
zohr er pore	@zuhr
zohr porey	@zuhr
before zohr	<@zuhr
zohr er age	<@zuhr
zohr er agey	<@zuhr
at zohr	@zuhr
by zohr	<@zuhr
around zohr	~@zuhr
zohr e	@zuhr
zohr er somoy	@zuhr
zohr er shomoy	@zuhr
zohr time	@zuhr
zohr এর পর	@zuhr
zohr এর পরে	@zuhr
zohr এর আগে	<@zuhr
zohr এর সময়	@zuhr
zohrর পর	@zuhr
zohrর পরে	@zuhr
zohrর আগে	<@zuhr
zohrর সময়	@zuhr
zohr পর	@zuhr
zohr পরে	@zuhr
zohr আগে	<@zuhr
zohr এ	@zuhr
zohr	@zuhr
after johor	@zuhr
johor er por	@zuhr
johor er pore	@zuhr
johor porey	@zuhr
before johor	<@zuhr
johor er age	<@zuhr
johor er agey	<@zuhr
at johor	@zuhr
by johor	<@zuhr
around johor	~@zuhr
johor e	@zuhr
johor er somoy	@zuhr
johor er shomoy	@zuhr
johor time	@zuhr
johor এর পর	@zuhr
johor এর পরে	@zuhr
johor এর আগে	<@zuhr
johor এর সময়	@zuhr
johorর পর	@zuhr
johorর পরে	@zuhr
johorর আগে	<@zuhr
johorর সময়	@zuhr
johor পর	@zuhr
johor পরে	@zuhr
johor আগে	<@zuhr
johor এ	@zuhr
johor	@zuhr
after dhuhr	@zuhr
dhuhr er por	@zuhr
dhuhr er pore	@zuhr
dhuhr porey	@zuhr
before dhuhr	<@zuhr
dhuhr er age	<@zuhr
dhuhr er agey	<@zuhr
at dhuhr	@zuhr
by dhuhr	<@zuhr
around dhuhr	~@zuhr
dhuhr e	@zuhr
dhuhr er somoy	@zuhr
dhuhr er shomoy	@zuhr
dhuhr time	@zuhr
dhuhr এর পর	@zuhr
dhuhr এর পরে	@zuhr
dhuhr এর আগে	<@zuhr
dhuhr এর সময়	@zuhr
dhuhrর পর	@zuhr
dhuhrর পরে	@zuhr
dhuhrর আগে	<@zuhr
dhuhrর সময়	@zuhr
dhuhr পর	@zuhr
dhuhr পরে	@zuhr
dhuhr আগে	<@zuhr
dhuhr এ	@zuhr
dhuhr	@zuhr
after juhr	@zuhr
juhr er por	@zuhr
juhr er pore	@zuhr
juhr porey	@zuhr
before juhr	<@zuhr
juhr er age	<@zuhr
juhr er agey	<@zuhr
at juhr	@zuhr
by juhr	<@zuhr
around juhr	~@zuhr
juhr e	@zuhr
juhr er somoy	@zuhr
juhr er shomoy	@zuhr
juhr time	@zuhr
juhr এর পর	@zuhr
juhr এর পরে	@zuhr
juhr এর আগে	<@zuhr
juhr এর সময়	@zuhr
juhrর পর	@zuhr
juhrর পরে	@zuhr
juhrর আগে	<@zuhr
juhrর সময়	@zuhr
juhr পর	@zuhr
juhr পরে	@zuhr
juhr আগে	<@zuhr
juhr এ	@zuhr
juhr	@zuhr
after zuhr namaz	@zuhr
zuhr namaz er por	@zuhr
zuhr namaz er pore	@zuhr
zuhr namaz porey	@zuhr
before zuhr namaz	<@zuhr
zuhr namaz er age	<@zuhr
zuhr namaz er agey	<@zuhr
at zuhr namaz	@zuhr
by zuhr namaz	<@zuhr
around zuhr namaz	~@zuhr
zuhr namaz e	@zuhr
zuhr namaz er somoy	@zuhr
zuhr namaz er shomoy	@zuhr
zuhr namaz time	@zuhr
zuhr namaz এর পর	@zuhr
zuhr namaz এর পরে	@zuhr
zuhr namaz এর আগে	<@zuhr
zuhr namaz এর সময়	@zuhr
zuhr namazর পর	@zuhr
zuhr namazর পরে	@zuhr
zuhr namazর আগে	<@zuhr
zuhr namazর সময়	@zuhr
zuhr namaz পর	@zuhr
zuhr namaz পরে	@zuhr
zuhr namaz আগে	<@zuhr
zuhr namaz এ	@zuhr
zuhr namaz	@zuhr
after zohr namaz	@zuhr
zohr namaz er por	@zuhr
zohr namaz er pore	@zuhr
zohr namaz porey	@zuhr
before zohr namaz	<@zuhr
zohr namaz er age	<@zuhr
zohr namaz er agey	<@zuhr
at zohr namaz	@zuhr
by zohr namaz	<@zuhr
around zohr namaz	~@zuhr
zohr namaz e	@zuhr
zohr namaz er somoy	@zuhr
zohr namaz er shomoy	@zuhr
zohr namaz time	@zuhr
zohr namaz এর পর	@zuhr
zohr namaz এর পরে	@zuhr
zohr namaz এর আগে	<@zuhr
zohr namaz এর সময়	@zuhr
zohr namazর পর	@zuhr
zohr namazর পরে	@zuhr
zohr namazর আগে	<@zuhr
zohr namazর সময়	@zuhr
zohr namaz পর	@zuhr
zohr namaz পরে	@zuhr
zohr namaz আগে	<@zuhr
zohr namaz এ	@zuhr
zohr namaz	@zuhr
after johor namaz	@zuhr
johor namaz er por	@zuhr
johor namaz er pore	@zuhr
johor namaz porey	@zuhr
before johor namaz	<@zuhr
johor namaz er age	<@zuhr
johor namaz er agey	<@zuhr
at johor namaz	@zuhr
by johor namaz	<@zuhr
around johor namaz	~@zuhr
johor namaz e	@zuhr
johor namaz er somoy	@zuhr
johor namaz er shomoy	@zuhr
johor namaz time	@zuhr
johor namaz এর পর	@zuhr
johor namaz এর পরে	@zuhr
johor namaz এর আগে	<@zuhr
johor namaz এর সময়	@zuhr
johor namazর পর	@zuhr
johor namazর পরে	@zuhr
johor namazর আগে	<@zuhr
johor namazর সময়	@zuhr
johor namaz পর	@zuhr
johor namaz পরে	@zuhr
johor namaz আগে	<@zuhr
johor namaz এ	@zuhr
johor namaz	@zuhr
after dhuhr namaz	@zuhr
dhuhr namaz er por	@zuhr
dhuhr namaz er pore	@zuhr
dhuhr namaz porey	@zuhr
before dhuhr namaz	<@zuhr
dhuhr namaz er age	<@zuhr
dhuhr namaz er agey	<@zuhr
at dhuhr namaz	@zuhr
by dhuhr namaz	<@zuhr
around dhuhr namaz	~@zuhr
dhuhr namaz e	@zuhr
dhuhr namaz er somoy	@zuhr
dhuhr namaz er shomoy	@zuhr
dhuhr namaz time	@zuhr
dhuhr namaz এর পর	@zuhr
dhuhr namaz এর পরে	@zuhr
dhuhr namaz এর আগে	<@zuhr
dhuhr namaz এর সময়	@zuhr
dhuhr namazর পর	@zuhr
dhuhr namazর পরে	@zuhr
dhuhr namazর আগে	<@zuhr
dhuhr namazর সময়	@zuhr
dhuhr namaz পর	@zuhr
dhuhr namaz পরে	@zuhr
dhuhr namaz আগে	<@zuhr
dhuhr namaz এ	@zuhr
dhuhr namaz	@zuhr
after zuhr prayer	@zuhr
zuhr prayer er por	@zuhr
zuhr prayer er pore	@zuhr
zuhr prayer porey	@zuhr
before zuhr prayer	<@zuhr
zuhr prayer er age	<@zuhr
zuhr prayer er agey	<@zuhr
at zuhr prayer	@zuhr
by zuhr prayer	<@zuhr
around zuhr prayer	~@zuhr
zuhr prayer e	@zuhr
zuhr prayer er somoy	@zuhr
zuhr prayer er shomoy	@zuhr
zuhr prayer time	@zuhr
zuhr prayer এর পর	@zuhr
zuhr prayer এর পরে	@zuhr
zuhr prayer এর আগে	<@zuhr
zuhr prayer এর সময়	@zuhr
zuhr prayerর পর	@zuhr
zuhr prayerর পরে	@zuhr
zuhr prayerর আগে	<@zuhr
zuhr prayerর সময়	@zuhr
zuhr prayer পর	@zuhr
zuhr prayer পরে	@zuhr
zuhr prayer আগে	<@zuhr
zuhr prayer এ	@zuhr
zuhr prayer	@zuhr
after zuhr salah	@zuhr
zuhr salah er por	@zuhr
zuhr salah er pore	@zuhr
zuhr salah porey	@zuhr
before zuhr salah	<@zuhr
zuhr salah er age	<@zuhr
zuhr salah er agey	<@zuhr
at zuhr salah	@zuhr
by zuhr salah	<@zuhr
around zuhr salah	~@zuhr
zuhr salah e	@zuhr
zuhr salah er somoy	@zuhr
zuhr salah er shomoy	@zuhr
zuhr salah time	@zuhr
zuhr salah এর পর	@zuhr
zuhr salah এর পরে	@zuhr
zuhr salah এর আগে	<@zuhr
zuhr salah এর সময়	@zuhr
zuhr salahর পর	@zuhr
zuhr salahর পরে	@zuhr
zuhr salahর আগে	<@zuhr
zuhr salahর সময়	@zuhr
zuhr salah পর	@zuhr
zuhr salah পরে	@zuhr
zuhr salah আগে	<@zuhr
zuhr salah এ	@zuhr
zuhr salah	@zuhr
after zuhr salat	@zuhr
zuhr salat er por	@zuhr
zuhr salat er pore	@zuhr
zuhr salat porey	@zuhr
before zuhr salat	<@zuhr
zuhr salat er age	<@zuhr
zuhr salat er agey	<@zuhr
at zuhr salat	@zuhr
by zuhr salat	<@zuhr
around zuhr salat	~@zuhr
zuhr salat e	@zuhr
zuhr salat er somoy	@zuhr
zuhr salat er shomoy	@zuhr
zuhr salat time	@zuhr
zuhr salat এর পর	@zuhr
zuhr salat এর পরে	@zuhr
zuhr salat এর আগে	<@zuhr
zuhr salat এর সময়	@zuhr
zuhr salatর পর	@zuhr
zuhr salatর পরে	@zuhr
zuhr salatর আগে	<@zuhr
zuhr salatর সময়	@zuhr
zuhr salat পর	@zuhr
zuhr salat পরে	@zuhr
zuhr salat আগে	<@zuhr
zuhr salat এ	@zuhr
zuhr salat	@zuhr
after যোহর	@zuhr
যোহর er por	@zuhr
যোহর er pore	@zuhr
যোহর porey	@zuhr
before যোহর	<@zuhr
যোহর er age	<@zuhr
যোহর er agey	<@zuhr
at যোহর	@zuhr
by যোহর	<@zuhr
around যোহর	~@zuhr
যোহর e	@zuhr
যোহর er somoy	@zuhr
যোহর er shomoy	@zuhr
যোহর time	@zuhr
যোহর এর পর	@zuhr
যোহর এর পরে	@zuhr
যোহর এর আগে	<@zuhr
যোহর এর সময়	@zuhr
যোহরর পর	@zuhr
যোহরর পরে	@zuhr
যোহরর আগে	<@zuhr
যোহরর সময়	@zuhr
যোহর পর	@zuhr
যোহর পরে	@zuhr
যোহর আগে	<@zuhr
যোহর এ	@zuhr
যোহর	@zuhr
after জোহর	@zuhr
জোহর er por	@zuhr
জোহর er pore	@zuhr
জোহর porey	@zuhr
before জোহর	<@zuhr
জোহর er age	<@zuhr
জোহর er agey	<@zuhr
at জোহর	@zuhr
by জোহর	<@zuhr
around জোহর	~@zuhr
জোহর e	@zuhr
জোহর er somoy	@zuhr
জোহর er shomoy	@zuhr
জোহর time	@zuhr
জোহর এর পর	@zuhr
জোহর এর পরে	@zuhr
জোহর এর আগে	<@zuhr
জোহর এর সময়	@zuhr
জোহরর পর	@zuhr
জোহরর পরে	@zuhr
জোহরর আগে	<@zuhr
জোহরর সময়	@zuhr
জোহর পর	@zuhr
জোহর পরে	@zuhr
জোহর আগে	<@zuhr
জোহর এ	@zuhr
জোহর	@zuhr
after যোহরের	@zuhr
যোহরের er por	@zuhr
যোহরের er pore	@zuhr
যোহরের porey	@zuhr
before যোহরের	<@zuhr
যোহরের er age	<@zuhr
যোহরের er agey	<@zuhr
at যোহরের	@zuhr
by যোহরের	<@zuhr
around যোহরের	~@zuhr
যোহরের e	@zuhr
যোহরের er somoy	@zuhr
যোহরের er shomoy	@zuhr
যোহরের time	@zuhr
যোহরের এর পর	@zuhr
যোহরের এর পরে	@zuhr
যোহরের এর আগে	<@zuhr
যোহরের এর সময়	@zuhr
যোহরেরর পর	@zuhr
যোহরেরর পরে	@zuhr
যোহরেরর আগে	<@zuhr
যোহরেরর সময়	@zuhr
যোহরের পর	@zuhr
যোহরের পরে	@zuhr
যোহরের আগে	<@zuhr
যোহরের এ	@zuhr
যোহরের	@zuhr
after জোহরের	@zuhr
জোহরের er por	@zuhr
জোহরের er pore	@zuhr
জোহরের porey	@zuhr
before জোহরের	<@zuhr
জোহরের er age	<@zuhr
জোহরের er agey	<@zuhr
at জোহরের	@zuhr
by জোহরের	<@zuhr
around জোহরের	~@zuhr
জোহরের e	@zuhr
জোহরের er somoy	@zuhr
জোহরের er shomoy	@zuhr
জোহরের time	@zuhr
জোহরের এর পর	@zuhr
জোহরের এর পরে	@zuhr
জোহরের এর আগে	<@zuhr
জোহরের এর সময়	@zuhr
জোহরেরর পর	@zuhr
জোহরেরর পরে	@zuhr
জোহরেরর আগে	<@zuhr
জোহরেরর সময়	@zuhr
জোহরের পর	@zuhr
জোহরের পরে	@zuhr
জোহরের আগে	<@zuhr
জোহরের এ	@zuhr
জোহরের	@zuhr
after যোহরের নামাজ	@zuhr
যোহরের নামাজ er por	@zuhr
যোহরের নামাজ er pore	@zuhr
যোহরের নামাজ porey	@zuhr
before যোহরের নামাজ	<@zuhr
যোহরের নামাজ er age	<@zuhr
যোহরের নামাজ er agey	<@zuhr
at যোহরের নামাজ	@zuhr
by যোহরের নামাজ	<@zuhr
around যোহরের নামাজ	~@zuhr
যোহরের নামাজ e	@zuhr
যোহরের নামাজ er somoy	@zuhr
যোহরের নামাজ er shomoy	@zuhr
যোহরের নামাজ time	@zuhr
যোহরের নামাজ এর পর	@zuhr
যোহরের নামাজ এর পরে	@zuhr
যোহরের নামাজ এর আগে	<@zuhr
যোহরের নামাজ এর সময়	@zuhr
যোহরের নামাজর পর	@zuhr
যোহরের নামাজর পরে	@zuhr
যোহরের নামাজর আগে	<@zuhr
যোহরের নামাজর সময়	@zuhr
যোহরের নামাজ পর	@zuhr
যোহরের নামাজ পরে	@zuhr
যোহরের নামাজ আগে	<@zuhr
যোহরের নামাজ এ	@zuhr
যোহরের নামাজ	@zuhr
after জোহরের নামাজ	@zuhr
জোহরের নামাজ er por	@zuhr
জোহরের নামাজ er pore	@zuhr
জোহরের নামাজ porey	@zuhr
before জোহরের নামাজ	<@zuhr
জোহরের নামাজ er age	<@zuhr
জোহরের নামাজ er agey	<@zuhr
at জোহরের নামাজ	@zuhr
by জোহরের নামাজ	<@zuhr
around জোহরের নামাজ	~@zuhr
জোহরের নামাজ e	@zuhr
জোহরের নামাজ er somoy	@zuhr
জোহরের নামাজ er shomoy	@zuhr
জোহরের নামাজ time	@zuhr
জোহরের নামাজ এর পর	@zuhr
জোহরের নামাজ এর পরে	@zuhr
জোহরের নামাজ এর আগে	<@zuhr
জোহরের নামাজ এর সময়	@zuhr
জোহরের নামাজর পর	@zuhr
জোহরের নামাজর পরে	@zuhr
জোহরের নামাজর আগে	<@zuhr
জোহরের নামাজর সময়	@zuhr
জোহরের নামাজ পর	@zuhr
জোহরের নামাজ পরে	@zuhr
জোহরের নামাজ আগে	<@zuhr
জোহরের নামাজ এ	@zuhr
জোহরের নামাজ	@zuhr
after যোহরের সময়	@zuhr
যোহরের সময় er por	@zuhr
যোহরের সময় er pore	@zuhr
যোহরের সময় porey	@zuhr
before যোহরের সময়	<@zuhr
যোহরের সময় er age	<@zuhr
যোহরের সময় er agey	<@zuhr
at যোহরের সময়	@zuhr
by যোহরের সময়	<@zuhr
around যোহরের সময়	~@zuhr
যোহরের সময় e	@zuhr
যোহরের সময় er somoy	@zuhr
যোহরের সময় er shomoy	@zuhr
যোহরের সময় time	@zuhr
যোহরের সময় এর পর	@zuhr
যোহরের সময় এর পরে	@zuhr
যোহরের সময় এর আগে	<@zuhr
যোহরের সময় এর সময়	@zuhr
যোহরের সময়র পর	@zuhr
যোহরের সময়র পরে	@zuhr
যোহরের সময়র আগে	<@zuhr
যোহরের সময়র সময়	@zuhr
যোহরের সময় পর	@zuhr
যোহরের সময় পরে	@zuhr
যোহরের সময় আগে	<@zuhr
যোহরের সময় এ	@zuhr
যোহরের সময়	@zuhr
after জোহরের সময়	@zuhr
জোহরের সময় er por	@zuhr
জোহরের সময় er pore	@zuhr
জোহরের সময় porey	@zuhr
before জোহরের সময়	<@zuhr
জোহরের সময় er age	<@zuhr
জোহরের সময় er agey	<@zuhr
at জোহরের সময়	@zuhr
by জোহরের সময়	<@zuhr
around জোহরের সময়	~@zuhr
জোহরের সময় e	@zuhr
জোহরের সময় er somoy	@zuhr
জোহরের সময় er shomoy	@zuhr
জোহরের সময় time	@zuhr
জোহরের সময় এর পর	@zuhr
জোহরের সময় এর পরে	@zuhr
জোহরের সময় এর আগে	<@zuhr
জোহরের সময় এর সময়	@zuhr
জোহরের সময়র পর	@zuhr
জোহরের সময়র পরে	@zuhr
জোহরের সময়র আগে	<@zuhr
জোহরের সময়র সময়	@zuhr
জোহরের সময় পর	@zuhr
জোহরের সময় পরে	@zuhr
জোহরের সময় আগে	<@zuhr
জোহরের সময় এ	@zuhr
জোহরের সময়	@zuhr
after zuhr azan	@zuhr
zuhr azan er por	@zuhr
zuhr azan er pore	@zuhr
zuhr azan porey	@zuhr
before zuhr azan	<@zuhr
zuhr azan er age	<@zuhr
zuhr azan er agey	<@zuhr
at zuhr azan	@zuhr
by zuhr azan	<@zuhr
around zuhr azan	~@zuhr
zuhr azan e	@zuhr
zuhr azan er somoy	@zuhr
zuhr azan er shomoy	@zuhr
zuhr azan time	@zuhr
zuhr azan এর পর	@zuhr
zuhr azan এর পরে	@zuhr
zuhr azan এর আগে	<@zuhr
zuhr azan এর সময়	@zuhr
zuhr azanর পর	@zuhr
zuhr azanর পরে	@zuhr
zuhr azanর আগে	<@zuhr
zuhr azanর সময়	@zuhr
zuhr azan পর	@zuhr
zuhr azan পরে	@zuhr
zuhr azan আগে	<@zuhr
zuhr azan এ	@zuhr
zuhr azan	@zuhr
after zuhr adhan	@zuhr
zuhr adhan er por	@zuhr
zuhr adhan er pore	@zuhr
zuhr adhan porey	@zuhr
before zuhr adhan	<@zuhr
zuhr adhan er age	<@zuhr
zuhr adhan er agey	<@zuhr
at zuhr adhan	@zuhr
by zuhr adhan	<@zuhr
around zuhr adhan	~@zuhr
zuhr adhan e	@zuhr
zuhr adhan er somoy	@zuhr
zuhr adhan er shomoy	@zuhr
zuhr adhan time	@zuhr
zuhr adhan এর পর	@zuhr
zuhr adhan এর পরে	@zuhr
zuhr adhan এর আগে	<@zuhr
zuhr adhan এর সময়	@zuhr
zuhr adhanর পর	@zuhr
zuhr adhanর পরে	@zuhr
zuhr adhanর আগে	<@zuhr
zuhr adhanর সময়	@zuhr
zuhr adhan পর	@zuhr
zuhr adhan পরে	@zuhr
zuhr adhan আগে	<@zuhr
zuhr adhan এ	@zuhr
zuhr adhan	@zuhr
after asr	@asr
asr er por	@asr
asr er pore	@asr
asr porey	@asr
before asr	<@asr
asr er age	<@asr
asr er agey	<@asr
at asr	@asr
by asr	<@asr
around asr	~@asr
asr e	@asr
asr er somoy	@asr
asr er shomoy	@asr
asr time	@asr
asr এর পর	@asr
asr এর পরে	@asr
asr এর আগে	<@asr
asr এর সময়	@asr
asrর পর	@asr
asrর পরে	@asr
asrর আগে	<@asr
asrর সময়	@asr
asr পর	@asr
asr পরে	@asr
asr আগে	<@asr
asr এ	@asr
asr	@asr
after asor	@asr
asor er por	@asr
asor er pore	@asr
asor porey	@asr
before asor	<@asr
asor er age	<@asr
asor er agey	<@asr
at asor	@asr
by asor	<@asr
around asor	~@asr
asor e	@asr
asor er somoy	@asr
asor er shomoy	@asr
asor time	@asr
asor এর পর	@asr
asor এর পরে	@asr
asor এর আগে	<@asr
asor এর সময়	@asr
asorর পর	@asr
asorর পরে	@asr
asorর আগে	<@asr
asorর সময়	@asr
asor পর	@asr
asor পরে	@asr
asor আগে	<@asr
asor এ	@asr
asor	@asr
after asar	@asr
asar er por	@asr
asar er pore	@asr
asar porey	@asr
before asar	<@asr
asar er age	<@asr
asar er agey	<@asr
at asar	@asr
by asar	<@asr
around asar	~@asr
asar e	@asr
asar er somoy	@asr
asar er shomoy	@asr
asar time	@asr
asar এর পর	@asr
asar এর পরে	@asr
asar এর আগে	<@asr
asar এর সময়	@asr
asarর পর	@asr
asarর পরে	@asr
asarর আগে	<@asr
asarর সময়	@asr
asar পর	@asr
asar পরে	@asr
asar আগে	<@asr
asar এ	@asr
asar	@asr
after asr namaz	@asr
asr namaz er por	@asr
asr namaz er pore	@asr
asr namaz porey	@asr
before asr namaz	<@asr
asr namaz er age	<@asr
asr namaz er agey	<@asr
at asr namaz	@asr
by asr namaz	<@asr
around asr namaz	~@asr
asr namaz e	@asr
asr namaz er somoy	@asr
asr namaz er shomoy	@asr
asr namaz time	@asr
asr namaz এর পর	@asr
asr namaz এর পরে	@asr
asr namaz এর আগে	<@asr
asr namaz এর সময়	@asr
asr namazর পর	@asr
asr namazর পরে	@asr
asr namazর আগে	<@asr
asr namazর সময়	@asr
asr namaz পর	@asr
asr namaz পরে	@asr
asr namaz আগে	<@asr
asr namaz এ	@asr
asr namaz	@asr
after asor namaz	@asr
asor namaz er por	@asr
asor namaz er pore	@asr
asor namaz porey	@asr
before asor namaz	<@asr
asor namaz er age	<@asr
asor namaz er agey	<@asr
at asor namaz	@asr
by asor namaz	<@asr
around asor namaz	~@asr
asor namaz e	@asr
asor namaz er somoy	@asr
asor namaz er shomoy	@asr
asor namaz time	@asr
asor namaz এর পর	@asr
asor namaz এর পরে	@asr
asor namaz এর আগে	<@asr
asor namaz এর সময়	@asr
asor namazর পর	@asr
asor namazর পরে	@asr
asor namazর আগে	<@asr
asor namazর সময়	@asr
asor namaz পর	@asr
asor namaz পরে	@asr
asor namaz আগে	<@asr
asor namaz এ	@asr
asor namaz	@asr
after asar namaz	@asr
asar namaz er por	@asr
asar namaz er pore	@asr
asar namaz porey	@asr
before asar namaz	<@asr
asar namaz er age	<@asr
asar namaz er agey	<@asr
at asar namaz	@asr
by asar namaz	<@asr
around asar namaz	~@asr
asar namaz e	@asr
asar namaz er somoy	@asr
asar namaz er shomoy	@asr
asar namaz time	@asr
asar namaz এর পর	@asr
asar namaz এর পরে	@asr
asar namaz এর আগে	<@asr
asar namaz এর সময়	@asr
asar namazর পর	@asr
asar namazর পরে	@asr
asar namazর আগে	<@asr
asar namazর সময়	@asr
asar namaz পর	@asr
asar namaz পরে	@asr
asar namaz আগে	<@asr
asar namaz এ	@asr
asar namaz	@asr
after asr prayer	@asr
asr prayer er por	@asr
asr prayer er pore	@asr
asr prayer porey	@asr
before asr prayer	<@asr
asr prayer er age	<@asr
asr prayer er agey	<@asr
at asr prayer	@asr
by asr prayer	<@asr
around asr prayer	~@asr
asr prayer e	@asr
asr prayer er somoy	@asr
asr prayer er shomoy	@asr
asr prayer time	@asr
asr prayer এর পর	@asr
asr prayer এর পরে	@asr
asr prayer এর আগে	<@asr
asr prayer এর সময়	@asr
asr prayerর পর	@asr
asr prayerর পরে	@asr
asr prayerর আগে	<@asr
asr prayerর সময়	@asr
asr prayer পর	@asr
asr prayer পরে	@asr
asr prayer আগে	<@asr
asr prayer এ	@asr
asr prayer	@asr
after asr salah	@asr
asr salah er por	@asr
asr salah er pore	@asr
asr salah porey	@asr
before asr salah	<@asr
asr salah er age	<@asr
asr salah er agey	<@asr
at asr salah	@asr
by asr salah	<@asr
around asr salah	~@asr
asr salah e	@asr
asr salah er somoy	@asr
asr salah er shomoy	@asr
asr salah time	@asr
asr salah এর পর	@asr
asr salah এর পরে	@asr
asr salah এর আগে	<@asr
asr salah এর সময়	@asr
asr salahর পর	@asr
asr salahর পরে	@asr
asr salahর আগে	<@asr
asr salahর সময়	@asr
asr salah পর	@asr
asr salah পরে	@asr
asr salah আগে	<@asr
asr salah এ	@asr
asr salah	@asr
after asr salat	@asr
asr salat er por	@asr
asr salat er pore	@asr
asr salat porey	@asr
before asr salat	<@asr
asr salat er age	<@asr
asr salat er agey	<@asr
at asr salat	@asr
by asr salat	<@asr
around asr salat	~@asr
asr salat e	@asr
asr salat er somoy	@asr
asr salat er shomoy	@asr
asr salat time	@asr
asr salat এর পর	@asr
asr salat এর পরে	@asr
asr salat এর আগে	<@asr
asr salat এর সময়	@asr
asr salatর পর	@asr
asr salatর পরে	@asr
asr salatর আগে	<@asr
asr salatর সময়	@asr
asr salat পর	@asr
asr salat পরে	@asr
asr salat আগে	<@asr
asr salat এ	@asr
asr salat	@asr
after আসর	@asr
আসর er por	@asr
আসর er pore	@asr
আসর porey	@asr
before আসর	<@asr
আসর er age	<@asr
আসর er agey	<@asr
at আসর	@asr
by আসর	<@asr
around আসর	~@asr
আসর e	@asr
আসর er somoy	@asr
আসর er shomoy	@asr
আসর time	@asr
আসর এর পর	@asr
আসর এর পরে	@asr
আসর এর আগে	<@asr
আসর এর সময়	@asr
আসরর পর	@asr
আসরর পরে	@asr
আসরর আগে	<@asr
আসরর সময়	@asr
আসর পর	@asr
আসর পরে	@asr
আসর আগে	<@asr
আসর এ	@asr
আসর	@asr
after আসরের	@asr
আসরের er por	@asr
আসরের er pore	@asr
আসরের porey	@asr
before আসরের	<@asr
আসরের er age	<@asr
আসরের er agey	<@asr
at আসরের	@asr
by আসরের	<@asr
around আসরের	~@asr
আসরের e	@asr
আসরের er somoy	@asr
আসরের er shomoy	@asr
আসরের time	@asr
আসরের এর পর	@asr
আসরের এর পরে	@asr
আসরের এর আগে	<@asr
আসরের এর সময়	@asr
আসরেরর পর	@asr
আসরেরর পরে	@asr
আসরেরর আগে	<@asr
আসরেরর সময়	@asr
আসরের পর	@asr
আসরের পরে	@asr
আসরের আগে	<@asr
আসরের এ	@asr
আসরের	@asr
after আসরের নামাজ	@asr
আসরের নামাজ er por	@asr
আসরের নামাজ er pore	@asr
আসরের নামাজ porey	@asr
before আসরের নামাজ	<@asr
আসরের নামাজ er age	<@asr
আসরের নামাজ er agey	<@asr
at আসরের নামাজ	@asr
by আসরের নামাজ	<@asr
around আসরের নামাজ	~@asr
আসরের নামাজ e	@asr
আসরের নামাজ er somoy	@asr
আসরের নামাজ er shomoy	@asr
আসরের নামাজ time	@asr
আসরের নামাজ এর পর	@asr
আসরের নামাজ এর পরে	@asr
আসরের নামাজ এর আগে	<@asr
আসরের নামাজ এর সময়	@asr
আসরের নামাজর পর	@asr
আসরের নামাজর পরে	@asr
আসরের নামাজর আগে	<@asr
আসরের নামাজর সময়	@asr
আসরের নামাজ পর	@asr
আসরের নামাজ পরে	@asr
আসরের নামাজ আগে	<@asr
আসরের নামাজ এ	@asr
আসরের নামাজ	@asr
after আসরের সময়	@asr
আসরের সময় er por	@asr
আসরের সময় er pore	@asr
আসরের সময় porey	@asr
before আসরের সময়	<@asr
আসরের সময় er age	<@asr
আসরের সময় er agey	<@asr
at আসরের সময়	@asr
by আসরের সময়	<@asr
around আসরের সময়	~@asr
আসরের সময় e	@asr
আসরের সময় er somoy	@asr
আসরের সময় er shomoy	@asr
আসরের সময় time	@asr
আসরের সময় এর পর	@asr
আসরের সময় এর পরে	@asr
আসরের সময় এর আগে	<@asr
আসরের সময় এর সময়	@asr
আসরের সময়র পর	@asr
আসরের সময়র পরে	@asr
আসরের সময়র আগে	<@asr
আসরের সময়র সময়	@asr
আসরের সময় পর	@asr
আসরের সময় পরে	@asr
আসরের সময় আগে	<@asr
আসরের সময় এ	@asr
আসরের সময়	@asr
after asr azan	@asr
asr azan er por	@asr
asr azan er pore	@asr
asr azan porey	@asr
before asr azan	<@asr
asr azan er age	<@asr
asr azan er agey	<@asr
at asr azan	@asr
by asr azan	<@asr
around asr azan	~@asr
asr azan e	@asr
asr azan er somoy	@asr
asr azan er shomoy	@asr
asr azan time	@asr
asr azan এর পর	@asr
asr azan এর পরে	@asr
asr azan এর আগে	<@asr
asr azan এর সময়	@asr
asr azanর পর	@asr
asr azanর পরে	@asr
asr azanর আগে	<@asr
asr azanর সময়	@asr
asr azan পর	@asr
asr azan পরে	@asr
asr azan আগে	<@asr
asr azan এ	@asr
asr azan	@asr
after asr adhan	@asr
asr adhan er por	@asr
asr adhan er pore	@asr
asr adhan porey	@asr
before asr adhan	<@asr
asr adhan er age	<@asr
asr adhan er agey	<@asr
at asr adhan	@asr
by asr adhan	<@asr
around asr adhan	~@asr
asr adhan e	@asr
asr adhan er somoy	@asr
asr adhan er shomoy	@asr
asr adhan time	@asr
asr adhan এর পর	@asr
asr adhan এর পরে	@asr
asr adhan এর আগে	<@asr
asr adhan এর সময়	@asr
asr adhanর পর	@asr
asr adhanর পরে	@asr
asr adhanর আগে	<@asr
asr adhanর সময়	@asr
asr adhan পর	@asr
asr adhan পরে	@asr
asr adhan আগে	<@asr
asr adhan এ	@asr
asr adhan	@asr
after maghrib	@maghrib
maghrib er por	@maghrib
maghrib er pore	@maghrib
maghrib porey	@maghrib
before maghrib	<@maghrib
maghrib er age	<@maghrib
maghrib er agey	<@maghrib
at maghrib	@maghrib
by maghrib	<@maghrib
around maghrib	~@maghrib
maghrib e	@maghrib
maghrib er somoy	@maghrib
maghrib er shomoy	@maghrib
maghrib time	@maghrib
maghrib এর পর	@maghrib
maghrib এর পরে	@maghrib
maghrib এর আগে	<@maghrib
maghrib এর সময়	@maghrib
maghribর পর	@maghrib
maghribর পরে	@maghrib
maghribর আগে	<@maghrib
maghribর সময়	@maghrib
maghrib পর	@maghrib
maghrib পরে	@maghrib
maghrib আগে	<@maghrib
maghrib এ	@maghrib
maghrib	@maghrib
after magrib	@maghrib
magrib er por	@maghrib
magrib er pore	@maghrib
magrib porey	@maghrib
before magrib	<@maghrib
magrib er age	<@maghrib
magrib er agey	<@maghrib
at magrib	@maghrib
by magrib	<@maghrib
around magrib	~@maghrib
magrib e	@maghrib
magrib er somoy	@maghrib
magrib er shomoy	@maghrib
magrib time	@maghrib
magrib এর পর	@maghrib
magrib এর পরে	@maghrib
magrib এর আগে	<@maghrib
magrib এর সময়	@maghrib
magribর পর	@maghrib
magribর পরে	@maghrib
magribর আগে	<@maghrib
magribর সময়	@maghrib
magrib পর	@maghrib
magrib পরে	@maghrib
magrib আগে	<@maghrib
magrib এ	@maghrib
magrib	@maghrib
after margib	@maghrib
margib er por	@maghrib
margib er pore	@maghrib
margib porey	@maghrib
before margib	<@maghrib
margib er age	<@maghrib
margib er agey	<@maghrib
at margib	@maghrib
by margib	<@maghrib
around margib	~@maghrib
margib e	@maghrib
margib er somoy	@maghrib
margib er shomoy	@maghrib
margib time	@maghrib
margib এর পর	@maghrib
margib এর পরে	@maghrib
margib এর আগে	<@maghrib
margib এর সময়	@maghrib
margibর পর	@maghrib
margibর পরে	@maghrib
margibর আগে	<@maghrib
margibর সময়	@maghrib
margib পর	@maghrib
margib পরে	@maghrib
margib আগে	<@maghrib
margib এ	@maghrib
margib	@maghrib
after moghrib	@maghrib
moghrib er por	@maghrib
moghrib er pore	@maghrib
moghrib porey	@maghrib
before moghrib	<@maghrib
moghrib er age	<@maghrib
moghrib er agey	<@maghrib
at moghrib	@maghrib
by moghrib	<@maghrib
around moghrib	~@maghrib
moghrib e	@maghrib
moghrib er somoy	@maghrib
moghrib er shomoy	@maghrib
moghrib time	@maghrib
moghrib এর পর	@maghrib
moghrib এর পরে	@maghrib
moghrib এর আগে	<@maghrib
moghrib এর সময়	@maghrib
moghribর পর	@maghrib
moghribর পরে	@maghrib
moghribর আগে	<@maghrib
moghribর সময়	@maghrib
moghrib পর	@maghrib
moghrib পরে	@maghrib
moghrib আগে	<@maghrib
moghrib এ	@maghrib
moghrib	@maghrib
after maghreb	@maghrib
maghreb er por	@maghrib
maghreb er pore	@maghrib
maghreb porey	@maghrib
before maghreb	<@maghrib
maghreb er age	<@maghrib
maghreb er agey	<@maghrib
at maghreb	@maghrib
by maghreb	<@maghrib
around maghreb	~@maghrib
maghreb e	@maghrib
maghreb er somoy	@maghrib
maghreb er shomoy	@maghrib
maghreb time	@maghrib
maghreb এর পর	@maghrib
maghreb এর পরে	@maghrib
maghreb এর আগে	<@maghrib
maghreb এর সময়	@maghrib
maghrebর পর	@maghrib
maghrebর পরে	@maghrib
maghrebর আগে	<@maghrib
maghrebর সময়	@maghrib
maghreb পর	@maghrib
maghreb পরে	@maghrib
maghreb আগে	<@maghrib
maghreb এ	@maghrib
maghreb	@maghrib
after maghrib namaz	@maghrib
maghrib namaz er por	@maghrib
maghrib namaz er pore	@maghrib
maghrib namaz porey	@maghrib
before maghrib namaz	<@maghrib
maghrib namaz er age	<@maghrib
maghrib namaz er agey	<@maghrib
at maghrib namaz	@maghrib
by maghrib namaz	<@maghrib
around maghrib namaz	~@maghrib
maghrib namaz e	@maghrib
maghrib namaz er somoy	@maghrib
maghrib namaz er shomoy	@maghrib
maghrib namaz time	@maghrib
maghrib namaz এর পর	@maghrib
maghrib namaz এর পরে	@maghrib
maghrib namaz এর আগে	<@maghrib
maghrib namaz এর সময়	@maghrib
maghrib namazর পর	@maghrib
maghrib namazর পরে	@maghrib
maghrib namazর আগে	<@maghrib
maghrib namazর সময়	@maghrib
maghrib namaz পর	@maghrib
maghrib namaz পরে	@maghrib
maghrib namaz আগে	<@maghrib
maghrib namaz এ	@maghrib
maghrib namaz	@maghrib
after magrib namaz	@maghrib
magrib namaz er por	@maghrib
magrib namaz er pore	@maghrib
magrib namaz porey	@maghrib
before magrib namaz	<@maghrib
magrib namaz er age	<@maghrib
magrib namaz er agey	<@maghrib
at magrib namaz	@maghrib
by magrib namaz	<@maghrib
around magrib namaz	~@maghrib
magrib namaz e	@maghrib
magrib namaz er somoy	@maghrib
magrib namaz er shomoy	@maghrib
magrib namaz time	@maghrib
magrib namaz এর পর	@maghrib
magrib namaz এর পরে	@maghrib
magrib namaz এর আগে	<@maghrib
magrib namaz এর সময়	@maghrib
magrib namazর পর	@maghrib
magrib namazর পরে	@maghrib
magrib namazর আগে	<@maghrib
magrib namazর সময়	@maghrib
magrib namaz পর	@maghrib
magrib namaz পরে	@maghrib
magrib namaz আগে	<@maghrib
magrib namaz এ	@maghrib
magrib namaz	@maghrib
after margib namaz	@maghrib
margib namaz er por	@maghrib
margib namaz er pore	@maghrib
margib namaz porey	@maghrib
before margib namaz	<@maghrib
margib namaz er age	<@maghrib
margib namaz er agey	<@maghrib
at margib namaz	@maghrib
by margib namaz	<@maghrib
around margib namaz	~@maghrib
margib namaz e	@maghrib
margib namaz er somoy	@maghrib
margib namaz er shomoy	@maghrib
margib namaz time	@maghrib
margib namaz এর পর	@maghrib
margib namaz এর পরে	@maghrib
margib namaz এর আগে	<@maghrib
margib namaz এর সময়	@maghrib
margib namazর পর	@maghrib
margib namazর পরে	@maghrib
margib namazর আগে	<@maghrib
margib namazর সময়	@maghrib
margib namaz পর	@maghrib
margib namaz পরে	@maghrib
margib namaz আগে	<@maghrib
margib namaz এ	@maghrib
margib namaz	@maghrib
after maghrib prayer	@maghrib
maghrib prayer er por	@maghrib
maghrib prayer er pore	@maghrib
maghrib prayer porey	@maghrib
before maghrib prayer	<@maghrib
maghrib prayer er age	<@maghrib
maghrib prayer er agey	<@maghrib
at maghrib prayer	@maghrib
by maghrib prayer	<@maghrib
around maghrib prayer	~@maghrib
maghrib prayer e	@maghrib
maghrib prayer er somoy	@maghrib
maghrib prayer er shomoy	@maghrib
maghrib prayer time	@maghrib
maghrib prayer এর পর	@maghrib
maghrib prayer এর পরে	@maghrib
maghrib prayer এর আগে	<@maghrib
maghrib prayer এর সময়	@maghrib
maghrib prayerর পর	@maghrib
maghrib prayerর পরে	@maghrib
maghrib prayerর আগে	<@maghrib
maghrib prayerর সময়	@maghrib
maghrib prayer পর	@maghrib
maghrib prayer পরে	@maghrib
maghrib prayer আগে	<@maghrib
maghrib prayer এ	@maghrib
maghrib prayer	@maghrib
after maghrib salah	@maghrib
maghrib salah er por	@maghrib
maghrib salah er pore	@maghrib
maghrib salah porey	@maghrib
before maghrib salah	<@maghrib
maghrib salah er age	<@maghrib
maghrib salah er agey	<@maghrib
at maghrib salah	@maghrib
by maghrib salah	<@maghrib
around maghrib salah	~@maghrib
maghrib salah e	@maghrib
maghrib salah er somoy	@maghrib
maghrib salah er shomoy	@maghrib
maghrib salah time	@maghrib
maghrib salah এর পর	@maghrib
maghrib salah এর পরে	@maghrib
maghrib salah এর আগে	<@maghrib
maghrib salah এর সময়	@maghrib
maghrib salahর পর	@maghrib
maghrib salahর পরে	@maghrib
maghrib salahর আগে	<@maghrib
maghrib salahর সময়	@maghrib
maghrib salah পর	@maghrib
maghrib salah পরে	@maghrib
maghrib salah আগে	<@maghrib
maghrib salah এ	@maghrib
maghrib salah	@maghrib
after maghrib salat	@maghrib
maghrib salat er por	@maghrib
maghrib salat er pore	@maghrib
maghrib salat porey	@maghrib
before maghrib salat	<@maghrib
maghrib salat er age	<@maghrib
maghrib salat er agey	<@maghrib
at maghrib salat	@maghrib
by maghrib salat	<@maghrib
around maghrib salat	~@maghrib
maghrib salat e	@maghrib
maghrib salat er somoy	@maghrib
maghrib salat er shomoy	@maghrib
maghrib salat time	@maghrib
maghrib salat এর পর	@maghrib
maghrib salat এর পরে	@maghrib
maghrib salat এর আগে	<@maghrib
maghrib salat এর সময়	@maghrib
maghrib salatর পর	@maghrib
maghrib salatর পরে	@maghrib
maghrib salatর আগে	<@maghrib
maghrib salatর সময়	@maghrib
maghrib salat পর	@maghrib
maghrib salat পরে	@maghrib
maghrib salat আগে	<@maghrib
maghrib salat এ	@maghrib
maghrib salat	@maghrib
after মাগরিব	@maghrib
মাগরিব er por	@maghrib
মাগরিব er pore	@maghrib
মাগরিব porey	@maghrib
before মাগরিব	<@maghrib
মাগরিব er age	<@maghrib
মাগরিব er agey	<@maghrib
at মাগরিব	@maghrib
by মাগরিব	<@maghrib
around মাগরিব	~@maghrib
মাগরিব e	@maghrib
মাগরিব er somoy	@maghrib
মাগরিব er shomoy	@maghrib
মাগরিব time	@maghrib
মাগরিব এর পর	@maghrib
মাগরিব এর পরে	@maghrib
মাগরিব এর আগে	<@maghrib
মাগরিব এর সময়	@maghrib
মাগরিবর পর	@maghrib
মাগরিবর পরে	@maghrib
মাগরিবর আগে	<@maghrib
মাগরিবর সময়	@maghrib
মাগরিব পর	@maghrib
মাগরিব পরে	@maghrib
মাগরিব আগে	<@maghrib
মাগরিব এ	@maghrib
মাগরিব	@maghrib
after মাগরিবের	@maghrib
মাগরিবের er por	@maghrib
মাগরিবের er pore	@maghrib
মাগরিবের porey	@maghrib
before মাগরিবের	<@maghrib
মাগরিবের er age	<@maghrib
মাগরিবের er agey	<@maghrib
at মাগরিবের	@maghrib
by মাগরিবের	<@maghrib
around মাগরিবের	~@maghrib
মাগরিবের e	@maghrib
মাগরিবের er somoy	@maghrib
মাগরিবের er shomoy	@maghrib
মাগরিবের time	@maghrib
মাগরিবের এর পর	@maghrib
মাগরিবের এর পরে	@maghrib
মাগরিবের এর আগে	<@maghrib
মাগরিবের এর সময়	@maghrib
মাগরিবেরর পর	@maghrib
মাগরিবেরর পরে	@maghrib
মাগরিবেরর আগে	<@maghrib
মাগরিবেরর সময়	@maghrib
মাগরিবের পর	@maghrib
মাগরিবের পরে	@maghrib
মাগরিবের আগে	<@maghrib
মাগরিবের এ	@maghrib
মাগরিবের	@maghrib
after মাগরিবের নামাজ	@maghrib
মাগরিবের নামাজ er por	@maghrib
মাগরিবের নামাজ er pore	@maghrib
মাগরিবের নামাজ porey	@maghrib
before মাগরিবের নামাজ	<@maghrib
মাগরিবের নামাজ er age	<@maghrib
মাগরিবের নামাজ er agey	<@maghrib
at মাগরিবের নামাজ	@maghrib
by মাগরিবের নামাজ	<@maghrib
around মাগরিবের নামাজ	~@maghrib
মাগরিবের নামাজ e	@maghrib
মাগরিবের নামাজ er somoy	@maghrib
মাগরিবের নামাজ er shomoy	@maghrib
মাগরিবের নামাজ time	@maghrib
মাগরিবের নামাজ এর পর	@maghrib
মাগরিবের নামাজ এর পরে	@maghrib
মাগরিবের নামাজ এর আগে	<@maghrib
মাগরিবের নামাজ এর সময়	@maghrib
মাগরিবের নামাজর পর	@maghrib
মাগরিবের নামাজর পরে	@maghrib
মাগরিবের নামাজর আগে	<@maghrib
মাগরিবের নামাজর সময়	@maghrib
মাগরিবের নামাজ পর	@maghrib
মাগরিবের নামাজ পরে	@maghrib
মাগরিবের নামাজ আগে	<@maghrib
মাগরিবের নামাজ এ	@maghrib
মাগরিবের নামাজ	@maghrib
after মাগরিবের সময়	@maghrib
মাগরিবের সময় er por	@maghrib
মাগরিবের সময় er pore	@maghrib
মাগরিবের সময় porey	@maghrib
before মাগরিবের সময়	<@maghrib
মাগরিবের সময় er age	<@maghrib
মাগরিবের সময় er agey	<@maghrib
at মাগরিবের সময়	@maghrib
by মাগরিবের সময়	<@maghrib
around মাগরিবের সময়	~@maghrib
মাগরিবের সময় e	@maghrib
মাগরিবের সময় er somoy	@maghrib
মাগরিবের সময় er shomoy	@maghrib
মাগরিবের সময় time	@maghrib
মাগরিবের সময় এর পর	@maghrib
মাগরিবের সময় এর পরে	@maghrib
মাগরিবের সময় এর আগে	<@maghrib
মাগরিবের সময় এর সময়	@maghrib
মাগরিবের সময়র পর	@maghrib
মাগরিবের সময়র পরে	@maghrib
মাগরিবের সময়র আগে	<@maghrib
মাগরিবের সময়র সময়	@maghrib
মাগরিবের সময় পর	@maghrib
মাগরিবের সময় পরে	@maghrib
মাগরিবের সময় আগে	<@maghrib
মাগরিবের সময় এ	@maghrib
মাগরিবের সময়	@maghrib
after maghrib azan	@maghrib
maghrib azan er por	@maghrib
maghrib azan er pore	@maghrib
maghrib azan porey	@maghrib
before maghrib azan	<@maghrib
maghrib azan er age	<@maghrib
maghrib azan er agey	<@maghrib
at maghrib azan	@maghrib
by maghrib azan	<@maghrib
around maghrib azan	~@maghrib
maghrib azan e	@maghrib
maghrib azan er somoy	@maghrib
maghrib azan er shomoy	@maghrib
maghrib azan time	@maghrib
maghrib azan এর পর	@maghrib
maghrib azan এর পরে	@maghrib
maghrib azan এর আগে	<@maghrib
maghrib azan এর সময়	@maghrib
maghrib azanর পর	@maghrib
maghrib azanর পরে	@maghrib
maghrib azanর আগে	<@maghrib
maghrib azanর সময়	@maghrib
maghrib azan পর	@maghrib
maghrib azan পরে	@maghrib
maghrib azan আগে	<@maghrib
maghrib azan এ	@maghrib
maghrib azan	@maghrib
after maghrib adhan	@maghrib
maghrib adhan er por	@maghrib
maghrib adhan er pore	@maghrib
maghrib adhan porey	@maghrib
before maghrib adhan	<@maghrib
maghrib adhan er age	<@maghrib
maghrib adhan er agey	<@maghrib
at maghrib adhan	@maghrib
by maghrib adhan	<@maghrib
around maghrib adhan	~@maghrib
maghrib adhan e	@maghrib
maghrib adhan er somoy	@maghrib
maghrib adhan er shomoy	@maghrib
maghrib adhan time	@maghrib
maghrib adhan এর পর	@maghrib
maghrib adhan এর পরে	@maghrib
maghrib adhan এর আগে	<@maghrib
maghrib adhan এর সময়	@maghrib
maghrib adhanর পর	@maghrib
maghrib adhanর পরে	@maghrib
maghrib adhanর আগে	<@maghrib
maghrib adhanর সময়	@maghrib
maghrib adhan পর	@maghrib
maghrib adhan পরে	@maghrib
maghrib adhan আগে	<@maghrib
maghrib adhan এ	@maghrib
maghrib adhan	@maghrib
after iftar	@maghrib
iftar er por	@maghrib
iftar er pore	@maghrib
iftar porey	@maghrib
before iftar	<@maghrib
iftar er age	<@maghrib
iftar er agey	<@maghrib
at iftar	@maghrib
by iftar	<@maghrib
around iftar	~@maghrib
iftar e	@maghrib
iftar er somoy	@maghrib
iftar er shomoy	@maghrib
iftar time	@maghrib
iftar এর পর	@maghrib
iftar এর পরে	@maghrib
iftar এর আগে	<@maghrib
iftar এর সময়	@maghrib
iftarর পর	@maghrib
iftarর পরে	@maghrib
iftarর আগে	<@maghrib
iftarর সময়	@maghrib
iftar পর	@maghrib
iftar পরে	@maghrib
iftar আগে	<@maghrib
iftar এ	@maghrib
iftar	@maghrib
after iftar time	@maghrib
iftar time er por	@maghrib
iftar time er pore	@maghrib
iftar time porey	@maghrib
before iftar time	<@maghrib
iftar time er age	<@maghrib
iftar time er agey	<@maghrib
at iftar time	@maghrib
by iftar time	<@maghrib
around iftar time	~@maghrib
iftar time e	@maghrib
iftar time er somoy	@maghrib
iftar time er shomoy	@maghrib
iftar time time	@maghrib
iftar time এর পর	@maghrib
iftar time এর পরে	@maghrib
iftar time এর আগে	<@maghrib
iftar time এর সময়	@maghrib
iftar timeর পর	@maghrib
iftar timeর পরে	@maghrib
iftar timeর আগে	<@maghrib
iftar timeর সময়	@maghrib
iftar time পর	@maghrib
iftar time পরে	@maghrib
iftar time আগে	<@maghrib
iftar time এ	@maghrib
after iftar somoy	@maghrib
iftar somoy er por	@maghrib
iftar somoy er pore	@maghrib
iftar somoy porey	@maghrib
before iftar somoy	<@maghrib
iftar somoy er age	<@maghrib
iftar somoy er agey	<@maghrib
at iftar somoy	@maghrib
by iftar somoy	<@maghrib
around iftar somoy	~@maghrib
iftar somoy e	@maghrib
iftar somoy er somoy	@maghrib
iftar somoy er shomoy	@maghrib
iftar somoy time	@maghrib
iftar somoy এর পর	@maghrib
iftar somoy এর পরে	@maghrib
iftar somoy এর আগে	<@maghrib
iftar somoy এর সময়	@maghrib
iftar somoyর পর	@maghrib
iftar somoyর পরে	@maghrib
iftar somoyর আগে	<@maghrib
iftar somoyর সময়	@maghrib
iftar somoy পর	@maghrib
iftar somoy পরে	@maghrib
iftar somoy আগে	<@maghrib
iftar somoy এ	@maghrib
iftar somoy	@maghrib
after iftar shomoy	@maghrib
iftar shomoy er por	@maghrib
iftar shomoy er pore	@maghrib
iftar shomoy porey	@maghrib
before iftar shomoy	<@maghrib
iftar shomoy er age	<@maghrib
iftar shomoy er agey	<@maghrib
at iftar shomoy	@maghrib
by iftar shomoy	<@maghrib
around iftar shomoy	~@maghrib
iftar shomoy e	@maghrib
iftar shomoy er somoy	@maghrib
iftar shomoy er shomoy	@maghrib
iftar shomoy time	@maghrib
iftar shomoy এর পর	@maghrib
iftar shomoy এর পরে	@maghrib
iftar shomoy এর আগে	<@maghrib
iftar shomoy এর সময়	@maghrib
iftar shomoyর পর	@maghrib
iftar shomoyর পরে	@maghrib
iftar shomoyর আগে	<@maghrib
iftar shomoyর সময়	@maghrib
iftar shomoy পর	@maghrib
iftar shomoy পরে	@maghrib
iftar shomoy আগে	<@maghrib
iftar shomoy এ	@maghrib
iftar shomoy	@maghrib
after iftarer somoy	@maghrib
iftarer somoy er por	@maghrib
iftarer somoy er pore	@maghrib
iftarer somoy porey	@maghrib
before iftarer somoy	<@maghrib
iftarer somoy er age	<@maghrib
iftarer somoy er agey	<@maghrib
at iftarer somoy	@maghrib
by iftarer somoy	<@maghrib
around iftarer somoy	~@maghrib
iftarer somoy e	@maghrib
iftarer somoy er somoy	@maghrib
iftarer somoy er shomoy	@maghrib
iftarer somoy time	@maghrib
iftarer somoy এর পর	@maghrib
iftarer somoy এর পরে	@maghrib
iftarer somoy এর আগে	<@maghrib
iftarer somoy এর সময়	@maghrib
iftarer somoyর পর	@maghrib
iftarer somoyর পরে	@maghrib
iftarer somoyর আগে	<@maghrib
iftarer somoyর সময়	@maghrib
iftarer somoy পর	@maghrib
iftarer somoy পরে	@maghrib
iftarer somoy আগে	<@maghrib
iftarer somoy এ	@maghrib
iftarer somoy	@maghrib
after iftarer shomoy	@maghrib
iftarer shomoy er por	@maghrib
iftarer shomoy er pore	@maghrib
iftarer shomoy porey	@maghrib
before iftarer shomoy	<@maghrib
iftarer shomoy er age	<@maghrib
iftarer shomoy er agey	<@maghrib
at iftarer shomoy	@maghrib
by iftarer shomoy	<@maghrib
around iftarer shomoy	~@maghrib
iftarer shomoy e	@maghrib
iftarer shomoy er somoy	@maghrib
iftarer shomoy er shomoy	@maghrib
iftarer shomoy time	@maghrib
iftarer shomoy এর পর	@maghrib
iftarer shomoy এর পরে	@maghrib
iftarer shomoy এর আগে	<@maghrib
iftarer shomoy এর সময়	@maghrib
iftarer shomoyর পর	@maghrib
iftarer shomoyর পরে	@maghrib
iftarer shomoyর আগে	<@maghrib
iftarer shomoyর সময়	@maghrib
iftarer shomoy পর	@maghrib
iftarer shomoy পরে	@maghrib
iftarer shomoy আগে	<@maghrib
iftarer shomoy এ	@maghrib
iftarer shomoy	@maghrib
after iftar er somoy	@maghrib
iftar er somoy er por	@maghrib
iftar er somoy er pore	@maghrib
iftar er somoy porey	@maghrib
before iftar er somoy	<@maghrib
iftar er somoy er age	<@maghrib
iftar er somoy er agey	<@maghrib
at iftar er somoy	@maghrib
by iftar er somoy	<@maghrib
around iftar er somoy	~@maghrib
iftar er somoy e	@maghrib
iftar er somoy er somoy	@maghrib
iftar er somoy er shomoy	@maghrib
iftar er somoy time	@maghrib
iftar er somoy এর পর	@maghrib
iftar er somoy এর পরে	@maghrib
iftar er somoy এর আগে	<@maghrib
iftar er somoy এর সময়	@maghrib
iftar er somoyর পর	@maghrib
iftar er somoyর পরে	@maghrib
iftar er somoyর আগে	<@maghrib
iftar er somoyর সময়	@maghrib
iftar er somoy পর	@maghrib
iftar er somoy পরে	@maghrib
iftar er somoy আগে	<@maghrib
iftar er somoy এ	@maghrib
after iftar er shomoy	@maghrib
iftar er shomoy er por	@maghrib
iftar er shomoy er pore	@maghrib
iftar er shomoy porey	@maghrib
before iftar er shomoy	<@maghrib
iftar er shomoy er age	<@maghrib
iftar er shomoy er agey	<@maghrib
at iftar er shomoy	@maghrib
by iftar er shomoy	<@maghrib
around iftar er shomoy	~@maghrib
iftar er shomoy e	@maghrib
iftar er shomoy er somoy	@maghrib
iftar er shomoy er shomoy	@maghrib
iftar er shomoy time	@maghrib
iftar er shomoy এর পর	@maghrib
iftar er shomoy এর পরে	@maghrib
iftar er shomoy এর আগে	<@maghrib
iftar er shomoy এর সময়	@maghrib
iftar er shomoyর পর	@maghrib
iftar er shomoyর পরে	@maghrib
iftar er shomoyর আগে	<@maghrib
iftar er shomoyর সময়	@maghrib
iftar er shomoy পর	@maghrib
iftar er shomoy পরে	@maghrib
iftar er shomoy আগে	<@maghrib
iftar er shomoy এ	@maghrib
after ইফতার	@maghrib
ইফতার er por	@maghrib
ইফতার er pore	@maghrib
ইফতার porey	@maghrib
before ইফতার	<@maghrib
ইফতার er age	<@maghrib
ইফতার er agey	<@maghrib
at ইফতার	@maghrib
by ইফতার	<@maghrib
around ইফতার	~@maghrib
ইফতার e	@maghrib
ইফতার er somoy	@maghrib
ইফতার er shomoy	@maghrib
ইফতার time	@maghrib
ইফতার এর পর	@maghrib
ইফতার এর পরে	@maghrib
ইফতার এর আগে	<@maghrib
ইফতার এর সময়	@maghrib
ইফতারর পর	@maghrib
ইফতারর পরে	@maghrib
ইফতারর আগে	<@maghrib
ইফতারর সময়	@maghrib
ইফতার পর	@maghrib
ইফতার পরে	@maghrib
ইফতার আগে	<@maghrib
ইফতার এ	@maghrib
ইফতার	@maghrib
after ইফতারের সময়	@maghrib
ইফতারের সময় er por	@maghrib
ইফতারের সময় er pore	@maghrib
ইফতারের সময় porey	@maghrib
before ইফতারের সময়	<@maghrib
ইফতারের সময় er age	<@maghrib
ইফতারের সময় er agey	<@maghrib
at ইফতারের সময়	@maghrib
by ইফতারের সময়	<@maghrib
around ইফতারের সময়	~@maghrib
ইফতারের সময় e	@maghrib
ইফতারের সময় er somoy	@maghrib
ইফতারের সময় er shomoy	@maghrib
ইফতারের সময় time	@maghrib
ইফতারের সময় এর পর	@maghrib
ইফতারের সময় এর পরে	@maghrib
ইফতারের সময় এর আগে	<@maghrib
ইফতারের সময় এর সময়	@maghrib
ইফতারের সময়র পর	@maghrib
ইফতারের সময়র পরে	@maghrib
ইফতারের সময়র আগে	<@maghrib
ইফতারের সময়র সময়	@maghrib
ইফতারের সময় পর	@maghrib
ইফতারের সময় পরে	@maghrib
ইফতারের সময় আগে	<@maghrib
ইফতারের সময় এ	@maghrib
ইফতারের সময়	@maghrib
after ইফতারের	@maghrib
ইফতারের er por	@maghrib
ইফতারের er pore	@maghrib
ইফতারের porey	@maghrib
before ইফতারের	<@maghrib
ইফতারের er age	<@maghrib
ইফতারের er agey	<@maghrib
at ইফতারের	@maghrib
by ইফতারের	<@maghrib
around ইফতারের	~@maghrib
ইফতারের e	@maghrib
ইফতারের er somoy	@maghrib
ইফতারের er shomoy	@maghrib
ইফতারের time	@maghrib
ইফতারের এর পর	@maghrib
ইফতারের এর পরে	@maghrib
ইফতারের এর আগে	<@maghrib
ইফতারের এর সময়	@maghrib
ইফতারেরর পর	@maghrib
ইফতারেরর পরে	@maghrib
ইফতারেরর আগে	<@maghrib
ইফতারেরর সময়	@maghrib
ইফতারের পর	@maghrib
ইফতারের পরে	@maghrib
ইফতারের আগে	<@maghrib
ইফতারের এ	@maghrib
ইফতারের	@maghrib
after iftari	@maghrib
iftari er por	@maghrib
iftari er pore	@maghrib
iftari porey	@maghrib
before iftari	<@maghrib
iftari er age	<@maghrib
iftari er agey	<@maghrib
at iftari	@maghrib
by iftari	<@maghrib
around iftari	~@maghrib
iftari e	@maghrib
iftari er somoy	@maghrib
iftari er shomoy	@maghrib
iftari time	@maghrib
iftari এর পর	@maghrib
iftari এর পরে	@maghrib
iftari এর আগে	<@maghrib
iftari এর সময়	@maghrib
iftariর পর	@maghrib
iftariর পরে	@maghrib
iftariর আগে	<@maghrib
iftariর সময়	@maghrib
iftari পর	@maghrib
iftari পরে	@maghrib
iftari আগে	<@maghrib
iftari এ	@maghrib
iftari	@maghrib
after iftari time	@maghrib
iftari time er por	@maghrib
iftari time er pore	@maghrib
iftari time porey	@maghrib
before iftari time	<@maghrib
iftari time er age	<@maghrib
iftari time er agey	<@maghrib
at iftari time	@maghrib
by iftari time	<@maghrib
around iftari time	~@maghrib
iftari time e	@maghrib
iftari time er somoy	@maghrib
iftari time er shomoy	@maghrib
iftari time time	@maghrib
iftari time এর পর	@maghrib
iftari time এর পরে	@maghrib
iftari time এর আগে	<@maghrib
iftari time এর সময়	@maghrib
iftari timeর পর	@maghrib
iftari timeর পরে	@maghrib
iftari timeর আগে	<@maghrib
iftari timeর সময়	@maghrib
iftari time পর	@maghrib
iftari time পরে	@maghrib
iftari time আগে	<@maghrib
iftari time এ	@maghrib
after isha	@isha
isha er por	@isha
isha er pore	@isha
isha porey	@isha
before isha	<@isha
isha er age	<@isha
isha er agey	<@isha
at isha	@isha
by isha	<@isha
around isha	~@isha
isha e	@isha
isha er somoy	@isha
isha er shomoy	@isha
isha time	@isha
isha এর পর	@isha
isha এর পরে	@isha
isha এর আগে	<@isha
isha এর সময়	@isha
ishaর পর	@isha
ishaর পরে	@isha
ishaর আগে	<@isha
ishaর সময়	@isha
isha পর	@isha
isha পরে	@isha
isha আগে	<@isha
isha এ	@isha
isha	@isha
after esha	@isha
esha er por	@isha
esha er pore	@isha
esha porey	@isha
before esha	<@isha
esha er age	<@isha
esha er agey	<@isha
at esha	@isha
by esha	<@isha
around esha	~@isha
esha e	@isha
esha er somoy	@isha
esha er shomoy	@isha
esha time	@isha
esha এর পর	@isha
esha এর পরে	@isha
esha এর আগে	<@isha
esha এর সময়	@isha
eshaর পর	@isha
eshaর পরে	@isha
eshaর আগে	<@isha
eshaর সময়	@isha
esha পর	@isha
esha পরে	@isha
esha আগে	<@isha
esha এ	@isha
esha	@isha
after ishar	@isha
ishar er por	@isha
ishar er pore	@isha
ishar porey	@isha
before ishar	<@isha
ishar er age	<@isha
ishar er agey	<@isha
at ishar	@isha
by ishar	<@isha
around ishar	~@isha
ishar e	@isha
ishar er somoy	@isha
ishar er shomoy	@isha
ishar time	@isha
ishar এর পর	@isha
ishar এর পরে	@isha
ishar এর আগে	<@isha
ishar এর সময়	@isha
isharর পর	@isha
isharর পরে	@isha
isharর আগে	<@isha
isharর সময়	@isha
ishar পর	@isha
ishar পরে	@isha
ishar আগে	<@isha
ishar এ	@isha
ishar	@isha
after eshar	@isha
eshar er por	@isha
eshar er pore	@isha
eshar porey	@isha
before eshar	<@isha
eshar er age	<@isha
eshar er agey	<@isha
at eshar	@isha
by eshar	<@isha
around eshar	~@isha
eshar e	@isha
eshar er somoy	@isha
eshar er shomoy	@isha
eshar time	@isha
eshar এর পর	@isha
eshar এর পরে	@isha
eshar এর আগে	<@isha
eshar এর সময়	@isha
esharর পর	@isha
esharর পরে	@isha
esharর আগে	<@isha
esharর সময়	@isha
eshar পর	@isha
eshar পরে	@isha
eshar আগে	<@isha
eshar এ	@isha
eshar	@isha
after isha namaz	@isha
isha namaz er por	@isha
isha namaz er pore	@isha
isha namaz porey	@isha
before isha namaz	<@isha
isha namaz er age	<@isha
isha namaz er agey	<@isha
at isha namaz	@isha
by isha namaz	<@isha
around isha namaz	~@isha
isha namaz e	@isha
isha namaz er somoy	@isha
isha namaz er shomoy	@isha
isha namaz time	@isha
isha namaz এর পর	@isha
isha namaz এর পরে	@isha
isha namaz এর আগে	<@isha
isha namaz এর সময়	@isha
isha namazর পর	@isha
isha namazর পরে	@isha
isha namazর আগে	<@isha
isha namazর সময়	@isha
isha namaz পর	@isha
isha namaz পরে	@isha
isha namaz আগে	<@isha
isha namaz এ	@isha
isha namaz	@isha
after esha namaz	@isha
esha namaz er por	@isha
esha namaz er pore	@isha
esha namaz porey	@isha
before esha namaz	<@isha
esha namaz er age	<@isha
esha namaz er agey	<@isha
at esha namaz	@isha
by esha namaz	<@isha
around esha namaz	~@isha
esha namaz e	@isha
esha namaz er somoy	@isha
esha namaz er shomoy	@isha
esha namaz time	@isha
esha namaz এর পর	@isha
esha namaz এর পরে	@isha
esha namaz এর আগে	<@isha
esha namaz এর সময়	@isha
esha namazর পর	@isha
esha namazর পরে	@isha
esha namazর আগে	<@isha
esha namazর সময়	@isha
esha namaz পর	@isha
esha namaz পরে	@isha
esha namaz আগে	<@isha
esha namaz এ	@isha
esha namaz	@isha
after ishar namaz	@isha
ishar namaz er por	@isha
ishar namaz er pore	@isha
ishar namaz porey	@isha
before ishar namaz	<@isha
ishar namaz er age	<@isha
ishar namaz er agey	<@isha
at ishar namaz	@isha
by ishar namaz	<@isha
around ishar namaz	~@isha
ishar namaz e	@isha
ishar namaz er somoy	@isha
ishar namaz er shomoy	@isha
ishar namaz time	@isha
ishar namaz এর পর	@isha
ishar namaz এর পরে	@isha
ishar namaz এর আগে	<@isha
ishar namaz এর সময়	@isha
ishar namazর পর	@isha
ishar namazর পরে	@isha
ishar namazর আগে	<@isha
ishar namazর সময়	@isha
ishar namaz পর	@isha
ishar namaz পরে	@isha
ishar namaz আগে	<@isha
ishar namaz এ	@isha
ishar namaz	@isha
after eshar namaz	@isha
eshar namaz er por	@isha
eshar namaz er pore	@isha
eshar namaz porey	@isha
before eshar namaz	<@isha
eshar namaz er age	<@isha
eshar namaz er agey	<@isha
at eshar namaz	@isha
by eshar namaz	<@isha
around eshar namaz	~@isha
eshar namaz e	@isha
eshar namaz er somoy	@isha
eshar namaz er shomoy	@isha
eshar namaz time	@isha
eshar namaz এর পর	@isha
eshar namaz এর পরে	@isha
eshar namaz এর আগে	<@isha
eshar namaz এর সময়	@isha
eshar namazর পর	@isha
eshar namazর পরে	@isha
eshar namazর আগে	<@isha
eshar namazর সময়	@isha
eshar namaz পর	@isha
eshar namaz পরে	@isha
eshar namaz আগে	<@isha
eshar namaz এ	@isha
eshar namaz	@isha
after isha prayer	@isha
isha prayer er por	@isha
isha prayer er pore	@isha
isha prayer porey	@isha
before isha prayer	<@isha
isha prayer er age	<@isha
isha prayer er agey	<@isha
at isha prayer	@isha
by isha prayer	<@isha
around isha prayer	~@isha
isha prayer e	@isha
isha prayer er somoy	@isha
isha prayer er shomoy	@isha
isha prayer time	@isha
isha prayer এর পর	@isha
isha prayer এর পরে	@isha
isha prayer এর আগে	<@isha
isha prayer এর সময়	@isha
isha prayerর পর	@isha
isha prayerর পরে	@isha
isha prayerর আগে	<@isha
isha prayerর সময়	@isha
isha prayer পর	@isha
isha prayer পরে	@isha
isha prayer আগে	<@isha
isha prayer এ	@isha
isha prayer	@isha
after isha salah	@isha
isha salah er por	@isha
isha salah er pore	@isha
isha salah porey	@isha
before isha salah	<@isha
isha salah er age	<@isha
isha salah er agey	<@isha
at isha salah	@isha
by isha salah	<@isha
around isha salah	~@isha
isha salah e	@isha
isha salah er somoy	@isha
isha salah er shomoy	@isha
isha salah time	@isha
isha salah এর পর	@isha
isha salah এর পরে	@isha
isha salah এর আগে	<@isha
isha salah এর সময়	@isha
isha salahর পর	@isha
isha salahর পরে	@isha
isha salahর আগে	<@isha
isha salahর সময়	@isha
isha salah পর	@isha
isha salah পরে	@isha
isha salah আগে	<@isha
isha salah এ	@isha
isha salah	@isha
after isha salat	@isha
isha salat er por	@isha
isha salat er pore	@isha
isha salat porey	@isha
before isha salat	<@isha
isha salat er age	<@isha
isha salat er agey	<@isha
at isha salat	@isha
by isha salat	<@isha
around isha salat	~@isha
isha salat e	@isha
isha salat er somoy	@isha
isha salat er shomoy	@isha
isha salat time	@isha
isha salat এর পর	@isha
isha salat এর পরে	@isha
isha salat এর আগে	<@isha
isha salat এর সময়	@isha
isha salatর পর	@isha
isha salatর পরে	@isha
isha salatর আগে	<@isha
isha salatর সময়	@isha
isha salat পর	@isha
isha salat পরে	@isha
isha salat আগে	<@isha
isha salat এ	@isha
isha salat	@isha
after ইশা	@isha
ইশা er por	@isha
ইশা er pore	@isha
ইশা porey	@isha
before ইশা	<@isha
ইশা er age	<@isha
ইশা er agey	<@isha
at ইশা	@isha
by ইশা	<@isha
around ইশা	~@isha
ইশা e	@isha
ইশা er somoy	@isha
ইশা er shomoy	@isha
ইশা time	@isha
ইশা এর পর	@isha
ইশা এর পরে	@isha
ইশা এর আগে	<@isha
ইশা এর সময়	@isha
ইশার পর	@isha
ইশার পরে	@isha
ইশার আগে	<@isha
ইশার সময়	@isha
ইশা পর	@isha
ইশা পরে	@isha
ইশা আগে	<@isha
ইশা এ	@isha
ইশা	@isha
after এশা	@isha
এশা er por	@isha
এশা er pore	@isha
এশা porey	@isha
before এশা	<@isha
এশা er age	<@isha
এশা er agey	<@isha
at এশা	@isha
by এশা	<@isha
around এশা	~@isha
এশা e	@isha
এশা er somoy	@isha
এশা er shomoy	@isha
এশা time	@isha
এশা এর পর	@isha
এশা এর পরে	@isha
এশা এর আগে	<@isha
এশা এর সময়	@isha
এশার পর	@isha
এশার পরে	@isha
এশার আগে	<@isha
এশার সময়	@isha
এশা পর	@isha
এশা পরে	@isha
এশা আগে	<@isha
এশা এ	@isha
এশা	@isha
after ইশার	@isha
ইশার er por	@isha
ইশার er pore	@isha
ইশার porey	@isha
before ইশার	<@isha
ইশার er age	<@isha
ইশার er agey	<@isha
at ইশার	@isha
by ইশার	<@isha
around ইশার	~@isha
ইশার e	@isha
ইশার er somoy	@isha
ইশার er shomoy	@isha
ইশার time	@isha
ইশার এর পর	@isha
ইশার এর পরে	@isha
ইশার এর আগে	<@isha
ইশার এর সময়	@isha
ইশারর পর	@isha
ইশারর পরে	@isha
ইশারর আগে	<@isha
ইশারর সময়	@isha
ইশার এ	@isha
ইশার	@isha
after এশার	@isha
এশার er por	@isha
এশার er pore	@isha
এশার porey	@isha
before এশার	<@isha
এশার er age	<@isha
এশার er agey	<@isha
at এশার	@isha
by এশার	<@isha
around এশার	~@isha
এশার e	@isha
এশার er somoy	@isha
এশার er shomoy	@isha
এশার time	@isha
এশার এর পর	@isha
এশার এর পরে	@isha
এশার এর আগে	<@isha
এশার এর সময়	@isha
এশারর পর	@isha
এশারর পরে	@isha
এশারর আগে	<@isha
এশারর সময়	@isha
এশার এ	@isha
এশার	@isha
after ইশার নামাজ	@isha
ইশার নামাজ er por	@isha
ইশার নামাজ er pore	@isha
ইশার নামাজ porey	@isha
before ইশার নামাজ	<@isha
ইশার নামাজ er age	<@isha
ইশার নামাজ er agey	<@isha
at ইশার নামাজ	@isha
by ইশার নামাজ	<@isha
around ইশার নামাজ	~@isha
ইশার নামাজ e	@isha
ইশার নামাজ er somoy	@isha
ইশার নামাজ er shomoy	@isha
ইশার নামাজ time	@isha
ইশার নামাজ এর পর	@isha
ইশার নামাজ এর পরে	@isha
ইশার নামাজ এর আগে	<@isha
ইশার নামাজ এর সময়	@isha
ইশার নামাজর পর	@isha
ইশার নামাজর পরে	@isha
ইশার নামাজর আগে	<@isha
ইশার নামাজর সময়	@isha
ইশার নামাজ পর	@isha
ইশার নামাজ পরে	@isha
ইশার নামাজ আগে	<@isha
ইশার নামাজ এ	@isha
ইশার নামাজ	@isha
after এশার নামাজ	@isha
এশার নামাজ er por	@isha
এশার নামাজ er pore	@isha
এশার নামাজ porey	@isha
before এশার নামাজ	<@isha
এশার নামাজ er age	<@isha
এশার নামাজ er agey	<@isha
at এশার নামাজ	@isha
by এশার নামাজ	<@isha
around এশার নামাজ	~@isha
এশার নামাজ e	@isha
এশার নামাজ er somoy	@isha
এশার নামাজ er shomoy	@isha
এশার নামাজ time	@isha
এশার নামাজ এর পর	@isha
এশার নামাজ এর পরে	@isha
এশার নামাজ এর আগে	<@isha
এশার নামাজ এর সময়	@isha
এশার নামাজর পর	@isha
এশার নামাজর পরে	@isha
এশার নামাজর আগে	<@isha
এশার নামাজর সময়	@isha
এশার নামাজ পর	@isha
এশার নামাজ পরে	@isha
এশার নামাজ আগে	<@isha
এশার নামাজ এ	@isha
এশার নামাজ	@isha
after ইশার সময়	@isha
ইশার সময় er por	@isha
ইশার সময় er pore	@isha
ইশার সময় porey	@isha
before ইশার সময়	<@isha
ইশার সময় er age	<@isha
ইশার সময় er agey	<@isha
at ইশার সময়	@isha
by ইশার সময়	<@isha
around ইশার সময়	~@isha
ইশার সময় e	@isha
ইশার সময় er somoy	@isha
ইশার সময় er shomoy	@isha
ইশার সময় time	@isha
ইশার সময় এর পর	@isha
ইশার সময় এর পরে	@isha
ইশার সময় এর আগে	<@isha
ইশার সময় এর সময়	@isha
ইশার সময়র পর	@isha
ইশার সময়র পরে	@isha
ইশার সময়র আগে	<@isha
ইশার সময়র সময়	@isha
ইশার সময় পর	@isha
ইশার সময় পরে	@isha
ইশার সময় আগে	<@isha
ইশার সময় এ	@isha
after এশার সময়	@isha
এশার সময় er por	@isha
এশার সময় er pore	@isha
এশার সময় porey	@isha
before এশার সময়	<@isha
এশার সময় er age	<@isha
এশার সময় er agey	<@isha
at এশার সময়	@isha
by এশার সময়	<@isha
around এশার সময়	~@isha
এশার সময় e	@isha
এশার সময় er somoy	@isha
এশার সময় er shomoy	@isha
এশার সময় time	@isha
এশার সময় এর পর	@isha
এশার সময় এর পরে	@isha
এশার সময় এর আগে	<@isha
এশার সময় এর সময়	@isha
এশার সময়র পর	@isha
এশার সময়র পরে	@isha
এশার সময়র আগে	<@isha
এশার সময়র সময়	@isha
এশার সময় পর	@isha
এশার সময় পরে	@isha
এশার সময় আগে	<@isha
এশার সময় এ	@isha
after isha azan	@isha
isha azan er por	@isha
isha azan er pore	@isha
isha azan porey	@isha
before isha azan	<@isha
isha azan er age	<@isha
isha azan er agey	<@isha
at isha azan	@isha
by isha azan	<@isha
around isha azan	~@isha
isha azan e	@isha
isha azan er somoy	@isha
isha azan er shomoy	@isha
isha azan time	@isha
isha azan এর পর	@isha
isha azan এর পরে	@isha
isha azan এর আগে	<@isha
isha azan এর সময়	@isha
isha azanর পর	@isha
isha azanর পরে	@isha
isha azanর আগে	<@isha
isha azanর সময়	@isha
isha azan পর	@isha
isha azan পরে	@isha
isha azan আগে	<@isha
isha azan এ	@isha
isha azan	@isha
after isha adhan	@isha
isha adhan er por	@isha
isha adhan er pore	@isha
isha adhan porey	@isha
before isha adhan	<@isha
isha adhan er age	<@isha
isha adhan er agey	<@isha
at isha adhan	@isha
by isha adhan	<@isha
around isha adhan	~@isha
isha adhan e	@isha
isha adhan er somoy	@isha
isha adhan er shomoy	@isha
isha adhan time	@isha
isha adhan এর পর	@isha
isha adhan এর পরে	@isha
isha adhan এর আগে	<@isha
isha adhan এর সময়	@isha
isha adhanর পর	@isha
isha adhanর পরে	@isha
isha adhanর আগে	<@isha
isha adhanর সময়	@isha
isha adhan পর	@isha
isha adhan পরে	@isha
isha adhan আগে	<@isha
isha adhan এ	@isha
isha adhan	@isha
after tahajjud	@tahajjud
tahajjud er por	@tahajjud
tahajjud er pore	@tahajjud
tahajjud porey	@tahajjud
before tahajjud	<@tahajjud
tahajjud er age	<@tahajjud
tahajjud er agey	<@tahajjud
at tahajjud	@tahajjud
by tahajjud	<@tahajjud
around tahajjud	~@tahajjud
tahajjud e	@tahajjud
tahajjud er somoy	@tahajjud
tahajjud er shomoy	@tahajjud
tahajjud time	@tahajjud
tahajjud এর পর	@tahajjud
tahajjud এর পরে	@tahajjud
tahajjud এর আগে	<@tahajjud
tahajjud এর সময়	@tahajjud
tahajjudর পর	@tahajjud
tahajjudর পরে	@tahajjud
tahajjudর আগে	<@tahajjud
tahajjudর সময়	@tahajjud
tahajjud পর	@tahajjud
tahajjud পরে	@tahajjud
tahajjud আগে	<@tahajjud
tahajjud এ	@tahajjud
tahajjud	@tahajjud
after tahajud	@tahajjud
tahajud er por	@tahajjud
tahajud er pore	@tahajjud
tahajud porey	@tahajjud
before tahajud	<@tahajjud
tahajud er age	<@tahajjud
tahajud er agey	<@tahajjud
at tahajud	@tahajjud
by tahajud	<@tahajjud
around tahajud	~@tahajjud
tahajud e	@tahajjud
tahajud er somoy	@tahajjud
tahajud er shomoy	@tahajjud
tahajud time	@tahajjud
tahajud এর পর	@tahajjud
tahajud এর পরে	@tahajjud
tahajud এর আগে	<@tahajjud
tahajud এর সময়	@tahajjud
tahajudর পর	@tahajjud
tahajudর পরে	@tahajjud
tahajudর আগে	<@tahajjud
tahajudর সময়	@tahajjud
tahajud পর	@tahajjud
tahajud পরে	@tahajjud
tahajud আগে	<@tahajjud
tahajud এ	@tahajjud
tahajud	@tahajjud
after tahajjud namaz	@tahajjud
tahajjud namaz er por	@tahajjud
tahajjud namaz er pore	@tahajjud
tahajjud namaz porey	@tahajjud
before tahajjud namaz	<@tahajjud
tahajjud namaz er age	<@tahajjud
tahajjud namaz er agey	<@tahajjud
at tahajjud namaz	@tahajjud
by tahajjud namaz	<@tahajjud
around tahajjud namaz	~@tahajjud
tahajjud namaz e	@tahajjud
tahajjud namaz er somoy	@tahajjud
tahajjud namaz er shomoy	@tahajjud
tahajjud namaz time	@tahajjud
tahajjud namaz এর পর	@tahajjud
tahajjud namaz এর পরে	@tahajjud
tahajjud namaz এর আগে	<@tahajjud
tahajjud namaz এর সময়	@tahajjud
tahajjud namazর পর	@tahajjud
tahajjud namazর পরে	@tahajjud
tahajjud namazর আগে	<@tahajjud
tahajjud namazর সময়	@tahajjud
tahajjud namaz পর	@tahajjud
tahajjud namaz পরে	@tahajjud
tahajjud namaz আগে	<@tahajjud
tahajjud namaz এ	@tahajjud
tahajjud namaz	@tahajjud
after tahajud namaz	@tahajjud
tahajud namaz er por	@tahajjud
tahajud namaz er pore	@tahajjud
tahajud namaz porey	@tahajjud
before tahajud namaz	<@tahajjud
tahajud namaz er age	<@tahajjud
tahajud namaz er agey	<@tahajjud
at tahajud namaz	@tahajjud
by tahajud namaz	<@tahajjud
around tahajud namaz	~@tahajjud
tahajud namaz e	@tahajjud
tahajud namaz er somoy	@tahajjud
tahajud namaz er shomoy	@tahajjud
tahajud namaz time	@tahajjud
tahajud namaz এর পর	@tahajjud
tahajud namaz এর পরে	@tahajjud
tahajud namaz এর আগে	<@tahajjud
tahajud namaz এর সময়	@tahajjud
tahajud namazর পর	@tahajjud
tahajud namazর পরে	@tahajjud
tahajud namazর আগে	<@tahajjud
tahajud namazর সময়	@tahajjud
tahajud namaz পর	@tahajjud
tahajud namaz পরে	@tahajjud
tahajud namaz আগে	<@tahajjud
tahajud namaz এ	@tahajjud
tahajud namaz	@tahajjud
after tahajjud prayer	@tahajjud
tahajjud prayer er por	@tahajjud
tahajjud prayer er pore	@tahajjud
tahajjud prayer porey	@tahajjud
before tahajjud prayer	<@tahajjud
tahajjud prayer er age	<@tahajjud
tahajjud prayer er agey	<@tahajjud
at tahajjud prayer	@tahajjud
by tahajjud prayer	<@tahajjud
around tahajjud prayer	~@tahajjud
tahajjud prayer e	@tahajjud
tahajjud prayer er somoy	@tahajjud
tahajjud prayer er shomoy	@tahajjud
tahajjud prayer time	@tahajjud
tahajjud prayer এর পর	@tahajjud
tahajjud prayer এর পরে	@tahajjud
tahajjud prayer এর আগে	<@tahajjud
tahajjud prayer এর সময়	@tahajjud
tahajjud prayerর পর	@tahajjud
tahajjud prayerর পরে	@tahajjud
tahajjud prayerর আগে	<@tahajjud
tahajjud prayerর সময়	@tahajjud
tahajjud prayer পর	@tahajjud
tahajjud prayer পরে	@tahajjud
tahajjud prayer আগে	<@tahajjud
tahajjud prayer এ	@tahajjud
tahajjud prayer	@tahajjud
after তাহাজ্জুদ	@tahajjud
তাহাজ্জুদ er por	@tahajjud
তাহাজ্জুদ er pore	@tahajjud
তাহাজ্জুদ porey	@tahajjud
before তাহাজ্জুদ	<@tahajjud
তাহাজ্জুদ er age	<@tahajjud
তাহাজ্জুদ er agey	<@tahajjud
at তাহাজ্জুদ	@tahajjud
by তাহাজ্জুদ	<@tahajjud
around তাহাজ্জুদ	~@tahajjud
তাহাজ্জুদ e	@tahajjud
তাহাজ্জুদ er somoy	@tahajjud
তাহাজ্জুদ er shomoy	@tahajjud
তাহাজ্জুদ time	@tahajjud
তাহাজ্জুদ এর পর	@tahajjud
তাহাজ্জুদ এর পরে	@tahajjud
তাহাজ্জুদ এর আগে	<@tahajjud
তাহাজ্জুদ এর সময়	@tahajjud
তাহাজ্জুদর পর	@tahajjud
তাহাজ্জুদর পরে	@tahajjud
তাহাজ্জুদর আগে	<@tahajjud
তাহাজ্জুদর সময়	@tahajjud
তাহাজ্জুদ পর	@tahajjud
তাহাজ্জুদ পরে	@tahajjud
তাহাজ্জুদ আগে	<@tahajjud
তাহাজ্জুদ এ	@tahajjud
তাহাজ্জুদ	@tahajjud
after তাহাজ্জুদের	@tahajjud
তাহাজ্জুদের er por	@tahajjud
তাহাজ্জুদের er pore	@tahajjud
তাহাজ্জুদের porey	@tahajjud
before তাহাজ্জুদের	<@tahajjud
তাহাজ্জুদের er age	<@tahajjud
তাহাজ্জুদের er agey	<@tahajjud
at তাহাজ্জুদের	@tahajjud
by তাহাজ্জুদের	<@tahajjud
around তাহাজ্জুদের	~@tahajjud
তাহাজ্জুদের e	@tahajjud
তাহাজ্জুদের er somoy	@tahajjud
তাহাজ্জুদের er shomoy	@tahajjud
তাহাজ্জুদের time	@tahajjud
তাহাজ্জুদের এর পর	@tahajjud
তাহাজ্জুদের এর পরে	@tahajjud
তাহাজ্জুদের এর আগে	<@tahajjud
তাহাজ্জুদের এর সময়	@tahajjud
তাহাজ্জুদেরর পর	@tahajjud
তাহাজ্জুদেরর পরে	@tahajjud
তাহাজ্জুদেরর আগে	<@tahajjud
তাহাজ্জুদেরর সময়	@tahajjud
তাহাজ্জুদের পর	@tahajjud
তাহাজ্জুদের পরে	@tahajjud
তাহাজ্জুদের আগে	<@tahajjud
তাহাজ্জুদের এ	@tahajjud
তাহাজ্জুদের	@tahajjud
after তাহাজ্জুদের নামাজ	@tahajjud
তাহাজ্জুদের নামাজ er por	@tahajjud
তাহাজ্জুদের নামাজ er pore	@tahajjud
তাহাজ্জুদের নামাজ porey	@tahajjud
before তাহাজ্জুদের নামাজ	<@tahajjud
তাহাজ্জুদের নামাজ er age	<@tahajjud
তাহাজ্জুদের নামাজ er agey	<@tahajjud
at তাহাজ্জুদের নামাজ	@tahajjud
by তাহাজ্জুদের নামাজ	<@tahajjud
around তাহাজ্জুদের নামাজ	~@tahajjud
তাহাজ্জুদের নামাজ e	@tahajjud
তাহাজ্জুদের নামাজ er somoy	@tahajjud
তাহাজ্জুদের নামাজ er shomoy	@tahajjud
তাহাজ্জুদের নামাজ time	@tahajjud
তাহাজ্জুদের নামাজ এর পর	@tahajjud
তাহাজ্জুদের নামাজ এর পরে	@tahajjud
তাহাজ্জুদের নামাজ এর আগে	<@tahajjud
তাহাজ্জুদের নামাজ এর সময়	@tahajjud
তাহাজ্জুদের নামাজর পর	@tahajjud
তাহাজ্জুদের নামাজর পরে	@tahajjud
তাহাজ্জুদের নামাজর আগে	<@tahajjud
তাহাজ্জুদের নামাজর সময়	@tahajjud
তাহাজ্জুদের নামাজ পর	@tahajjud
তাহাজ্জুদের নামাজ পরে	@tahajjud
তাহাজ্জুদের নামাজ আগে	<@tahajjud
তাহাজ্জুদের নামাজ এ	@tahajjud
তাহাজ্জুদের নামাজ	@tahajjud
after তাহাজ্জুদের সময়	@tahajjud
তাহাজ্জুদের সময় er por	@tahajjud
তাহাজ্জুদের সময় er pore	@tahajjud
তাহাজ্জুদের সময় porey	@tahajjud
before তাহাজ্জুদের সময়	<@tahajjud
তাহাজ্জুদের সময় er age	<@tahajjud
তাহাজ্জুদের সময় er agey	<@tahajjud
at তাহাজ্জুদের সময়	@tahajjud
by তাহাজ্জুদের সময়	<@tahajjud
around তাহাজ্জুদের সময়	~@tahajjud
তাহাজ্জুদের সময় e	@tahajjud
তাহাজ্জুদের সময় er somoy	@tahajjud
তাহাজ্জুদের সময় er shomoy	@tahajjud
তাহাজ্জুদের সময় time	@tahajjud
তাহাজ্জুদের সময় এর পর	@tahajjud
তাহাজ্জুদের সময় এর পরে	@tahajjud
তাহাজ্জুদের সময় এর আগে	<@tahajjud
তাহাজ্জুদের সময় এর সময়	@tahajjud
তাহাজ্জুদের সময়র পর	@tahajjud
তাহাজ্জুদের সময়র পরে	@tahajjud
তাহাজ্জুদের সময়র আগে	<@tahajjud
তাহাজ্জুদের সময়র সময়	@tahajjud
তাহাজ্জুদের সময় পর	@tahajjud
তাহাজ্জুদের সময় পরে	@tahajjud
তাহাজ্জুদের সময় আগে	<@tahajjud
তাহাজ্জুদের সময় এ	@tahajjud
তাহাজ্জুদের সময়	@tahajjud
after qiyam	@tahajjud
qiyam er por	@tahajjud
qiyam er pore	@tahajjud
qiyam porey	@tahajjud
before qiyam	<@tahajjud
qiyam er age	<@tahajjud
qiyam er agey	<@tahajjud
at qiyam	@tahajjud
by qiyam	<@tahajjud
around qiyam	~@tahajjud
qiyam e	@tahajjud
qiyam er somoy	@tahajjud
qiyam er shomoy	@tahajjud
qiyam time	@tahajjud
qiyam এর পর	@tahajjud
qiyam এর পরে	@tahajjud
qiyam এর আগে	<@tahajjud
qiyam এর সময়	@tahajjud
qiyamর পর	@tahajjud
qiyamর পরে	@tahajjud
qiyamর আগে	<@tahajjud
qiyamর সময়	@tahajjud
qiyam পর	@tahajjud
qiyam পরে	@tahajjud
qiyam আগে	<@tahajjud
qiyam এ	@tahajjud
qiyam	@tahajjud
after qiyam ul layl	@tahajjud
qiyam ul layl er por	@tahajjud
qiyam ul layl er pore	@tahajjud
qiyam ul layl porey	@tahajjud
before qiyam ul layl	<@tahajjud
qiyam ul layl er age	<@tahajjud
qiyam ul layl er agey	<@tahajjud
at qiyam ul layl	@tahajjud
by qiyam ul layl	<@tahajjud
around qiyam ul layl	~@tahajjud
qiyam ul layl e	@tahajjud
qiyam ul layl er somoy	@tahajjud
qiyam ul layl er shomoy	@tahajjud
qiyam ul layl time	@tahajjud
qiyam ul layl এর পর	@tahajjud
qiyam ul layl এর পরে	@tahajjud
qiyam ul layl এর আগে	<@tahajjud
qiyam ul layl এর সময়	@tahajjud
qiyam ul laylর পর	@tahajjud
qiyam ul laylর পরে	@tahajjud
qiyam ul laylর আগে	<@tahajjud
qiyam ul laylর সময়	@tahajjud
qiyam ul layl পর	@tahajjud
qiyam ul layl পরে	@tahajjud
qiyam ul layl আগে	<@tahajjud
qiyam ul layl এ	@tahajjud
qiyam ul layl	@tahajjud
after qiyamul layl	@tahajjud
qiyamul layl er por	@tahajjud
qiyamul layl er pore	@tahajjud
qiyamul layl porey	@tahajjud
before qiyamul layl	<@tahajjud
qiyamul layl er age	<@tahajjud
qiyamul layl er agey	<@tahajjud
at qiyamul layl	@tahajjud
by qiyamul layl	<@tahajjud
around qiyamul layl	~@tahajjud
qiyamul layl e	@tahajjud
qiyamul layl er somoy	@tahajjud
qiyamul layl er shomoy	@tahajjud
qiyamul layl time	@tahajjud
qiyamul layl এর পর	@tahajjud
qiyamul layl এর পরে	@tahajjud
qiyamul layl এর আগে	<@tahajjud
qiyamul layl এর সময়	@tahajjud
qiyamul laylর পর	@tahajjud
qiyamul laylর পরে	@tahajjud
qiyamul laylর আগে	<@tahajjud
qiyamul laylর সময়	@tahajjud
qiyamul layl পর	@tahajjud
qiyamul layl পরে	@tahajjud
qiyamul layl আগে	<@tahajjud
qiyamul layl এ	@tahajjud
qiyamul layl	@tahajjud
after night prayer	@tahajjud
night prayer er por	@tahajjud
night prayer er pore	@tahajjud
night prayer porey	@tahajjud
before night prayer	<@tahajjud
night prayer er age	<@tahajjud
night prayer er agey	<@tahajjud
at night prayer	@tahajjud
by night prayer	<@tahajjud
around night prayer	~@tahajjud
night prayer e	@tahajjud
night prayer er somoy	@tahajjud
night prayer er shomoy	@tahajjud
night prayer time	@tahajjud
night prayer এর পর	@tahajjud
night prayer এর পরে	@tahajjud
night prayer এর আগে	<@tahajjud
night prayer এর সময়	@tahajjud
night prayerর পর	@tahajjud
night prayerর পরে	@tahajjud
night prayerর আগে	<@tahajjud
night prayerর সময়	@tahajjud
night prayer পর	@tahajjud
night prayer পরে	@tahajjud
night prayer আগে	<@tahajjud
night prayer এ	@tahajjud
night prayer	@tahajjud
after jumma	@jumma
jumma er por	@jumma
jumma er pore	@jumma
jumma porey	@jumma
before jumma	<@jumma
jumma er age	<@jumma
jumma er agey	<@jumma
at jumma	@jumma
by jumma	<@jumma
around jumma	~@jumma
jumma e	@jumma
jumma er somoy	@jumma
jumma er shomoy	@jumma
jumma time	@jumma
jumma এর পর	@jumma
jumma এর পরে	@jumma
jumma এর আগে	<@jumma
jumma এর সময়	@jumma
jummaর পর	@jumma
jummaর পরে	@jumma
jummaর আগে	<@jumma
jummaর সময়	@jumma
jumma পর	@jumma
jumma পরে	@jumma
jumma আগে	<@jumma
jumma এ	@jumma
jumma	@jumma
after jummah	@jumma
jummah er por	@jumma
jummah er pore	@jumma
jummah porey	@jumma
before jummah	<@jumma
jummah er age	<@jumma
jummah er agey	<@jumma
at jummah	@jumma
by jummah	<@jumma
around jummah	~@jumma
jummah e	@jumma
jummah er somoy	@jumma
jummah er shomoy	@jumma
jummah time	@jumma
jummah এর পর	@jumma
jummah এর পরে	@jumma
jummah এর আগে	<@jumma
jummah এর সময়	@jumma
jummahর পর	@jumma
jummahর পরে	@jumma
jummahর আগে	<@jumma
jummahর সময়	@jumma
jummah পর	@jumma
jummah পরে	@jumma
jummah আগে	<@jumma
jummah এ	@jumma
jummah	@jumma
after jumah	@jumma
jumah er por	@jumma
jumah er pore	@jumma
jumah porey	@jumma
before jumah	<@jumma
jumah er age	<@jumma
jumah er agey	<@jumma
at jumah	@jumma
by jumah	<@jumma
around jumah	~@jumma
jumah e	@jumma
jumah er somoy	@jumma
jumah er shomoy	@jumma
jumah time	@jumma
jumah এর পর	@jumma
jumah এর পরে	@jumma
jumah এর আগে	<@jumma
jumah এর সময়	@jumma
jumahর পর	@jumma
jumahর পরে	@jumma
jumahর আগে	<@jumma
jumahর সময়	@jumma
jumah পর	@jumma
jumah পরে	@jumma
jumah আগে	<@jumma
jumah এ	@jumma
jumah	@jumma
after jumuah	@jumma
jumuah er por	@jumma
jumuah er pore	@jumma
jumuah porey	@jumma
before jumuah	<@jumma
jumuah er age	<@jumma
jumuah er agey	<@jumma
at jumuah	@jumma
by jumuah	<@jumma
around jumuah	~@jumma
jumuah e	@jumma
jumuah er somoy	@jumma
jumuah er shomoy	@jumma
jumuah time	@jumma
jumuah এর পর	@jumma
jumuah এর পরে	@jumma
jumuah এর আগে	<@jumma
jumuah এর সময়	@jumma
jumuahর পর	@jumma
jumuahর পরে	@jumma
jumuahর আগে	<@jumma
jumuahর সময়	@jumma
jumuah পর	@jumma
jumuah পরে	@jumma
jumuah আগে	<@jumma
jumuah এ	@jumma
jumuah	@jumma
after juma	@jumma
juma er por	@jumma
juma er pore	@jumma
juma porey	@jumma
before juma	<@jumma
juma er age	<@jumma
juma er agey	<@jumma
at juma	@jumma
by juma	<@jumma
around juma	~@jumma
juma e	@jumma
juma er somoy	@jumma
juma er shomoy	@jumma
juma time	@jumma
juma এর পর	@jumma
juma এর পরে	@jumma
juma এর আগে	<@jumma
juma এর সময়	@jumma
jumaর পর	@jumma
jumaর পরে	@jumma
jumaর আগে	<@jumma
jumaর সময়	@jumma
juma পর	@jumma
juma পরে	@jumma
juma আগে	<@jumma
juma এ	@jumma
juma	@jumma
after jumma namaz	@jumma
jumma namaz er por	@jumma
jumma namaz er pore	@jumma
jumma namaz porey	@jumma
before jumma namaz	<@jumma
jumma namaz er age	<@jumma
jumma namaz er agey	<@jumma
at jumma namaz	@jumma
by jumma namaz	<@jumma
around jumma namaz	~@jumma
jumma namaz e	@jumma
jumma namaz er somoy	@jumma
jumma namaz er shomoy	@jumma
jumma namaz time	@jumma
jumma namaz এর পর	@jumma
jumma namaz এর পরে	@jumma
jumma namaz এর আগে	<@jumma
jumma namaz এর সময়	@jumma
jumma namazর পর	@jumma
jumma namazর পরে	@jumma
jumma namazর আগে	<@jumma
jumma namazর সময়	@jumma
jumma namaz পর	@jumma
jumma namaz পরে	@jumma
jumma namaz আগে	<@jumma
jumma namaz এ	@jumma
jumma namaz	@jumma
after jummah namaz	@jumma
jummah namaz er por	@jumma
jummah namaz er pore	@jumma
jummah namaz porey	@jumma
before jummah namaz	<@jumma
jummah namaz er age	<@jumma
jummah namaz er agey	<@jumma
at jummah namaz	@jumma
by jummah namaz	<@jumma
around jummah namaz	~@jumma
jummah namaz e	@jumma
jummah namaz er somoy	@jumma
jummah namaz er shomoy	@jumma
jummah namaz time	@jumma
jummah namaz এর পর	@jumma
jummah namaz এর পরে	@jumma
jummah namaz এর আগে	<@jumma
jummah namaz এর সময়	@jumma
jummah namazর পর	@jumma
jummah namazর পরে	@jumma
jummah namazর আগে	<@jumma
jummah namazর সময়	@jumma
jummah namaz পর	@jumma
jummah namaz পরে	@jumma
jummah namaz আগে	<@jumma
jummah namaz এ	@jumma
jummah namaz	@jumma
after jumah namaz	@jumma
jumah namaz er por	@jumma
jumah namaz er pore	@jumma
jumah namaz porey	@jumma
before jumah namaz	<@jumma
jumah namaz er age	<@jumma
jumah namaz er agey	<@jumma
at jumah namaz	@jumma
by jumah namaz	<@jumma
around jumah namaz	~@jumma
jumah namaz e	@jumma
jumah namaz er somoy	@jumma
jumah namaz er shomoy	@jumma
jumah namaz time	@jumma
jumah namaz এর পর	@jumma
jumah namaz এর পরে	@jumma
jumah namaz এর আগে	<@jumma
jumah namaz এর সময়	@jumma
jumah namazর পর	@jumma
jumah namazর পরে	@jumma
jumah namazর আগে	<@jumma
jumah namazর সময়	@jumma
jumah namaz পর	@jumma
jumah namaz পরে	@jumma
jumah namaz আগে	<@jumma
jumah namaz এ	@jumma
jumah namaz	@jumma
after jumuah namaz	@jumma
jumuah namaz er por	@jumma
jumuah namaz er pore	@jumma
jumuah namaz porey	@jumma
before jumuah namaz	<@jumma
jumuah namaz er age	<@jumma
jumuah namaz er agey	<@jumma
at jumuah namaz	@jumma
by jumuah namaz	<@jumma
around jumuah namaz	~@jumma
jumuah namaz e	@jumma
jumuah namaz er somoy	@jumma
jumuah namaz er shomoy	@jumma
jumuah namaz time	@jumma
jumuah namaz এর পর	@jumma
jumuah namaz এর পরে	@jumma
jumuah namaz এর আগে	<@jumma
jumuah namaz এর সময়	@jumma
jumuah namazর পর	@jumma
jumuah namazর পরে	@jumma
jumuah namazর আগে	<@jumma
jumuah namazর সময়	@jumma
jumuah namaz পর	@jumma
jumuah namaz পরে	@jumma
jumuah namaz আগে	<@jumma
jumuah namaz এ	@jumma
jumuah namaz	@jumma
after juma namaz	@jumma
juma namaz er por	@jumma
juma namaz er pore	@jumma
juma namaz porey	@jumma
before juma namaz	<@jumma
juma namaz er age	<@jumma
juma namaz er agey	<@jumma
at juma namaz	@jumma
by juma namaz	<@jumma
around juma namaz	~@jumma
juma namaz e	@jumma
juma namaz er somoy	@jumma
juma namaz er shomoy	@jumma
juma namaz time	@jumma
juma namaz এর পর	@jumma
juma namaz এর পরে	@jumma
juma namaz এর আগে	<@jumma
juma namaz এর সময়	@jumma
juma namazর পর	@jumma
juma namazর পরে	@jumma
juma namazর আগে	<@jumma
juma namazর সময়	@jumma
juma namaz পর	@jumma
juma namaz পরে	@jumma
juma namaz আগে	<@jumma
juma namaz এ	@jumma
juma namaz	@jumma
after friday prayer	@jumma
friday prayer er por	@jumma
friday prayer er pore	@jumma
friday prayer porey	@jumma
before friday prayer	<@jumma
friday prayer er age	<@jumma
friday prayer er agey	<@jumma
at friday prayer	@jumma
by friday prayer	<@jumma
around friday prayer	~@jumma
friday prayer e	@jumma
friday prayer er somoy	@jumma
friday prayer er shomoy	@jumma
friday prayer time	@jumma
friday prayer এর পর	@jumma
friday prayer এর পরে	@jumma
friday prayer এর আগে	<@jumma
friday prayer এর সময়	@jumma
friday prayerর পর	@jumma
friday prayerর পরে	@jumma
friday prayerর আগে	<@jumma
friday prayerর সময়	@jumma
friday prayer পর	@jumma
friday prayer পরে	@jumma
friday prayer আগে	<@jumma
friday prayer এ	@jumma
friday prayer	@jumma
after friday namaz	@jumma
friday namaz er por	@jumma
friday namaz er pore	@jumma
friday namaz porey	@jumma
before friday namaz	<@jumma
friday namaz er age	<@jumma
friday namaz er agey	<@jumma
at friday namaz	@jumma
by friday namaz	<@jumma
around friday namaz	~@jumma
friday namaz e	@jumma
friday namaz er somoy	@jumma
friday namaz er shomoy	@jumma
friday namaz time	@jumma
friday namaz এর পর	@jumma
friday namaz এর পরে	@jumma
friday namaz এর আগে	<@jumma
friday namaz এর সময়	@jumma
friday namazর পর	@jumma
friday namazর পরে	@jumma
friday namazর আগে	<@jumma
friday namazর সময়	@jumma
friday namaz পর	@jumma
friday namaz পরে	@jumma
friday namaz আগে	<@jumma
friday namaz এ	@jumma
friday namaz	@jumma
after জুমা	@jumma
জুমা er por	@jumma
জুমা er pore	@jumma
জুমা porey	@jumma
before জুমা	<@jumma
জুমা er age	<@jumma
জুমা er agey	<@jumma
at জুমা	@jumma
by জুমা	<@jumma
around জুমা	~@jumma
জুমা e	@jumma
জুমা er somoy	@jumma
জুমা er shomoy	@jumma
জুমা time	@jumma
জুমা এর পর	@jumma
জুমা এর পরে	@jumma
জুমা এর আগে	<@jumma
জুমা এর সময়	@jumma
জুমার পর	@jumma
জুমার পরে	@jumma
জুমার আগে	<@jumma
জুমার সময়	@jumma
জুমা পর	@jumma
জুমা পরে	@jumma
জুমা আগে	<@jumma
জুমা এ	@jumma
জুমা	@jumma
after জুমার	@jumma
জুমার er por	@jumma
জুমার er pore	@jumma
জুমার porey	@jumma
before জুমার	<@jumma
জুমার er age	<@jumma
জুমার er agey	<@jumma
at জুমার	@jumma
by জুমার	<@jumma
around জুমার	~@jumma
জুমার e	@jumma
জুমার er somoy	@jumma
জুমার er shomoy	@jumma
জুমার time	@jumma
জুমার এর পর	@jumma
জুমার এর পরে	@jumma
জুমার এর আগে	<@jumma
জুমার এর সময়	@jumma
জুমারর পর	@jumma
জুমারর পরে	@jumma
জুমারর আগে	<@jumma
জুমারর সময়	@jumma
জুমার এ	@jumma
জুমার	@jumma
after জুম্মা	@jumma
জুম্মা er por	@jumma
জুম্মা er pore	@jumma
জুম্মা porey	@jumma
before জুম্মা	<@jumma
জুম্মা er age	<@jumma
জুম্মা er agey	<@jumma
at জুম্মা	@jumma
by জুম্মা	<@jumma
around জুম্মা	~@jumma
জুম্মা e	@jumma
জুম্মা er somoy	@jumma
জুম্মা er shomoy	@jumma
জুম্মা time	@jumma
জুম্মা এর পর	@jumma
জুম্মা এর পরে	@jumma
জুম্মা এর আগে	<@jumma
জুম্মা এর সময়	@jumma
জুম্মার পর	@jumma
জুম্মার পরে	@jumma
জুম্মার আগে	<@jumma
জুম্মার সময়	@jumma
জুম্মা পর	@jumma
জুম্মা পরে	@jumma
জুম্মা আগে	<@jumma
জুম্মা এ	@jumma
জুম্মা	@jumma
after জুম্মার	@jumma
জুম্মার er por	@jumma
জুম্মার er pore	@jumma
জুম্মার porey	@jumma
before জুম্মার	<@jumma
জুম্মার er age	<@jumma
জুম্মার er agey	<@jumma
at জুম্মার	@jumma
by জুম্মার	<@jumma
around জুম্মার	~@jumma
জুম্মার e	@jumma
জুম্মার er somoy	@jumma
জুম্মার er shomoy	@jumma
জুম্মার time	@jumma
জুম্মার এর পর	@jumma
জুম্মার এর পরে	@jumma
জুম্মার এর আগে	<@jumma
জুম্মার এর সময়	@jumma
জুম্মারর পর	@jumma
জুম্মারর পরে	@jumma
জুম্মারর আগে	<@jumma
জুম্মারর সময়	@jumma
জুম্মার এ	@jumma
জুম্মার	@jumma
after জুমার নামাজ	@jumma
জুমার নামাজ er por	@jumma
জুমার নামাজ er pore	@jumma
জুমার নামাজ porey	@jumma
before জুমার নামাজ	<@jumma
জুমার নামাজ er age	<@jumma
জুমার নামাজ er agey	<@jumma
at জুমার নামাজ	@jumma
by জুমার নামাজ	<@jumma
around জুমার নামাজ	~@jumma
জুমার নামাজ e	@jumma
জুমার নামাজ er somoy	@jumma
জুমার নামাজ er shomoy	@jumma
জুমার নামাজ time	@jumma
জুমার নামাজ এর পর	@jumma
জুমার নামাজ এর পরে	@jumma
জুমার নামাজ এর আগে	<@jumma
জুমার নামাজ এর সময়	@jumma
জুমার নামাজর পর	@jumma
জুমার নামাজর পরে	@jumma
জুমার নামাজর আগে	<@jumma
জুমার নামাজর সময়	@jumma
জুমার নামাজ পর	@jumma
জুমার নামাজ পরে	@jumma
জুমার নামাজ আগে	<@jumma
জুমার নামাজ এ	@jumma
জুমার নামাজ	@jumma
after জুম্মার নামাজ	@jumma
জুম্মার নামাজ er por	@jumma
জুম্মার নামাজ er pore	@jumma
জুম্মার নামাজ porey	@jumma
before জুম্মার নামাজ	<@jumma
জুম্মার নামাজ er age	<@jumma
জুম্মার নামাজ er agey	<@jumma
at জুম্মার নামাজ	@jumma
by জুম্মার নামাজ	<@jumma
around জুম্মার নামাজ	~@jumma
জুম্মার নামাজ e	@jumma
জুম্মার নামাজ er somoy	@jumma
জুম্মার নামাজ er shomoy	@jumma
জুম্মার নামাজ time	@jumma
জুম্মার নামাজ এর পর	@jumma
জুম্মার নামাজ এর পরে	@jumma
জুম্মার নামাজ এর আগে	<@jumma
জুম্মার নামাজ এর সময়	@jumma
জুম্মার নামাজর পর	@jumma
জুম্মার নামাজর পরে	@jumma
জুম্মার নামাজর আগে	<@jumma
জুম্মার নামাজর সময়	@jumma
জুম্মার নামাজ পর	@jumma
জুম্মার নামাজ পরে	@jumma
জুম্মার নামাজ আগে	<@jumma
জুম্মার নামাজ এ	@jumma
জুম্মার নামাজ	@jumma
after জুমার সময়	@jumma
জুমার সময় er por	@jumma
জুমার সময় er pore	@jumma
জুমার সময় porey	@jumma
before জুমার সময়	<@jumma
জুমার সময় er age	<@jumma
জুমার সময় er agey	<@jumma
at জুমার সময়	@jumma
by জুমার সময়	<@jumma
around জুমার সময়	~@jumma
জুমার সময় e	@jumma
জুমার সময় er somoy	@jumma
জুমার সময় er shomoy	@jumma
জুমার সময় time	@jumma
জুমার সময় এর পর	@jumma
জুমার সময় এর পরে	@jumma
জুমার সময় এর আগে	<@jumma
জুমার সময় এর সময়	@jumma
জুমার সময়র পর	@jumma
জুমার সময়র পরে	@jumma
জুমার সময়র আগে	<@jumma
জুমার সময়র সময়	@jumma
জুমার সময় পর	@jumma
জুমার সময় পরে	@jumma
জুমার সময় আগে	<@jumma
জুমার সময় এ	@jumma
after জুম্মার সময়	@jumma
জুম্মার সময় er por	@jumma
জুম্মার সময় er pore	@jumma
জুম্মার সময় porey	@jumma
before জুম্মার সময়	<@jumma
জুম্মার সময় er age	<@jumma
জুম্মার সময় er agey	<@jumma
at জুম্মার সময়	@jumma
by জুম্মার সময়	<@jumma
around জুম্মার সময়	~@jumma
জুম্মার সময় e	@jumma
জুম্মার সময় er somoy	@jumma
জুম্মার সময় er shomoy	@jumma
জুম্মার সময় time	@jumma
জুম্মার সময় এর পর	@jumma
জুম্মার সময় এর পরে	@jumma
জুম্মার সময় এর আগে	<@jumma
জুম্মার সময় এর সময়	@jumma
জুম্মার সময়র পর	@jumma
জুম্মার সময়র পরে	@jumma
জুম্মার সময়র আগে	<@jumma
জুম্মার সময়র সময়	@jumma
জুম্মার সময় পর	@jumma
জুম্মার সময় পরে	@jumma
জুম্মার সময় আগে	<@jumma
জুম্মার সময় এ	@jumma
after jumar namaz	@jumma
jumar namaz er por	@jumma
jumar namaz er pore	@jumma
jumar namaz porey	@jumma
before jumar namaz	<@jumma
jumar namaz er age	<@jumma
jumar namaz er agey	<@jumma
at jumar namaz	@jumma
by jumar namaz	<@jumma
around jumar namaz	~@jumma
jumar namaz e	@jumma
jumar namaz er somoy	@jumma
jumar namaz er shomoy	@jumma
jumar namaz time	@jumma
jumar namaz এর পর	@jumma
jumar namaz এর পরে	@jumma
jumar namaz এর আগে	<@jumma
jumar namaz এর সময়	@jumma
jumar namazর পর	@jumma
jumar namazর পরে	@jumma
jumar namazর আগে	<@jumma
jumar namazর সময়	@jumma
jumar namaz পর	@jumma
jumar namaz পরে	@jumma
jumar namaz আগে	<@jumma
jumar namaz এ	@jumma
jumar namaz	@jumma
after jummar namaz	@jumma
jummar namaz er por	@jumma
jummar namaz er pore	@jumma
jummar namaz porey	@jumma
before jummar namaz	<@jumma
jummar namaz er age	<@jumma
jummar namaz er agey	<@jumma
at jummar namaz	@jumma
by jummar namaz	<@jumma
around jummar namaz	~@jumma
jummar namaz e	@jumma
jummar namaz er somoy	@jumma
jummar namaz er shomoy	@jumma
jummar namaz time	@jumma
jummar namaz এর পর	@jumma
jummar namaz এর পরে	@jumma
jummar namaz এর আগে	<@jumma
jummar namaz এর সময়	@jumma
jummar namazর পর	@jumma
jummar namazর পরে	@jumma
jummar namazর আগে	<@jumma
jummar namazর সময়	@jumma
jummar namaz পর	@jumma
jummar namaz পরে	@jumma
jummar namaz আগে	<@jumma
jummar namaz এ	@jumma
jummar namaz	@jumma
after jumar somoy	@jumma
jumar somoy er por	@jumma
jumar somoy er pore	@jumma
jumar somoy porey	@jumma
before jumar somoy	<@jumma
jumar somoy er age	<@jumma
jumar somoy er agey	<@jumma
at jumar somoy	@jumma
by jumar somoy	<@jumma
around jumar somoy	~@jumma
jumar somoy e	@jumma
jumar somoy er somoy	@jumma
jumar somoy er shomoy	@jumma
jumar somoy time	@jumma
jumar somoy এর পর	@jumma
jumar somoy এর পরে	@jumma
jumar somoy এর আগে	<@jumma
jumar somoy এর সময়	@jumma
jumar somoyর পর	@jumma
jumar somoyর পরে	@jumma
jumar somoyর আগে	<@jumma
jumar somoyর সময়	@jumma
jumar somoy পর	@jumma
jumar somoy পরে	@jumma
jumar somoy আগে	<@jumma
jumar somoy এ	@jumma
jumar somoy	@jumma
after jummar somoy	@jumma
jummar somoy er por	@jumma
jummar somoy er pore	@jumma
jummar somoy porey	@jumma
before jummar somoy	<@jumma
jummar somoy er age	<@jumma
jummar somoy er agey	<@jumma
at jummar somoy	@jumma
by jummar somoy	<@jumma
around jummar somoy	~@jumma
jummar somoy e	@jumma
jummar somoy er somoy	@jumma
jummar somoy er shomoy	@jumma
jummar somoy time	@jumma
jummar somoy এর পর	@jumma
jummar somoy এর পরে	@jumma
jummar somoy এর আগে	<@jumma
jummar somoy এর সময়	@jumma
jummar somoyর পর	@jumma
jummar somoyর পরে	@jumma
jummar somoyর আগে	<@jumma
jummar somoyর সময়	@jumma
jummar somoy পর	@jumma
jummar somoy পরে	@jumma
jummar somoy আগে	<@jumma
jummar somoy এ	@jumma
jummar somoy	@jumma
after jumar shomoy	@jumma
jumar shomoy er por	@jumma
jumar shomoy er pore	@jumma
jumar shomoy porey	@jumma
before jumar shomoy	<@jumma
jumar shomoy er age	<@jumma
jumar shomoy er agey	<@jumma
at jumar shomoy	@jumma
by jumar shomoy	<@jumma
around jumar shomoy	~@jumma
jumar shomoy e	@jumma
jumar shomoy er somoy	@jumma
jumar shomoy er shomoy	@jumma
jumar shomoy time	@jumma
jumar shomoy এর পর	@jumma
jumar shomoy এর পরে	@jumma
jumar shomoy এর আগে	<@jumma
jumar shomoy এর সময়	@jumma
jumar shomoyর পর	@jumma
jumar shomoyর পরে	@jumma
jumar shomoyর আগে	<@jumma
jumar shomoyর সময়	@jumma
jumar shomoy পর	@jumma
jumar shomoy পরে	@jumma
jumar shomoy আগে	<@jumma
jumar shomoy এ	@jumma
jumar shomoy	@jumma
after jummar shomoy	@jumma
jummar shomoy er por	@jumma
jummar shomoy er pore	@jumma
jummar shomoy porey	@jumma
before jummar shomoy	<@jumma
jummar shomoy er age	<@jumma
jummar shomoy er agey	<@jumma
at jummar shomoy	@jumma
by jummar shomoy	<@jumma
around jummar shomoy	~@jumma
jummar shomoy e	@jumma
jummar shomoy er somoy	@jumma
jummar shomoy er shomoy	@jumma
jummar shomoy time	@jumma
jummar shomoy এর পর	@jumma
jummar shomoy এর পরে	@jumma
jummar shomoy এর আগে	<@jumma
jummar shomoy এর সময়	@jumma
jummar shomoyর পর	@jumma
jummar shomoyর পরে	@jumma
jummar shomoyর আগে	<@jumma
jummar shomoyর সময়	@jumma
jummar shomoy পর	@jumma
jummar shomoy পরে	@jumma
jummar shomoy আগে	<@jumma
jummar shomoy এ	@jumma
jummar shomoy	@jumma
after friday jumma	@jumma
friday jumma er por	@jumma
friday jumma er pore	@jumma
friday jumma porey	@jumma
before friday jumma	<@jumma
friday jumma er age	<@jumma
friday jumma er agey	<@jumma
at friday jumma	@jumma
by friday jumma	<@jumma
around friday jumma	~@jumma
friday jumma e	@jumma
friday jumma er somoy	@jumma
friday jumma er shomoy	@jumma
friday jumma time	@jumma
friday jumma এর পর	@jumma
friday jumma এর পরে	@jumma
friday jumma এর আগে	<@jumma
friday jumma এর সময়	@jumma
friday jummaর পর	@jumma
friday jummaর পরে	@jumma
friday jummaর আগে	<@jumma
friday jummaর সময়	@jumma
friday jumma পর	@jumma
friday jumma পরে	@jumma
friday jumma আগে	<@jumma
friday jumma এ	@jumma
friday jumma	@jumma
after jumma time	@jumma
jumma time er por	@jumma
jumma time er pore	@jumma
jumma time porey	@jumma
before jumma time	<@jumma
jumma time er age	<@jumma
jumma time er agey	<@jumma
at jumma time	@jumma
by jumma time	<@jumma
around jumma time	~@jumma
jumma time e	@jumma
jumma time er somoy	@jumma
jumma time er shomoy	@jumma
jumma time time	@jumma
jumma time এর পর	@jumma
jumma time এর পরে	@jumma
jumma time এর আগে	<@jumma
jumma time এর সময়	@jumma
jumma timeর পর	@jumma
jumma timeর পরে	@jumma
jumma timeর আগে	<@jumma
jumma timeর সময়	@jumma
jumma time পর	@jumma
jumma time পরে	@jumma
jumma time আগে	<@jumma
jumma time এ	@jumma
after jummah time	@jumma
jummah time er por	@jumma
jummah time er pore	@jumma
jummah time porey	@jumma
before jummah time	<@jumma
jummah time er age	<@jumma
jummah time er agey	<@jumma
at jummah time	@jumma
by jummah time	<@jumma
around jummah time	~@jumma
jummah time e	@jumma
jummah time er somoy	@jumma
jummah time er shomoy	@jumma
jummah time time	@jumma
jummah time এর পর	@jumma
jummah time এর পরে	@jumma
jummah time এর আগে	<@jumma
jummah time এর সময়	@jumma
jummah timeর পর	@jumma
jummah timeর পরে	@jumma
jummah timeর আগে	<@jumma
jummah timeর সময়	@jumma
jummah time পর	@jumma
jummah time পরে	@jumma
jummah time আগে	<@jumma
jummah time এ	@jumma
after jumah time	@jumma
jumah time er por	@jumma
jumah time er pore	@jumma
jumah time porey	@jumma
before jumah time	<@jumma
jumah time er age	<@jumma
jumah time er agey	<@jumma
at jumah time	@jumma
by jumah time	<@jumma
around jumah time	~@jumma
jumah time e	@jumma
jumah time er somoy	@jumma
jumah time er shomoy	@jumma
jumah time time	@jumma
jumah time এর পর	@jumma
jumah time এর পরে	@jumma
jumah time এর আগে	<@jumma
jumah time এর সময়	@jumma
jumah timeর পর	@jumma
jumah timeর পরে	@jumma
jumah timeর আগে	<@jumma
jumah timeর সময়	@jumma
jumah time পর	@jumma
jumah time পরে	@jumma
jumah time আগে	<@jumma
jumah time এ	@jumma
after jumuah time	@jumma
jumuah time er por	@jumma
jumuah time er pore	@jumma
jumuah time porey	@jumma
before jumuah time	<@jumma
jumuah time er age	<@jumma
jumuah time er agey	<@jumma
at jumuah time	@jumma
by jumuah time	<@jumma
around jumuah time	~@jumma
jumuah time e	@jumma
jumuah time er somoy	@jumma
jumuah time er shomoy	@jumma
jumuah time time	@jumma
jumuah time এর পর	@jumma
jumuah time এর পরে	@jumma
jumuah time এর আগে	<@jumma
jumuah time এর সময়	@jumma
jumuah timeর পর	@jumma
jumuah timeর পরে	@jumma
jumuah timeর আগে	<@jumma
jumuah timeর সময়	@jumma
jumuah time পর	@jumma
jumuah time পরে	@jumma
jumuah time আগে	<@jumma
jumuah time এ	@jumma
after juma time	@jumma
juma time er por	@jumma
juma time er pore	@jumma
juma time porey	@jumma
before juma time	<@jumma
juma time er age	<@jumma
juma time er agey	<@jumma
at juma time	@jumma
by juma time	<@jumma
around juma time	~@jumma
juma time e	@jumma
juma time er somoy	@jumma
juma time er shomoy	@jumma
juma time time	@jumma
juma time এর পর	@jumma
juma time এর পরে	@jumma
juma time এর আগে	<@jumma
juma time এর সময়	@jumma
juma timeর পর	@jumma
juma timeর পরে	@jumma
juma timeর আগে	<@jumma
juma timeর সময়	@jumma
juma time পর	@jumma
juma time পরে	@jumma
juma time আগে	<@jumma
juma time এ	@jumma
after sehri	@sehri
sehri er por	@sehri
sehri er pore	@sehri
sehri porey	@sehri
before sehri	<@sehri
sehri er age	<@sehri
sehri er agey	<@sehri
at sehri	@sehri
by sehri	<@sehri
around sehri	~@sehri
sehri e	@sehri
sehri er somoy	@sehri
sehri er shomoy	@sehri
sehri time	@sehri
sehri এর পর	@sehri
sehri এর পরে	@sehri
sehri এর আগে	<@sehri
sehri এর সময়	@sehri
sehriর পর	@sehri
sehriর পরে	@sehri
sehriর আগে	<@sehri
sehriর সময়	@sehri
sehri পর	@sehri
sehri পরে	@sehri
sehri আগে	<@sehri
sehri এ	@sehri
sehri	@sehri
after seheri	@sehri
seheri er por	@sehri
seheri er pore	@sehri
seheri porey	@sehri
before seheri	<@sehri
seheri er age	<@sehri
seheri er agey	<@sehri
at seheri	@sehri
by seheri	<@sehri
around seheri	~@sehri
seheri e	@sehri
seheri er somoy	@sehri
seheri er shomoy	@sehri
seheri time	@sehri
seheri এর পর	@sehri
seheri এর পরে	@sehri
seheri এর আগে	<@sehri
seheri এর সময়	@sehri
seheriর পর	@sehri
seheriর পরে	@sehri
seheriর আগে	<@sehri
seheriর সময়	@sehri
seheri পর	@sehri
seheri পরে	@sehri
seheri আগে	<@sehri
seheri এ	@sehri
seheri	@sehri
after suhoor	@sehri
suhoor er por	@sehri
suhoor er pore	@sehri
suhoor porey	@sehri
before suhoor	<@sehri
suhoor er age	<@sehri
suhoor er agey	<@sehri
at suhoor	@sehri
by suhoor	<@sehri
around suhoor	~@sehri
suhoor e	@sehri
suhoor er somoy	@sehri
suhoor er shomoy	@sehri
suhoor time	@sehri
suhoor এর পর	@sehri
suhoor এর পরে	@sehri
suhoor এর আগে	<@sehri
suhoor এর সময়	@sehri
suhoorর পর	@sehri
suhoorর পরে	@sehri
suhoorর আগে	<@sehri
suhoorর সময়	@sehri
suhoor পর	@sehri
suhoor পরে	@sehri
suhoor আগে	<@sehri
suhoor এ	@sehri
suhoor	@sehri
after sahur	@sehri
sahur er por	@sehri
sahur er pore	@sehri
sahur porey	@sehri
before sahur	<@sehri
sahur er age	<@sehri
sahur er agey	<@sehri
at sahur	@sehri
by sahur	<@sehri
around sahur	~@sehri
sahur e	@sehri
sahur er somoy	@sehri
sahur er shomoy	@sehri
sahur time	@sehri
sahur এর পর	@sehri
sahur এর পরে	@sehri
sahur এর আগে	<@sehri
sahur এর সময়	@sehri
sahurর পর	@sehri
sahurর পরে	@sehri
sahurর আগে	<@sehri
sahurর সময়	@sehri
sahur পর	@sehri
sahur পরে	@sehri
sahur আগে	<@sehri
sahur এ	@sehri
sahur	@sehri
after sahoor	@sehri
sahoor er por	@sehri
sahoor er pore	@sehri
sahoor porey	@sehri
before sahoor	<@sehri
sahoor er age	<@sehri
sahoor er agey	<@sehri
at sahoor	@sehri
by sahoor	<@sehri
around sahoor	~@sehri
sahoor e	@sehri
sahoor er somoy	@sehri
sahoor er shomoy	@sehri
sahoor time	@sehri
sahoor এর পর	@sehri
sahoor এর পরে	@sehri
sahoor এর আগে	<@sehri
sahoor এর সময়	@sehri
sahoorর পর	@sehri
sahoorর পরে	@sehri
sahoorর আগে	<@sehri
sahoorর সময়	@sehri
sahoor পর	@sehri
sahoor পরে	@sehri
sahoor আগে	<@sehri
sahoor এ	@sehri
sahoor	@sehri
after sehri time	@sehri
sehri time er por	@sehri
sehri time er pore	@sehri
sehri time porey	@sehri
before sehri time	<@sehri
sehri time er age	<@sehri
sehri time er agey	<@sehri
at sehri time	@sehri
by sehri time	<@sehri
around sehri time	~@sehri
sehri time e	@sehri
sehri time er somoy	@sehri
sehri time er shomoy	@sehri
sehri time time	@sehri
sehri time এর পর	@sehri
sehri time এর পরে	@sehri
sehri time এর আগে	<@sehri
sehri time এর সময়	@sehri
sehri timeর পর	@sehri
sehri timeর পরে	@sehri
sehri timeর আগে	<@sehri
sehri timeর সময়	@sehri
sehri time পর	@sehri
sehri time পরে	@sehri
sehri time আগে	<@sehri
sehri time এ	@sehri
after seheri time	@sehri
seheri time er por	@sehri
seheri time er pore	@sehri
seheri time porey	@sehri
before seheri time	<@sehri
seheri time er age	<@sehri
seheri time er agey	<@sehri
at seheri time	@sehri
by seheri time	<@sehri
around seheri time	~@sehri
seheri time e	@sehri
seheri time er somoy	@sehri
seheri time er shomoy	@sehri
seheri time time	@sehri
seheri time এর পর	@sehri
seheri time এর পরে	@sehri
seheri time এর আগে	<@sehri
seheri time এর সময়	@sehri
seheri timeর পর	@sehri
seheri timeর পরে	@sehri
seheri timeর আগে	<@sehri
seheri timeর সময়	@sehri
seheri time পর	@sehri
seheri time পরে	@sehri
seheri time আগে	<@sehri
seheri time এ	@sehri
after suhoor time	@sehri
suhoor time er por	@sehri
suhoor time er pore	@sehri
suhoor time porey	@sehri
before suhoor time	<@sehri
suhoor time er age	<@sehri
suhoor time er agey	<@sehri
at suhoor time	@sehri
by suhoor time	<@sehri
around suhoor time	~@sehri
suhoor time e	@sehri
suhoor time er somoy	@sehri
suhoor time er shomoy	@sehri
suhoor time time	@sehri
suhoor time এর পর	@sehri
suhoor time এর পরে	@sehri
suhoor time এর আগে	<@sehri
suhoor time এর সময়	@sehri
suhoor timeর পর	@sehri
suhoor timeর পরে	@sehri
suhoor timeর আগে	<@sehri
suhoor timeর সময়	@sehri
suhoor time পর	@sehri
suhoor time পরে	@sehri
suhoor time আগে	<@sehri
suhoor time এ	@sehri
after sahur time	@sehri
sahur time er por	@sehri
sahur time er pore	@sehri
sahur time porey	@sehri
before sahur time	<@sehri
sahur time er age	<@sehri
sahur time er agey	<@sehri
at sahur time	@sehri
by sahur time	<@sehri
around sahur time	~@sehri
sahur time e	@sehri
sahur time er somoy	@sehri
sahur time er shomoy	@sehri
sahur time time	@sehri
sahur time এর পর	@sehri
sahur time এর পরে	@sehri
sahur time এর আগে	<@sehri
sahur time এর সময়	@sehri
sahur timeর পর	@sehri
sahur timeর পরে	@sehri
sahur timeর আগে	<@sehri
sahur timeর সময়	@sehri
sahur time পর	@sehri
sahur time পরে	@sehri
sahur time আগে	<@sehri
sahur time এ	@sehri
after sehri somoy	@sehri
sehri somoy er por	@sehri
sehri somoy er pore	@sehri
sehri somoy porey	@sehri
before sehri somoy	<@sehri
sehri somoy er age	<@sehri
sehri somoy er agey	<@sehri
at sehri somoy	@sehri
by sehri somoy	<@sehri
around sehri somoy	~@sehri
sehri somoy e	@sehri
sehri somoy er somoy	@sehri
sehri somoy er shomoy	@sehri
sehri somoy time	@sehri
sehri somoy এর পর	@sehri
sehri somoy এর পরে	@sehri
sehri somoy এর আগে	<@sehri
sehri somoy এর সময়	@sehri
sehri somoyর পর	@sehri
sehri somoyর পরে	@sehri
sehri somoyর আগে	<@sehri
sehri somoyর সময়	@sehri
sehri somoy পর	@sehri
sehri somoy পরে	@sehri
sehri somoy আগে	<@sehri
sehri somoy এ	@sehri
sehri somoy	@sehri
after seheri somoy	@sehri
seheri somoy er por	@sehri
seheri somoy er pore	@sehri
seheri somoy porey	@sehri
before seheri somoy	<@sehri
seheri somoy er age	<@sehri
seheri somoy er agey	<@sehri
at seheri somoy	@sehri
by seheri somoy	<@sehri
around seheri somoy	~@sehri
seheri somoy e	@sehri
seheri somoy er somoy	@sehri
seheri somoy er shomoy	@sehri
seheri somoy time	@sehri
seheri somoy এর পর	@sehri
seheri somoy এর পরে	@sehri
seheri somoy এর আগে	<@sehri
seheri somoy এর সময়	@sehri
seheri somoyর পর	@sehri
seheri somoyর পরে	@sehri
seheri somoyর আগে	<@sehri
seheri somoyর সময়	@sehri
seheri somoy পর	@sehri
seheri somoy পরে	@sehri
seheri somoy আগে	<@sehri
seheri somoy এ	@sehri
seheri somoy	@sehri
after suhoor somoy	@sehri
suhoor somoy er por	@sehri
suhoor somoy er pore	@sehri
suhoor somoy porey	@sehri
before suhoor somoy	<@sehri
suhoor somoy er age	<@sehri
suhoor somoy er agey	<@sehri
at suhoor somoy	@sehri
by suhoor somoy	<@sehri
around suhoor somoy	~@sehri
suhoor somoy e	@sehri
suhoor somoy er somoy	@sehri
suhoor somoy er shomoy	@sehri
suhoor somoy time	@sehri
suhoor somoy এর পর	@sehri
suhoor somoy এর পরে	@sehri
suhoor somoy এর আগে	<@sehri
suhoor somoy এর সময়	@sehri
suhoor somoyর পর	@sehri
suhoor somoyর পরে	@sehri
suhoor somoyর আগে	<@sehri
suhoor somoyর সময়	@sehri
suhoor somoy পর	@sehri
suhoor somoy পরে	@sehri
suhoor somoy আগে	<@sehri
suhoor somoy এ	@sehri
suhoor somoy	@sehri
after sahur somoy	@sehri
sahur somoy er por	@sehri
sahur somoy er pore	@sehri
sahur somoy porey	@sehri
before sahur somoy	<@sehri
sahur somoy er age	<@sehri
sahur somoy er agey	<@sehri
at sahur somoy	@sehri
by sahur somoy	<@sehri
around sahur somoy	~@sehri
sahur somoy e	@sehri
sahur somoy er somoy	@sehri
sahur somoy er shomoy	@sehri
sahur somoy time	@sehri
sahur somoy এর পর	@sehri
sahur somoy এর পরে	@sehri
sahur somoy এর আগে	<@sehri
sahur somoy এর সময়	@sehri
sahur somoyর পর	@sehri
sahur somoyর পরে	@sehri
sahur somoyর আগে	<@sehri
sahur somoyর সময়	@sehri
sahur somoy পর	@sehri
sahur somoy পরে	@sehri
sahur somoy আগে	<@sehri
sahur somoy এ	@sehri
sahur somoy	@sehri
after sehri shomoy	@sehri
sehri shomoy er por	@sehri
sehri shomoy er pore	@sehri
sehri shomoy porey	@sehri
before sehri shomoy	<@sehri
sehri shomoy er age	<@sehri
sehri shomoy er agey	<@sehri
at sehri shomoy	@sehri
by sehri shomoy	<@sehri
around sehri shomoy	~@sehri
sehri shomoy e	@sehri
sehri shomoy er somoy	@sehri
sehri shomoy er shomoy	@sehri
sehri shomoy time	@sehri
sehri shomoy এর পর	@sehri
sehri shomoy এর পরে	@sehri
sehri shomoy এর আগে	<@sehri
sehri shomoy এর সময়	@sehri
sehri shomoyর পর	@sehri
sehri shomoyর পরে	@sehri
sehri shomoyর আগে	<@sehri
sehri shomoyর সময়	@sehri
sehri shomoy পর	@sehri
sehri shomoy পরে	@sehri
sehri shomoy আগে	<@sehri
sehri shomoy এ	@sehri
sehri shomoy	@sehri
after seheri shomoy	@sehri
seheri shomoy er por	@sehri
seheri shomoy er pore	@sehri
seheri shomoy porey	@sehri
before seheri shomoy	<@sehri
seheri shomoy er age	<@sehri
seheri shomoy er agey	<@sehri
at seheri shomoy	@sehri
by seheri shomoy	<@sehri
around seheri shomoy	~@sehri
seheri shomoy e	@sehri
seheri shomoy er somoy	@sehri
seheri shomoy er shomoy	@sehri
seheri shomoy time	@sehri
seheri shomoy এর পর	@sehri
seheri shomoy এর পরে	@sehri
seheri shomoy এর আগে	<@sehri
seheri shomoy এর সময়	@sehri
seheri shomoyর পর	@sehri
seheri shomoyর পরে	@sehri
seheri shomoyর আগে	<@sehri
seheri shomoyর সময়	@sehri
seheri shomoy পর	@sehri
seheri shomoy পরে	@sehri
seheri shomoy আগে	<@sehri
seheri shomoy এ	@sehri
seheri shomoy	@sehri
after সেহরি	@sehri
সেহরি er por	@sehri
সেহরি er pore	@sehri
সেহরি porey	@sehri
before সেহরি	<@sehri
সেহরি er age	<@sehri
সেহরি er agey	<@sehri
at সেহরি	@sehri
by সেহরি	<@sehri
around সেহরি	~@sehri
সেহরি e	@sehri
সেহরি er somoy	@sehri
সেহরি er shomoy	@sehri
সেহরি time	@sehri
সেহরি এর পর	@sehri
সেহরি এর পরে	@sehri
সেহরি এর আগে	<@sehri
সেহরি এর সময়	@sehri
সেহরির পর	@sehri
সেহরির পরে	@sehri
সেহরির আগে	<@sehri
সেহরির সময়	@sehri
সেহরি পর	@sehri
সেহরি পরে	@sehri
সেহরি আগে	<@sehri
সেহরি এ	@sehri
সেহরি	@sehri
after সেহরী	@sehri
সেহরী er por	@sehri
সেহরী er pore	@sehri
সেহরী porey	@sehri
before সেহরী	<@sehri
সেহরী er age	<@sehri
সেহরী er agey	<@sehri
at সেহরী	@sehri
by সেহরী	<@sehri
around সেহরী	~@sehri
সেহরী e	@sehri
সেহরী er somoy	@sehri
সেহরী er shomoy	@sehri
সেহরী time	@sehri
সেহরী এর পর	@sehri
সেহরী এর পরে	@sehri
সেহরী এর আগে	<@sehri
সেহরী এর সময়	@sehri
সেহরীর পর	@sehri
সেহরীর পরে	@sehri
সেহরীর আগে	<@sehri
সেহরীর সময়	@sehri
সেহরী পর	@sehri
সেহরী পরে	@sehri
সেহরী আগে	<@sehri
সেহরী এ	@sehri
সেহরী	@sehri
after সেহরির	@sehri
সেহরির er por	@sehri
সেহরির er pore	@sehri
সেহরির porey	@sehri
before সেহরির	<@sehri
সেহরির er age	<@sehri
সেহরির er agey	<@sehri
at সেহরির	@sehri
by সেহরির	<@sehri
around সেহরির	~@sehri
সেহরির e	@sehri
সেহরির er somoy	@sehri
সেহরির er shomoy	@sehri
সেহরির time	@sehri
সেহরির এর পর	@sehri
সেহরির এর পরে	@sehri
সেহরির এর আগে	<@sehri
সেহরির এর সময়	@sehri
সেহরিরর পর	@sehri
সেহরিরর পরে	@sehri
সেহরিরর আগে	<@sehri
সেহরিরর সময়	@sehri
সেহরির এ	@sehri
সেহরির	@sehri
after সেহরীর	@sehri
সেহরীর er por	@sehri
সেহরীর er pore	@sehri
সেহরীর porey	@sehri
before সেহরীর	<@sehri
সেহরীর er age	<@sehri
সেহরীর er agey	<@sehri
at সেহরীর	@sehri
by সেহরীর	<@sehri
around সেহরীর	~@sehri
সেহরীর e	@sehri
সেহরীর er somoy	@sehri
সেহরীর er shomoy	@sehri
সেহরীর time	@sehri
সেহরীর এর পর	@sehri
সেহরীর এর পরে	@sehri
সেহরীর এর আগে	<@sehri
সেহরীর এর সময়	@sehri
সেহরীরর পর	@sehri
সেহরীরর পরে	@sehri
সেহরীরর আগে	<@sehri
সেহরীরর সময়	@sehri
সেহরীর এ	@sehri
সেহরীর	@sehri
after সেহরির সময়	@sehri
সেহরির সময় er por	@sehri
সেহরির সময় er pore	@sehri
সেহরির সময় porey	@sehri
before সেহরির সময়	<@sehri
সেহরির সময় er age	<@sehri
সেহরির সময় er agey	<@sehri
at সেহরির সময়	@sehri
by সেহরির সময়	<@sehri
around সেহরির সময়	~@sehri
সেহরির সময় e	@sehri
সেহরির সময় er somoy	@sehri
সেহরির সময় er shomoy	@sehri
সেহরির সময় time	@sehri
সেহরির সময় এর পর	@sehri
সেহরির সময় এর পরে	@sehri
সেহরির সময় এর আগে	<@sehri
সেহরির সময় এর সময়	@sehri
সেহরির সময়র পর	@sehri
সেহরির সময়র পরে	@sehri
সেহরির সময়র আগে	<@sehri
সেহরির সময়র সময়	@sehri
সেহরির সময় পর	@sehri
সেহরির সময় পরে	@sehri
সেহরির সময় আগে	<@sehri
সেহরির সময় এ	@sehri
after সেহরীর সময়	@sehri
সেহরীর সময় er por	@sehri
সেহরীর সময় er pore	@sehri
সেহরীর সময় porey	@sehri
before সেহরীর সময়	<@sehri
সেহরীর সময় er age	<@sehri
সেহরীর সময় er agey	<@sehri
at সেহরীর সময়	@sehri
by সেহরীর সময়	<@sehri
around সেহরীর সময়	~@sehri
সেহরীর সময় e	@sehri
সেহরীর সময় er somoy	@sehri
সেহরীর সময় er shomoy	@sehri
সেহরীর সময় time	@sehri
সেহরীর সময় এর পর	@sehri
সেহরীর সময় এর পরে	@sehri
সেহরীর সময় এর আগে	<@sehri
সেহরীর সময় এর সময়	@sehri
সেহরীর সময়র পর	@sehri
সেহরীর সময়র পরে	@sehri
সেহরীর সময়র আগে	<@sehri
সেহরীর সময়র সময়	@sehri
সেহরীর সময় পর	@sehri
সেহরীর সময় পরে	@sehri
সেহরীর সময় আগে	<@sehri
সেহরীর সময় এ	@sehri
after সাহরি	@sehri
সাহরি er por	@sehri
সাহরি er pore	@sehri
সাহরি porey	@sehri
before সাহরি	<@sehri
সাহরি er age	<@sehri
সাহরি er agey	<@sehri
at সাহরি	@sehri
by সাহরি	<@sehri
around সাহরি	~@sehri
সাহরি e	@sehri
সাহরি er somoy	@sehri
সাহরি er shomoy	@sehri
সাহরি time	@sehri
সাহরি এর পর	@sehri
সাহরি এর পরে	@sehri
সাহরি এর আগে	<@sehri
সাহরি এর সময়	@sehri
সাহরির পর	@sehri
সাহরির পরে	@sehri
সাহরির আগে	<@sehri
সাহরির সময়	@sehri
সাহরি পর	@sehri
সাহরি পরে	@sehri
সাহরি আগে	<@sehri
সাহরি এ	@sehri
সাহরি	@sehri
after সাহরির	@sehri
সাহরির er por	@sehri
সাহরির er pore	@sehri
সাহরির porey	@sehri
before সাহরির	<@sehri
সাহরির er age	<@sehri
সাহরির er agey	<@sehri
at সাহরির	@sehri
by সাহরির	<@sehri
around সাহরির	~@sehri
সাহরির e	@sehri
সাহরির er somoy	@sehri
সাহরির er shomoy	@sehri
সাহরির time	@sehri
সাহরির এর পর	@sehri
সাহরির এর পরে	@sehri
সাহরির এর আগে	<@sehri
সাহরির এর সময়	@sehri
সাহরিরর পর	@sehri
সাহরিরর পরে	@sehri
সাহরিরর আগে	<@sehri
সাহরিরর সময়	@sehri
সাহরির এ	@sehri
সাহরির	@sehri
after সাহরির সময়	@sehri
সাহরির সময় er por	@sehri
সাহরির সময় er pore	@sehri
সাহরির সময় porey	@sehri
before সাহরির সময়	<@sehri
সাহরির সময় er age	<@sehri
সাহরির সময় er agey	<@sehri
at সাহরির সময়	@sehri
by সাহরির সময়	<@sehri
around সাহরির সময়	~@sehri
সাহরির সময় e	@sehri
সাহরির সময় er somoy	@sehri
সাহরির সময় er shomoy	@sehri
সাহরির সময় time	@sehri
সাহরির সময় এর পর	@sehri
সাহরির সময় এর পরে	@sehri
সাহরির সময় এর আগে	<@sehri
সাহরির সময় এর সময়	@sehri
সাহরির সময়র পর	@sehri
সাহরির সময়র পরে	@sehri
সাহরির সময়র আগে	<@sehri
সাহরির সময়র সময়	@sehri
সাহরির সময় পর	@sehri
সাহরির সময় পরে	@sehri
সাহরির সময় আগে	<@sehri
সাহরির সময় এ	@sehri
after sunrise time	@sunrise
sunrise time er por	@sunrise
sunrise time er pore	@sunrise
sunrise time porey	@sunrise
before sunrise time	<@sunrise
sunrise time er age	<@sunrise
sunrise time er agey	<@sunrise
at sunrise time	@sunrise
by sunrise time	<@sunrise
around sunrise time	~@sunrise
sunrise time e	@sunrise
sunrise time er somoy	@sunrise
sunrise time er shomoy	@sunrise
sunrise time time	@sunrise
sunrise time এর পর	@sunrise
sunrise time এর পরে	@sunrise
sunrise time এর আগে	<@sunrise
sunrise time এর সময়	@sunrise
sunrise timeর পর	@sunrise
sunrise timeর পরে	@sunrise
sunrise timeর আগে	<@sunrise
sunrise timeর সময়	@sunrise
sunrise time পর	@sunrise
sunrise time পরে	@sunrise
sunrise time আগে	<@sunrise
sunrise time এ	@sunrise
sunrise time	@sunrise
after shurjodoy	@sunrise
shurjodoy er por	@sunrise
shurjodoy er pore	@sunrise
shurjodoy porey	@sunrise
before shurjodoy	<@sunrise
shurjodoy er age	<@sunrise
shurjodoy er agey	<@sunrise
at shurjodoy	@sunrise
by shurjodoy	<@sunrise
around shurjodoy	~@sunrise
shurjodoy e	@sunrise
shurjodoy er somoy	@sunrise
shurjodoy er shomoy	@sunrise
shurjodoy time	@sunrise
shurjodoy এর পর	@sunrise
shurjodoy এর পরে	@sunrise
shurjodoy এর আগে	<@sunrise
shurjodoy এর সময়	@sunrise
shurjodoyর পর	@sunrise
shurjodoyর পরে	@sunrise
shurjodoyর আগে	<@sunrise
shurjodoyর সময়	@sunrise
shurjodoy পর	@sunrise
shurjodoy পরে	@sunrise
shurjodoy আগে	<@sunrise
shurjodoy এ	@sunrise
shurjodoy	@sunrise
after suryodoy	@sunrise
suryodoy er por	@sunrise
suryodoy er pore	@sunrise
suryodoy porey	@sunrise
before suryodoy	<@sunrise
suryodoy er age	<@sunrise
suryodoy er agey	<@sunrise
at suryodoy	@sunrise
by suryodoy	<@sunrise
around suryodoy	~@sunrise
suryodoy e	@sunrise
suryodoy er somoy	@sunrise
suryodoy er shomoy	@sunrise
suryodoy time	@sunrise
suryodoy এর পর	@sunrise
suryodoy এর পরে	@sunrise
suryodoy এর আগে	<@sunrise
suryodoy এর সময়	@sunrise
suryodoyর পর	@sunrise
suryodoyর পরে	@sunrise
suryodoyর আগে	<@sunrise
suryodoyর সময়	@sunrise
suryodoy পর	@sunrise
suryodoy পরে	@sunrise
suryodoy আগে	<@sunrise
suryodoy এ	@sunrise
suryodoy	@sunrise
after shurjoday	@sunrise
shurjoday er por	@sunrise
shurjoday er pore	@sunrise
shurjoday porey	@sunrise
before shurjoday	<@sunrise
shurjoday er age	<@sunrise
shurjoday er agey	<@sunrise
at shurjoday	@sunrise
by shurjoday	<@sunrise
around shurjoday	~@sunrise
shurjoday e	@sunrise
shurjoday er somoy	@sunrise
shurjoday er shomoy	@sunrise
shurjoday time	@sunrise
shurjoday এর পর	@sunrise
shurjoday এর পরে	@sunrise
shurjoday এর আগে	<@sunrise
shurjoday এর সময়	@sunrise
shurjodayর পর	@sunrise
shurjodayর পরে	@sunrise
shurjodayর আগে	<@sunrise
shurjodayর সময়	@sunrise
shurjoday পর	@sunrise
shurjoday পরে	@sunrise
shurjoday আগে	<@sunrise
shurjoday এ	@sunrise
shurjoday	@sunrise
after suryoday	@sunrise
suryoday er por	@sunrise
suryoday er pore	@sunrise
suryoday porey	@sunrise
before suryoday	<@sunrise
suryoday er age	<@sunrise
suryoday er agey	<@sunrise
at suryoday	@sunrise
by suryoday	<@sunrise
around suryoday	~@sunrise
suryoday e	@sunrise
suryoday er somoy	@sunrise
suryoday er shomoy	@sunrise
suryoday time	@sunrise
suryoday এর পর	@sunrise
suryoday এর পরে	@sunrise
suryoday এর আগে	<@sunrise
suryoday এর সময়	@sunrise
suryodayর পর	@sunrise
suryodayর পরে	@sunrise
suryodayর আগে	<@sunrise
suryodayর সময়	@sunrise
suryoday পর	@sunrise
suryoday পরে	@sunrise
suryoday আগে	<@sunrise
suryoday এ	@sunrise
suryoday	@sunrise
after সূর্যোদয়	@sunrise
সূর্যোদয় er por	@sunrise
সূর্যোদয় er pore	@sunrise
সূর্যোদয় porey	@sunrise
before সূর্যোদয়	<@sunrise
সূর্যোদয় er age	<@sunrise
সূর্যোদয় er agey	<@sunrise
at সূর্যোদয়	@sunrise
by সূর্যোদয়	<@sunrise
around সূর্যোদয়	~@sunrise
সূর্যোদয় e	@sunrise
সূর্যোদয় er somoy	@sunrise
সূর্যোদয় er shomoy	@sunrise
সূর্যোদয় time	@sunrise
সূর্যোদয় এর পর	@sunrise
সূর্যোদয় এর পরে	@sunrise
সূর্যোদয় এর আগে	<@sunrise
সূর্যোদয় এর সময়	@sunrise
সূর্যোদয়র পর	@sunrise
সূর্যোদয়র পরে	@sunrise
সূর্যোদয়র আগে	<@sunrise
সূর্যোদয়র সময়	@sunrise
সূর্যোদয় পর	@sunrise
সূর্যোদয় পরে	@sunrise
সূর্যোদয় আগে	<@sunrise
সূর্যোদয় এ	@sunrise
সূর্যোদয়	@sunrise
after সূর্যোদয়ের সময়	@sunrise
সূর্যোদয়ের সময় er por	@sunrise
সূর্যোদয়ের সময় er pore	@sunrise
সূর্যোদয়ের সময় porey	@sunrise
before সূর্যোদয়ের সময়	<@sunrise
সূর্যোদয়ের সময় er age	<@sunrise
সূর্যোদয়ের সময় er agey	<@sunrise
at সূর্যোদয়ের সময়	@sunrise
by সূর্যোদয়ের সময়	<@sunrise
around সূর্যোদয়ের সময়	~@sunrise
সূর্যোদয়ের সময় e	@sunrise
সূর্যোদয়ের সময় er somoy	@sunrise
সূর্যোদয়ের সময় er shomoy	@sunrise
সূর্যোদয়ের সময় time	@sunrise
সূর্যোদয়ের সময় এর পর	@sunrise
সূর্যোদয়ের সময় এর পরে	@sunrise
সূর্যোদয়ের সময় এর আগে	<@sunrise
সূর্যোদয়ের সময় এর সময়	@sunrise
সূর্যোদয়ের সময়র পর	@sunrise
সূর্যোদয়ের সময়র পরে	@sunrise
সূর্যোদয়ের সময়র আগে	<@sunrise
সূর্যোদয়ের সময়র সময়	@sunrise
সূর্যোদয়ের সময় পর	@sunrise
সূর্যোদয়ের সময় পরে	@sunrise
সূর্যোদয়ের সময় আগে	<@sunrise
সূর্যোদয়ের সময় এ	@sunrise
সূর্যোদয়ের সময়	@sunrise
after সূর্য ওঠার সময়	@sunrise
সূর্য ওঠার সময় er por	@sunrise
সূর্য ওঠার সময় er pore	@sunrise
সূর্য ওঠার সময় porey	@sunrise
before সূর্য ওঠার সময়	<@sunrise
সূর্য ওঠার সময় er age	<@sunrise
সূর্য ওঠার সময় er agey	<@sunrise
at সূর্য ওঠার সময়	@sunrise
by সূর্য ওঠার সময়	<@sunrise
around সূর্য ওঠার সময়	~@sunrise
সূর্য ওঠার সময় e	@sunrise
সূর্য ওঠার সময় er somoy	@sunrise
সূর্য ওঠার সময় er shomoy	@sunrise
সূর্য ওঠার সময় time	@sunrise
সূর্য ওঠার সময় এর পর	@sunrise
সূর্য ওঠার সময় এর পরে	@sunrise
সূর্য ওঠার সময় এর আগে	<@sunrise
সূর্য ওঠার সময় এর সময়	@sunrise
সূর্য ওঠার সময়র পর	@sunrise
সূর্য ওঠার সময়র পরে	@sunrise
সূর্য ওঠার সময়র আগে	<@sunrise
সূর্য ওঠার সময়র সময়	@sunrise
সূর্য ওঠার সময় পর	@sunrise
সূর্য ওঠার সময় পরে	@sunrise
সূর্য ওঠার সময় আগে	<@sunrise
সূর্য ওঠার সময় এ	@sunrise
সূর্য ওঠার সময়	@sunrise
after surjo othar somoy	@sunrise
surjo othar somoy er por	@sunrise
surjo othar somoy er pore	@sunrise
surjo othar somoy porey	@sunrise
before surjo othar somoy	<@sunrise
surjo othar somoy er age	<@sunrise
surjo othar somoy er agey	<@sunrise
at surjo othar somoy	@sunrise
by surjo othar somoy	<@sunrise
around surjo othar somoy	~@sunrise
surjo othar somoy e	@sunrise
surjo othar somoy er somoy	@sunrise
surjo othar somoy er shomoy	@sunrise
surjo othar somoy time	@sunrise
surjo othar somoy এর পর	@sunrise
surjo othar somoy এর পরে	@sunrise
surjo othar somoy এর আগে	<@sunrise
surjo othar somoy এর সময়	@sunrise
surjo othar somoyর পর	@sunrise
surjo othar somoyর পরে	@sunrise
surjo othar somoyর আগে	<@sunrise
surjo othar somoyর সময়	@sunrise
surjo othar somoy পর	@sunrise
surjo othar somoy পরে	@sunrise
surjo othar somoy আগে	<@sunrise
surjo othar somoy এ	@sunrise
surjo othar somoy	@sunrise
after shurjo othar somoy	@sunrise
shurjo othar somoy er por	@sunrise
shurjo othar somoy er pore	@sunrise
shurjo othar somoy porey	@sunrise
before shurjo othar somoy	<@sunrise
shurjo othar somoy er age	<@sunrise
shurjo othar somoy er agey	<@sunrise
at shurjo othar somoy	@sunrise
by shurjo othar somoy	<@sunrise
around shurjo othar somoy	~@sunrise
shurjo othar somoy e	@sunrise
shurjo othar somoy er somoy	@sunrise
shurjo othar somoy er shomoy	@sunrise
shurjo othar somoy time	@sunrise
shurjo othar somoy এর পর	@sunrise
shurjo othar somoy এর পরে	@sunrise
shurjo othar somoy এর আগে	<@sunrise
shurjo othar somoy এর সময়	@sunrise
shurjo othar somoyর পর	@sunrise
shurjo othar somoyর পরে	@sunrise
shurjo othar somoyর আগে	<@sunrise
shurjo othar somoyর সময়	@sunrise
shurjo othar somoy পর	@sunrise
shurjo othar somoy পরে	@sunrise
shurjo othar somoy আগে	<@sunrise
shurjo othar somoy এ	@sunrise
shurjo othar somoy	@sunrise
after sun rise time	@sunrise
sun rise time er por	@sunrise
sun rise time er pore	@sunrise
sun rise time porey	@sunrise
before sun rise time	<@sunrise
sun rise time er age	<@sunrise
sun rise time er agey	<@sunrise
at sun rise time	@sunrise
by sun rise time	<@sunrise
around sun rise time	~@sunrise
sun rise time e	@sunrise
sun rise time er somoy	@sunrise
sun rise time er shomoy	@sunrise
sun rise time time	@sunrise
sun rise time এর পর	@sunrise
sun rise time এর পরে	@sunrise
sun rise time এর আগে	<@sunrise
sun rise time এর সময়	@sunrise
sun rise timeর পর	@sunrise
sun rise timeর পরে	@sunrise
sun rise timeর আগে	<@sunrise
sun rise timeর সময়	@sunrise
sun rise time পর	@sunrise
sun rise time পরে	@sunrise
sun rise time আগে	<@sunrise
sun rise time এ	@sunrise
sun rise time	@sunrise
after sunset time	@sunset
sunset time er por	@sunset
sunset time er pore	@sunset
sunset time porey	@sunset
before sunset time	<@sunset
sunset time er age	<@sunset
sunset time er agey	<@sunset
at sunset time	@sunset
by sunset time	<@sunset
around sunset time	~@sunset
sunset time e	@sunset
sunset time er somoy	@sunset
sunset time er shomoy	@sunset
sunset time time	@sunset
sunset time এর পর	@sunset
sunset time এর পরে	@sunset
sunset time এর আগে	<@sunset
sunset time এর সময়	@sunset
sunset timeর পর	@sunset
sunset timeর পরে	@sunset
sunset timeর আগে	<@sunset
sunset timeর সময়	@sunset
sunset time পর	@sunset
sunset time পরে	@sunset
sunset time আগে	<@sunset
sunset time এ	@sunset
sunset time	@sunset
after shurjasto	@sunset
shurjasto er por	@sunset
shurjasto er pore	@sunset
shurjasto porey	@sunset
before shurjasto	<@sunset
shurjasto er age	<@sunset
shurjasto er agey	<@sunset
at shurjasto	@sunset
by shurjasto	<@sunset
around shurjasto	~@sunset
shurjasto e	@sunset
shurjasto er somoy	@sunset
shurjasto er shomoy	@sunset
shurjasto time	@sunset
shurjasto এর পর	@sunset
shurjasto এর পরে	@sunset
shurjasto এর আগে	<@sunset
shurjasto এর সময়	@sunset
shurjastoর পর	@sunset
shurjastoর পরে	@sunset
shurjastoর আগে	<@sunset
shurjastoর সময়	@sunset
shurjasto পর	@sunset
shurjasto পরে	@sunset
shurjasto আগে	<@sunset
shurjasto এ	@sunset
shurjasto	@sunset
after suryasto	@sunset
suryasto er por	@sunset
suryasto er pore	@sunset
suryasto porey	@sunset
before suryasto	<@sunset
suryasto er age	<@sunset
suryasto er agey	<@sunset
at suryasto	@sunset
by suryasto	<@sunset
around suryasto	~@sunset
suryasto e	@sunset
suryasto er somoy	@sunset
suryasto er shomoy	@sunset
suryasto time	@sunset
suryasto এর পর	@sunset
suryasto এর পরে	@sunset
suryasto এর আগে	<@sunset
suryasto এর সময়	@sunset
suryastoর পর	@sunset
suryastoর পরে	@sunset
suryastoর আগে	<@sunset
suryastoর সময়	@sunset
suryasto পর	@sunset
suryasto পরে	@sunset
suryasto আগে	<@sunset
suryasto এ	@sunset
suryasto	@sunset
after surjasto	@sunset
surjasto er por	@sunset
surjasto er pore	@sunset
surjasto porey	@sunset
before surjasto	<@sunset
surjasto er age	<@sunset
surjasto er agey	<@sunset
at surjasto	@sunset
by surjasto	<@sunset
around surjasto	~@sunset
surjasto e	@sunset
surjasto er somoy	@sunset
surjasto er shomoy	@sunset
surjasto time	@sunset
surjasto এর পর	@sunset
surjasto এর পরে	@sunset
surjasto এর আগে	<@sunset
surjasto এর সময়	@sunset
surjastoর পর	@sunset
surjastoর পরে	@sunset
surjastoর আগে	<@sunset
surjastoর সময়	@sunset
surjasto পর	@sunset
surjasto পরে	@sunset
surjasto আগে	<@sunset
surjasto এ	@sunset
surjasto	@sunset
after shurjasta	@sunset
shurjasta er por	@sunset
shurjasta er pore	@sunset
shurjasta porey	@sunset
before shurjasta	<@sunset
shurjasta er age	<@sunset
shurjasta er agey	<@sunset
at shurjasta	@sunset
by shurjasta	<@sunset
around shurjasta	~@sunset
shurjasta e	@sunset
shurjasta er somoy	@sunset
shurjasta er shomoy	@sunset
shurjasta time	@sunset
shurjasta এর পর	@sunset
shurjasta এর পরে	@sunset
shurjasta এর আগে	<@sunset
shurjasta এর সময়	@sunset
shurjastaর পর	@sunset
shurjastaর পরে	@sunset
shurjastaর আগে	<@sunset
shurjastaর সময়	@sunset
shurjasta পর	@sunset
shurjasta পরে	@sunset
shurjasta আগে	<@sunset
shurjasta এ	@sunset
shurjasta	@sunset
after সূর্যাস্ত	@sunset
সূর্যাস্ত er por	@sunset
সূর্যাস্ত er pore	@sunset
সূর্যাস্ত porey	@sunset
before সূর্যাস্ত	<@sunset
সূর্যাস্ত er age	<@sunset
সূর্যাস্ত er agey	<@sunset
at সূর্যাস্ত	@sunset
by সূর্যাস্ত	<@sunset
around সূর্যাস্ত	~@sunset
সূর্যাস্ত e	@sunset
সূর্যাস্ত er somoy	@sunset
সূর্যাস্ত er shomoy	@sunset
সূর্যাস্ত time	@sunset
সূর্যাস্ত এর পর	@sunset
সূর্যাস্ত এর পরে	@sunset
সূর্যাস্ত এর আগে	<@sunset
সূর্যাস্ত এর সময়	@sunset
সূর্যাস্তর পর	@sunset
সূর্যাস্তর পরে	@sunset
সূর্যাস্তর আগে	<@sunset
সূর্যাস্তর সময়	@sunset
সূর্যাস্ত পর	@sunset
সূর্যাস্ত পরে	@sunset
সূর্যাস্ত আগে	<@sunset
সূর্যাস্ত এ	@sunset
সূর্যাস্ত	@sunset
after সূর্যাস্তের সময়	@sunset
সূর্যাস্তের সময় er por	@sunset
সূর্যাস্তের সময় er pore	@sunset
সূর্যাস্তের সময় porey	@sunset
before সূর্যাস্তের সময়	<@sunset
সূর্যাস্তের সময় er age	<@sunset
সূর্যাস্তের সময় er agey	<@sunset
at সূর্যাস্তের সময়	@sunset
by সূর্যাস্তের সময়	<@sunset
around সূর্যাস্তের সময়	~@sunset
সূর্যাস্তের সময় e	@sunset
সূর্যাস্তের সময় er somoy	@sunset
সূর্যাস্তের সময় er shomoy	@sunset
সূর্যাস্তের সময় time	@sunset
সূর্যাস্তের সময় এর পর	@sunset
সূর্যাস্তের সময় এর পরে	@sunset
সূর্যাস্তের সময় এর আগে	<@sunset
সূর্যাস্তের সময় এর সময়	@sunset
সূর্যাস্তের সময়র পর	@sunset
সূর্যাস্তের সময়র পরে	@sunset
সূর্যাস্তের সময়র আগে	<@sunset
সূর্যাস্তের সময়র সময়	@sunset
সূর্যাস্তের সময় পর	@sunset
সূর্যাস্তের সময় পরে	@sunset
সূর্যাস্তের সময় আগে	<@sunset
সূর্যাস্তের সময় এ	@sunset
সূর্যাস্তের সময়	@sunset
after সূর্য ডোবার সময়	@sunset
সূর্য ডোবার সময় er por	@sunset
সূর্য ডোবার সময় er pore	@sunset
সূর্য ডোবার সময় porey	@sunset
before সূর্য ডোবার সময়	<@sunset
সূর্য ডোবার সময় er age	<@sunset
সূর্য ডোবার সময় er agey	<@sunset
at সূর্য ডোবার সময়	@sunset
by সূর্য ডোবার সময়	<@sunset
around সূর্য ডোবার সময়	~@sunset
সূর্য ডোবার সময় e	@sunset
সূর্য ডোবার সময় er somoy	@sunset
সূর্য ডোবার সময় er shomoy	@sunset
সূর্য ডোবার সময় time	@sunset
সূর্য ডোবার সময় এর পর	@sunset
সূর্য ডোবার সময় এর পরে	@sunset
সূর্য ডোবার সময় এর আগে	<@sunset
সূর্য ডোবার সময় এর সময়	@sunset
সূর্য ডোবার সময়র পর	@sunset
সূর্য ডোবার সময়র পরে	@sunset
সূর্য ডোবার সময়র আগে	<@sunset
সূর্য ডোবার সময়র সময়	@sunset
সূর্য ডোবার সময় পর	@sunset
সূর্য ডোবার সময় পরে	@sunset
সূর্য ডোবার সময় আগে	<@sunset
সূর্য ডোবার সময় এ	@sunset
সূর্য ডোবার সময়	@sunset
after surjo dobar somoy	@sunset
surjo dobar somoy er por	@sunset
surjo dobar somoy er pore	@sunset
surjo dobar somoy porey	@sunset
before surjo dobar somoy	<@sunset
surjo dobar somoy er age	<@sunset
surjo dobar somoy er agey	<@sunset
at surjo dobar somoy	@sunset
by surjo dobar somoy	<@sunset
around surjo dobar somoy	~@sunset
surjo dobar somoy e	@sunset
surjo dobar somoy er somoy	@sunset
surjo dobar somoy er shomoy	@sunset
surjo dobar somoy time	@sunset
surjo dobar somoy এর পর	@sunset
surjo dobar somoy এর পরে	@sunset
surjo dobar somoy এর আগে	<@sunset
surjo dobar somoy এর সময়	@sunset
surjo dobar somoyর পর	@sunset
surjo dobar somoyর পরে	@sunset
surjo dobar somoyর আগে	<@sunset
surjo dobar somoyর সময়	@sunset
surjo dobar somoy পর	@sunset
surjo dobar somoy পরে	@sunset
surjo dobar somoy আগে	<@sunset
surjo dobar somoy এ	@sunset
surjo dobar somoy	@sunset
after shurjo dobar somoy	@sunset
shurjo dobar somoy er por	@sunset
shurjo dobar somoy er pore	@sunset
shurjo dobar somoy porey	@sunset
before shurjo dobar somoy	<@sunset
shurjo dobar somoy er age	<@sunset
shurjo dobar somoy er agey	<@sunset
at shurjo dobar somoy	@sunset
by shurjo dobar somoy	<@sunset
around shurjo dobar somoy	~@sunset
shurjo dobar somoy e	@sunset
shurjo dobar somoy er somoy	@sunset
shurjo dobar somoy er shomoy	@sunset
shurjo dobar somoy time	@sunset
shurjo dobar somoy এর পর	@sunset
shurjo dobar somoy এর পরে	@sunset
shurjo dobar somoy এর আগে	<@sunset
shurjo dobar somoy এর সময়	@sunset
shurjo dobar somoyর পর	@sunset
shurjo dobar somoyর পরে	@sunset
shurjo dobar somoyর আগে	<@sunset
shurjo dobar somoyর সময়	@sunset
shurjo dobar somoy পর	@sunset
shurjo dobar somoy পরে	@sunset
shurjo dobar somoy আগে	<@sunset
shurjo dobar somoy এ	@sunset
shurjo dobar somoy	@sunset
after sun set time	@sunset
sun set time er por	@sunset
sun set time er pore	@sunset
sun set time porey	@sunset
before sun set time	<@sunset
sun set time er age	<@sunset
sun set time er agey	<@sunset
at sun set time	@sunset
by sun set time	<@sunset
around sun set time	~@sunset
sun set time e	@sunset
sun set time er somoy	@sunset
sun set time er shomoy	@sunset
sun set time time	@sunset
sun set time এর পর	@sunset
sun set time এর পরে	@sunset
sun set time এর আগে	<@sunset
sun set time এর সময়	@sunset
sun set timeর পর	@sunset
sun set timeর পরে	@sunset
sun set timeর আগে	<@sunset
sun set timeর সময়	@sunset
sun set time পর	@sunset
sun set time পরে	@sunset
sun set time আগে	<@sunset
sun set time এ	@sunset
sun set time	@sunset
after gorubi	@sunset
gorubi er por	@sunset
gorubi er pore	@sunset
gorubi porey	@sunset
before gorubi	<@sunset
gorubi er age	<@sunset
gorubi er agey	<@sunset
at gorubi	@sunset
by gorubi	<@sunset
around gorubi	~@sunset
gorubi e	@sunset
gorubi er somoy	@sunset
gorubi er shomoy	@sunset
gorubi time	@sunset
gorubi এর পর	@sunset
gorubi এর পরে	@sunset
gorubi এর আগে	<@sunset
gorubi এর সময়	@sunset
gorubiর পর	@sunset
gorubiর পরে	@sunset
gorubiর আগে	<@sunset
gorubiর সময়	@sunset
gorubi পর	@sunset
gorubi পরে	@sunset
gorubi আগে	<@sunset
gorubi এ	@sunset
gorubi	@sunset
after godhuli	@sunset
godhuli er por	@sunset
godhuli er pore	@sunset
godhuli porey	@sunset
before godhuli	<@sunset
godhuli er age	<@sunset
godhuli er agey	<@sunset
at godhuli	@sunset
by godhuli	<@sunset
around godhuli	~@sunset
godhuli e	@sunset
godhuli er somoy	@sunset
godhuli er shomoy	@sunset
godhuli time	@sunset
godhuli এর পর	@sunset
godhuli এর পরে	@sunset
godhuli এর আগে	<@sunset
godhuli এর সময়	@sunset
godhuliর পর	@sunset
godhuliর পরে	@sunset
godhuliর আগে	<@sunset
godhuliর সময়	@sunset
godhuli পর	@sunset
godhuli পরে	@sunset
godhuli আগে	<@sunset
godhuli এ	@sunset
godhuli	@sunset
after godhuli lagna	@sunset
godhuli lagna er por	@sunset
godhuli lagna er pore	@sunset
godhuli lagna porey	@sunset
before godhuli lagna	<@sunset
godhuli lagna er age	<@sunset
godhuli lagna er agey	<@sunset
at godhuli lagna	@sunset
by godhuli lagna	<@sunset
around godhuli lagna	~@sunset
godhuli lagna e	@sunset
godhuli lagna er somoy	@sunset
godhuli lagna er shomoy	@sunset
godhuli lagna time	@sunset
godhuli lagna এর পর	@sunset
godhuli lagna এর পরে	@sunset
godhuli lagna এর আগে	<@sunset
godhuli lagna এর সময়	@sunset
godhuli lagnaর পর	@sunset
godhuli lagnaর পরে	@sunset
godhuli lagnaর আগে	<@sunset
godhuli lagnaর সময়	@sunset
godhuli lagna পর	@sunset
godhuli lagna পরে	@sunset
godhuli lagna আগে	<@sunset
godhuli lagna এ	@sunset
godhuli lagna	@sunset
after godhuli belay	@sunset
godhuli belay er por	@sunset
godhuli belay er pore	@sunset
godhuli belay porey	@sunset
before godhuli belay	<@sunset
godhuli belay er age	<@sunset
godhuli belay er agey	<@sunset
at godhuli belay	@sunset
by godhuli belay	<@sunset
around godhuli belay	~@sunset
godhuli belay e	@sunset
godhuli belay er somoy	@sunset
godhuli belay er shomoy	@sunset
godhuli belay time	@sunset
godhuli belay এর পর	@sunset
godhuli belay এর পরে	@sunset
godhuli belay এর আগে	<@sunset
godhuli belay এর সময়	@sunset
godhuli belayর পর	@sunset
godhuli belayর পরে	@sunset
godhuli belayর আগে	<@sunset
godhuli belayর সময়	@sunset
godhuli belay পর	@sunset
godhuli belay পরে	@sunset
godhuli belay আগে	<@sunset
godhuli belay এ	@sunset
godhuli belay	@sunset
after godhuli bela	@sunset
godhuli bela er por	@sunset
godhuli bela er pore	@sunset
godhuli bela porey	@sunset
before godhuli bela	<@sunset
godhuli bela er age	<@sunset
godhuli bela er agey	<@sunset
at godhuli bela	@sunset
by godhuli bela	<@sunset
around godhuli bela	~@sunset
godhuli bela e	@sunset
godhuli bela er somoy	@sunset
godhuli bela er shomoy	@sunset
godhuli bela time	@sunset
godhuli bela এর পর	@sunset
godhuli bela এর পরে	@sunset
godhuli bela এর আগে	<@sunset
godhuli bela এর সময়	@sunset
godhuli belaর পর	@sunset
godhuli belaর পরে	@sunset
godhuli belaর আগে	<@sunset
godhuli belaর সময়	@sunset
godhuli bela পর	@sunset
godhuli bela পরে	@sunset
godhuli bela আগে	<@sunset
godhuli bela এ	@sunset
godhuli bela	@sunset
after গোধূলি	@sunset
গোধূলি er por	@sunset
গোধূলি er pore	@sunset
গোধূলি porey	@sunset
before গোধূলি	<@sunset
গোধূলি er age	<@sunset
গোধূলি er agey	<@sunset
at গোধূলি	@sunset
by গোধূলি	<@sunset
around গোধূলি	~@sunset
গোধূলি e	@sunset
গোধূলি er somoy	@sunset
গোধূলি er shomoy	@sunset
গোধূলি time	@sunset
গোধূলি এর পর	@sunset
গোধূলি এর পরে	@sunset
গোধূলি এর আগে	<@sunset
গোধূলি এর সময়	@sunset
গোধূলির পর	@sunset
গোধূলির পরে	@sunset
গোধূলির আগে	<@sunset
গোধূলির সময়	@sunset
গোধূলি পর	@sunset
গোধূলি পরে	@sunset
গোধূলি আগে	<@sunset
গোধূলি এ	@sunset
গোধূলি	@sunset
after গোধূলি বেলা	@sunset
গোধূলি বেলা er por	@sunset
গোধূলি বেলা er pore	@sunset
গোধূলি বেলা porey	@sunset
before গোধূলি বেলা	<@sunset
গোধূলি বেলা er age	<@sunset
গোধূলি বেলা er agey	<@sunset
at গোধূলি বেলা	@sunset
by গোধূলি বেলা	<@sunset
around গোধূলি বেলা	~@sunset
গোধূলি বেলা e	@sunset
গোধূলি বেলা er somoy	@sunset
গোধূলি বেলা er shomoy	@sunset
গোধূলি বেলা time	@sunset
গোধূলি বেলা এর পর	@sunset
গোধূলি বেলা এর পরে	@sunset
গোধূলি বেলা এর আগে	<@sunset
গোধূলি বেলা এর সময়	@sunset
গোধূলি বেলার পর	@sunset
গোধূলি বেলার পরে	@sunset
গোধূলি বেলার আগে	<@sunset
গোধূলি বেলার সময়	@sunset
গোধূলি বেলা পর	@sunset
গোধূলি বেলা পরে	@sunset
গোধূলি বেলা আগে	<@sunset
গোধূলি বেলা এ	@sunset
গোধূলি বেলা	@sunset
after গোধূলি বেলায়	@sunset
গোধূলি বেলায় er por	@sunset
গোধূলি বেলায় er pore	@sunset
গোধূলি বেলায় porey	@sunset
before গোধূলি বেলায়	<@sunset
গোধূলি বেলায় er age	<@sunset
গোধূলি বেলায় er agey	<@sunset
at গোধূলি বেলায়	@sunset
by গোধূলি বেলায়	<@sunset
around গোধূলি বেলায়	~@sunset
গোধূলি বেলায় e	@sunset
গোধূলি বেলায় er somoy	@sunset
গোধূলি বেলায় er shomoy	@sunset
গোধূলি বেলায় time	@sunset
গোধূলি বেলায় এর পর	@sunset
গোধূলি বেলায় এর পরে	@sunset
গোধূলি বেলায় এর আগে	<@sunset
গোধূলি বেলায় এর সময়	@sunset
গোধূলি বেলায়র পর	@sunset
গোধূলি বেলায়র পরে	@sunset
গোধূলি বেলায়র আগে	<@sunset
গোধূলি বেলায়র সময়	@sunset
গোধূলি বেলায় পর	@sunset
গোধূলি বেলায় পরে	@sunset
গোধূলি বেলায় আগে	<@sunset
গোধূলি বেলায় এ	@sunset
গোধূলি বেলায়	@sunset
after গোধুলি	@sunset
গোধুলি er por	@sunset
গোধুলি er pore	@sunset
গোধুলি porey	@sunset
before গোধুলি	<@sunset
গোধুলি er age	<@sunset
গোধুলি er agey	<@sunset
at গোধুলি	@sunset
by গোধুলি	<@sunset
around গোধুলি	~@sunset
গোধুলি e	@sunset
গোধুলি er somoy	@sunset
গোধুলি er shomoy	@sunset
গোধুলি time	@sunset
গোধুলি এর পর	@sunset
গোধুলি এর পরে	@sunset
গোধুলি এর আগে	<@sunset
গোধুলি এর সময়	@sunset
গোধুলির পর	@sunset
গোধুলির পরে	@sunset
গোধুলির আগে	<@sunset
গোধুলির সময়	@sunset
গোধুলি পর	@sunset
গোধুলি পরে	@sunset
গোধুলি আগে	<@sunset
গোধুলি এ	@sunset
গোধুলি	@sunset
monday	wd:mon
this monday	wd:mon
next monday	next_wd:mon
coming monday	next_wd:mon
upcoming monday	next_wd:mon
last monday	prev_wd:mon
previous monday	prev_wd:mon
past monday	prev_wd:mon
on monday	wd:mon
by monday	<wd:mon
before monday	<wd:mon
until monday	<wd:mon
till monday	<wd:mon
after monday	>wd:mon
every monday	every_wd:mon
each monday	every_wd:mon
mondays	every_wd:mon
on mondays	every_wd:mon
monday morning	wd:mon+daypart:morning
monday afternoon	wd:mon+daypart:afternoon
monday evening	wd:mon+daypart:evening
monday night	wd:mon+daypart:night
agami monday	next_wd:mon
porer monday	next_wd:mon
aschol monday	next_wd:mon
asha monday	next_wd:mon
gato monday	prev_wd:mon
ager monday	prev_wd:mon
proti monday	every_wd:mon
prottek monday	every_wd:mon
monday e	wd:mon
monday er	wd:mon
monday er moddhe	<wd:mon
monday er age	<wd:mon
monday er por	>wd:mon
monday porjonto	<wd:mon
আগামী monday	next_wd:mon
পরের monday	next_wd:mon
আসছে monday	next_wd:mon
গত monday	prev_wd:mon
আগের monday	prev_wd:mon
প্রতি monday	every_wd:mon
প্রত্যেক monday	every_wd:mon
monday এর মধ্যে	<wd:mon
monday এর আগে	<wd:mon
monday এর পর	>wd:mon
monday পর্যন্ত	<wd:mon
mon	wd:mon
coming mon	next_wd:mon
upcoming mon	next_wd:mon
last mon	prev_wd:mon
previous mon	prev_wd:mon
past mon	prev_wd:mon
on mon	wd:mon
by mon	<wd:mon
before mon	<wd:mon
until mon	<wd:mon
till mon	<wd:mon
after mon	>wd:mon
every mon	every_wd:mon
each mon	every_wd:mon
mons	every_wd:mon
on mons	every_wd:mon
mon morning	wd:mon+daypart:morning
mon afternoon	wd:mon+daypart:afternoon
mon evening	wd:mon+daypart:evening
mon night	wd:mon+daypart:night
agami mon	next_wd:mon
porer mon	next_wd:mon
aschol mon	next_wd:mon
asha mon	next_wd:mon
gato mon	prev_wd:mon
ager mon	prev_wd:mon
proti mon	every_wd:mon
prottek mon	every_wd:mon
mon e	wd:mon
mon er	wd:mon
mon er moddhe	<wd:mon
mon er age	<wd:mon
mon er por	>wd:mon
mon porjonto	<wd:mon
আগামী mon	next_wd:mon
পরের mon	next_wd:mon
আসছে mon	next_wd:mon
গত mon	prev_wd:mon
আগের mon	prev_wd:mon
প্রতি mon	every_wd:mon
প্রত্যেক mon	every_wd:mon
mon এর মধ্যে	<wd:mon
mon এর আগে	<wd:mon
mon এর পর	>wd:mon
mon পর্যন্ত	<wd:mon
mond	wd:mon
this mond	wd:mon
next mond	next_wd:mon
coming mond	next_wd:mon
upcoming mond	next_wd:mon
last mond	prev_wd:mon
previous mond	prev_wd:mon
past mond	prev_wd:mon
on mond	wd:mon
by mond	<wd:mon
before mond	<wd:mon
until mond	<wd:mon
till mond	<wd:mon
after mond	>wd:mon
every mond	every_wd:mon
each mond	every_wd:mon
monds	every_wd:mon
on monds	every_wd:mon
mond morning	wd:mon+daypart:morning
mond afternoon	wd:mon+daypart:afternoon
mond evening	wd:mon+daypart:evening
mond night	wd:mon+daypart:night
agami mond	next_wd:mon
porer mond	next_wd:mon
aschol mond	next_wd:mon
asha mond	next_wd:mon
gato mond	prev_wd:mon
ager mond	prev_wd:mon
proti mond	every_wd:mon
prottek mond	every_wd:mon
mond e	wd:mon
mond er	wd:mon
mond er moddhe	<wd:mon
mond er age	<wd:mon
mond er por	>wd:mon
mond porjonto	<wd:mon
আগামী mond	next_wd:mon
পরের mond	next_wd:mon
আসছে mond	next_wd:mon
গত mond	prev_wd:mon
আগের mond	prev_wd:mon
প্রতি mond	every_wd:mon
প্রত্যেক mond	every_wd:mon
mond এর মধ্যে	<wd:mon
mond এর আগে	<wd:mon
mond এর পর	>wd:mon
mond পর্যন্ত	<wd:mon
mondy	wd:mon
this mondy	wd:mon
next mondy	next_wd:mon
coming mondy	next_wd:mon
upcoming mondy	next_wd:mon
last mondy	prev_wd:mon
previous mondy	prev_wd:mon
past mondy	prev_wd:mon
on mondy	wd:mon
by mondy	<wd:mon
before mondy	<wd:mon
until mondy	<wd:mon
till mondy	<wd:mon
after mondy	>wd:mon
every mondy	every_wd:mon
each mondy	every_wd:mon
mondys	every_wd:mon
on mondys	every_wd:mon
mondy morning	wd:mon+daypart:morning
mondy afternoon	wd:mon+daypart:afternoon
mondy evening	wd:mon+daypart:evening
mondy night	wd:mon+daypart:night
agami mondy	next_wd:mon
porer mondy	next_wd:mon
aschol mondy	next_wd:mon
asha mondy	next_wd:mon
gato mondy	prev_wd:mon
ager mondy	prev_wd:mon
proti mondy	every_wd:mon
prottek mondy	every_wd:mon
mondy e	wd:mon
mondy er	wd:mon
mondy er moddhe	<wd:mon
mondy er age	<wd:mon
mondy er por	>wd:mon
mondy porjonto	<wd:mon
আগামী mondy	next_wd:mon
পরের mondy	next_wd:mon
আসছে mondy	next_wd:mon
গত mondy	prev_wd:mon
আগের mondy	prev_wd:mon
প্রতি mondy	every_wd:mon
প্রত্যেক mondy	every_wd:mon
mondy এর মধ্যে	<wd:mon
mondy এর আগে	<wd:mon
mondy এর পর	>wd:mon
mondy পর্যন্ত	<wd:mon
monady	wd:mon
this monady	wd:mon
next monady	next_wd:mon
coming monady	next_wd:mon
upcoming monady	next_wd:mon
last monady	prev_wd:mon
previous monady	prev_wd:mon
past monady	prev_wd:mon
on monady	wd:mon
by monady	<wd:mon
before monady	<wd:mon
until monady	<wd:mon
till monady	<wd:mon
after monady	>wd:mon
every monady	every_wd:mon
each monady	every_wd:mon
monadys	every_wd:mon
on monadys	every_wd:mon
monady morning	wd:mon+daypart:morning
monady afternoon	wd:mon+daypart:afternoon
monady evening	wd:mon+daypart:evening
monady night	wd:mon+daypart:night
agami monady	next_wd:mon
porer monady	next_wd:mon
aschol monady	next_wd:mon
asha monady	next_wd:mon
gato monady	prev_wd:mon
ager monady	prev_wd:mon
proti monady	every_wd:mon
prottek monady	every_wd:mon
monady e	wd:mon
monady er	wd:mon
monady er moddhe	<wd:mon
monady er age	<wd:mon
monady er por	>wd:mon
monady porjonto	<wd:mon
আগামী monady	next_wd:mon
পরের monady	next_wd:mon
আসছে monady	next_wd:mon
গত monady	prev_wd:mon
আগের monady	prev_wd:mon
প্রতি monady	every_wd:mon
প্রত্যেক monady	every_wd:mon
monady এর মধ্যে	<wd:mon
monady এর আগে	<wd:mon
monady এর পর	>wd:mon
monady পর্যন্ত	<wd:mon
munday	wd:mon
this munday	wd:mon
next munday	next_wd:mon
coming munday	next_wd:mon
upcoming munday	next_wd:mon
last munday	prev_wd:mon
previous munday	prev_wd:mon
past munday	prev_wd:mon
on munday	wd:mon
by munday	<wd:mon
before munday	<wd:mon
until munday	<wd:mon
till munday	<wd:mon
after munday	>wd:mon
every munday	every_wd:mon
each munday	every_wd:mon
mundays	every_wd:mon
on mundays	every_wd:mon
munday morning	wd:mon+daypart:morning
munday afternoon	wd:mon+daypart:afternoon
munday evening	wd:mon+daypart:evening
munday night	wd:mon+daypart:night
agami munday	next_wd:mon
porer munday	next_wd:mon
aschol munday	next_wd:mon
asha munday	next_wd:mon
gato munday	prev_wd:mon
ager munday	prev_wd:mon
proti munday	every_wd:mon
prottek munday	every_wd:mon
munday e	wd:mon
munday er	wd:mon
munday er moddhe	<wd:mon
munday er age	<wd:mon
munday er por	>wd:mon
munday porjonto	<wd:mon
আগামী munday	next_wd:mon
পরের munday	next_wd:mon
আসছে munday	next_wd:mon
গত munday	prev_wd:mon
আগের munday	prev_wd:mon
প্রতি munday	every_wd:mon
প্রত্যেক munday	every_wd:mon
munday এর মধ্যে	<wd:mon
munday এর আগে	<wd:mon
munday এর পর	>wd:mon
munday পর্যন্ত	<wd:mon
shombar	wd:mon
this shombar	wd:mon
next shombar	next_wd:mon
coming shombar	next_wd:mon
upcoming shombar	next_wd:mon
last shombar	prev_wd:mon
previous shombar	prev_wd:mon
past shombar	prev_wd:mon
on shombar	wd:mon
by shombar	<wd:mon
before shombar	<wd:mon
until shombar	<wd:mon
till shombar	<wd:mon
after shombar	>wd:mon
every shombar	every_wd:mon
each shombar	every_wd:mon
shombars	every_wd:mon
on shombars	every_wd:mon
shombar morning	wd:mon+daypart:morning
shombar afternoon	wd:mon+daypart:afternoon
shombar evening	wd:mon+daypart:evening
shombar night	wd:mon+daypart:night
agami shombar	next_wd:mon
porer shombar	next_wd:mon
aschol shombar	next_wd:mon
asha shombar	next_wd:mon
gato shombar	prev_wd:mon
ager shombar	prev_wd:mon
proti shombar	every_wd:mon
prottek shombar	every_wd:mon
shombar e	wd:mon
shombar er	wd:mon
shombar er moddhe	<wd:mon
shombar er age	<wd:mon
shombar er por	>wd:mon
shombar porjonto	<wd:mon
আগামী shombar	next_wd:mon
পরের shombar	next_wd:mon
আসছে shombar	next_wd:mon
গত shombar	prev_wd:mon
আগের shombar	prev_wd:mon
প্রতি shombar	every_wd:mon
প্রত্যেক shombar	every_wd:mon
shombar এর মধ্যে	<wd:mon
shombar এর আগে	<wd:mon
shombar এর পর	>wd:mon
shombar পর্যন্ত	<wd:mon
sombar	wd:mon
this sombar	wd:mon
next sombar	next_wd:mon
coming sombar	next_wd:mon
upcoming sombar	next_wd:mon
last sombar	prev_wd:mon
previous sombar	prev_wd:mon
past sombar	prev_wd:mon
on sombar	wd:mon
by sombar	<wd:mon
before sombar	<wd:mon
until sombar	<wd:mon
till sombar	<wd:mon
after sombar	>wd:mon
every sombar	every_wd:mon
each sombar	every_wd:mon
sombars	every_wd:mon
on sombars	every_wd:mon
sombar morning	wd:mon+daypart:morning
sombar afternoon	wd:mon+daypart:afternoon
sombar evening	wd:mon+daypart:evening
sombar night	wd:mon+daypart:night
agami sombar	next_wd:mon
porer sombar	next_wd:mon
aschol sombar	next_wd:mon
asha sombar	next_wd:mon
gato sombar	prev_wd:mon
ager sombar	prev_wd:mon
proti sombar	every_wd:mon
prottek sombar	every_wd:mon
sombar e	wd:mon
sombar er	wd:mon
sombar er moddhe	<wd:mon
sombar er age	<wd:mon
sombar er por	>wd:mon
sombar porjonto	<wd:mon
আগামী sombar	next_wd:mon
পরের sombar	next_wd:mon
আসছে sombar	next_wd:mon
গত sombar	prev_wd:mon
আগের sombar	prev_wd:mon
প্রতি sombar	every_wd:mon
প্রত্যেক sombar	every_wd:mon
sombar এর মধ্যে	<wd:mon
sombar এর আগে	<wd:mon
sombar এর পর	>wd:mon
sombar পর্যন্ত	<wd:mon
shomobar	wd:mon
this shomobar	wd:mon
next shomobar	next_wd:mon
coming shomobar	next_wd:mon
upcoming shomobar	next_wd:mon
last shomobar	prev_wd:mon
previous shomobar	prev_wd:mon
past shomobar	prev_wd:mon
on shomobar	wd:mon
by shomobar	<wd:mon
before shomobar	<wd:mon
until shomobar	<wd:mon
till shomobar	<wd:mon
after shomobar	>wd:mon
every shomobar	every_wd:mon
each shomobar	every_wd:mon
shomobars	every_wd:mon
on shomobars	every_wd:mon
shomobar morning	wd:mon+daypart:morning
shomobar afternoon	wd:mon+daypart:afternoon
shomobar evening	wd:mon+daypart:evening
shomobar night	wd:mon+daypart:night
agami shomobar	next_wd:mon
porer shomobar	next_wd:mon
aschol shomobar	next_wd:mon
asha shomobar	next_wd:mon
gato shomobar	prev_wd:mon
ager shomobar	prev_wd:mon
proti shomobar	every_wd:mon
prottek shomobar	every_wd:mon
shomobar e	wd:mon
shomobar er	wd:mon
shomobar er moddhe	<wd:mon
shomobar er age	<wd:mon
shomobar er por	>wd:mon
shomobar porjonto	<wd:mon
আগামী shomobar	next_wd:mon
পরের shomobar	next_wd:mon
আসছে shomobar	next_wd:mon
গত shomobar	prev_wd:mon
আগের shomobar	prev_wd:mon
প্রতি shomobar	every_wd:mon
প্রত্যেক shomobar	every_wd:mon
shomobar এর মধ্যে	<wd:mon
shomobar এর আগে	<wd:mon
shomobar এর পর	>wd:mon
shomobar পর্যন্ত	<wd:mon
somobar	wd:mon
this somobar	wd:mon
next somobar	next_wd:mon
coming somobar	next_wd:mon
upcoming somobar	next_wd:mon
last somobar	prev_wd:mon
previous somobar	prev_wd:mon
past somobar	prev_wd:mon
on somobar	wd:mon
by somobar	<wd:mon
before somobar	<wd:mon
until somobar	<wd:mon
till somobar	<wd:mon
after somobar	>wd:mon
every somobar	every_wd:mon
each somobar	every_wd:mon
somobars	every_wd:mon
on somobars	every_wd:mon
somobar morning	wd:mon+daypart:morning
somobar afternoon	wd:mon+daypart:afternoon
somobar evening	wd:mon+daypart:evening
somobar night	wd:mon+daypart:night
agami somobar	next_wd:mon
porer somobar	next_wd:mon
aschol somobar	next_wd:mon
asha somobar	next_wd:mon
gato somobar	prev_wd:mon
ager somobar	prev_wd:mon
proti somobar	every_wd:mon
prottek somobar	every_wd:mon
somobar e	wd:mon
somobar er	wd:mon
somobar er moddhe	<wd:mon
somobar er age	<wd:mon
somobar er por	>wd:mon
somobar porjonto	<wd:mon
আগামী somobar	next_wd:mon
পরের somobar	next_wd:mon
আসছে somobar	next_wd:mon
গত somobar	prev_wd:mon
আগের somobar	prev_wd:mon
প্রতি somobar	every_wd:mon
প্রত্যেক somobar	every_wd:mon
somobar এর মধ্যে	<wd:mon
somobar এর আগে	<wd:mon
somobar এর পর	>wd:mon
somobar পর্যন্ত	<wd:mon
somwar	wd:mon
this somwar	wd:mon
next somwar	next_wd:mon
coming somwar	next_wd:mon
upcoming somwar	next_wd:mon
last somwar	prev_wd:mon
previous somwar	prev_wd:mon
past somwar	prev_wd:mon
on somwar	wd:mon
by somwar	<wd:mon
before somwar	<wd:mon
until somwar	<wd:mon
till somwar	<wd:mon
after somwar	>wd:mon
every somwar	every_wd:mon
each somwar	every_wd:mon
somwars	every_wd:mon
on somwars	every_wd:mon
somwar morning	wd:mon+daypart:morning
somwar afternoon	wd:mon+daypart:afternoon
somwar evening	wd:mon+daypart:evening
somwar night	wd:mon+daypart:night
agami somwar	next_wd:mon
porer somwar	next_wd:mon
aschol somwar	next_wd:mon
asha somwar	next_wd:mon
gato somwar	prev_wd:mon
ager somwar	prev_wd:mon
proti somwar	every_wd:mon
prottek somwar	every_wd:mon
somwar e	wd:mon
somwar er	wd:mon
somwar er moddhe	<wd:mon
somwar er age	<wd:mon
somwar er por	>wd:mon
somwar porjonto	<wd:mon
আগামী somwar	next_wd:mon
পরের somwar	next_wd:mon
আসছে somwar	next_wd:mon
গত somwar	prev_wd:mon
আগের somwar	prev_wd:mon
প্রতি somwar	every_wd:mon
প্রত্যেক somwar	every_wd:mon
somwar এর মধ্যে	<wd:mon
somwar এর আগে	<wd:mon
somwar এর পর	>wd:mon
somwar পর্যন্ত	<wd:mon
shomwar	wd:mon
this shomwar	wd:mon
next shomwar	next_wd:mon
coming shomwar	next_wd:mon
upcoming shomwar	next_wd:mon
last shomwar	prev_wd:mon
previous shomwar	prev_wd:mon
past shomwar	prev_wd:mon
on shomwar	wd:mon
by shomwar	<wd:mon
before shomwar	<wd:mon
until shomwar	<wd:mon
till shomwar	<wd:mon
after shomwar	>wd:mon
every shomwar	every_wd:mon
each shomwar	every_wd:mon
shomwars	every_wd:mon
on shomwars	every_wd:mon
shomwar morning	wd:mon+daypart:morning
shomwar afternoon	wd:mon+daypart:afternoon
shomwar evening	wd:mon+daypart:evening
shomwar night	wd:mon+daypart:night
agami shomwar	next_wd:mon
porer shomwar	next_wd:mon
aschol shomwar	next_wd:mon
asha shomwar	next_wd:mon
gato shomwar	prev_wd:mon
ager shomwar	prev_wd:mon
proti shomwar	every_wd:mon
prottek shomwar	every_wd:mon
shomwar e	wd:mon
shomwar er	wd:mon
shomwar er moddhe	<wd:mon
shomwar er age	<wd:mon
shomwar er por	>wd:mon
shomwar porjonto	<wd:mon
আগামী shomwar	next_wd:mon
পরের shomwar	next_wd:mon
আসছে shomwar	next_wd:mon
গত shomwar	prev_wd:mon
আগের shomwar	prev_wd:mon
প্রতি shomwar	every_wd:mon
প্রত্যেক shomwar	every_wd:mon
shomwar এর মধ্যে	<wd:mon
shomwar এর আগে	<wd:mon
shomwar এর পর	>wd:mon
shomwar পর্যন্ত	<wd:mon
সোমবার	wd:mon
this সোমবার	wd:mon
next সোমবার	next_wd:mon
coming সোমবার	next_wd:mon
upcoming সোমবার	next_wd:mon
last সোমবার	prev_wd:mon
previous সোমবার	prev_wd:mon
past সোমবার	prev_wd:mon
on সোমবার	wd:mon
by সোমবার	<wd:mon
before সোমবার	<wd:mon
until সোমবার	<wd:mon
till সোমবার	<wd:mon
after সোমবার	>wd:mon
every সোমবার	every_wd:mon
each সোমবার	every_wd:mon
সোমবারs	every_wd:mon
on সোমবারs	every_wd:mon
সোমবার morning	wd:mon+daypart:morning
সোমবার afternoon	wd:mon+daypart:afternoon
সোমবার evening	wd:mon+daypart:evening
সোমবার night	wd:mon+daypart:night
agami সোমবার	next_wd:mon
porer সোমবার	next_wd:mon
aschol সোমবার	next_wd:mon
asha সোমবার	next_wd:mon
gato সোমবার	prev_wd:mon
ager সোমবার	prev_wd:mon
proti সোমবার	every_wd:mon
prottek সোমবার	every_wd:mon
সোমবার e	wd:mon
সোমবার er	wd:mon
সোমবার er moddhe	<wd:mon
সোমবার er age	<wd:mon
সোমবার er por	>wd:mon
সোমবার porjonto	<wd:mon
আগামী সোমবার	next_wd:mon
পরের সোমবার	next_wd:mon
আসছে সোমবার	next_wd:mon
গত সোমবার	prev_wd:mon
আগের সোমবার	prev_wd:mon
প্রতি সোমবার	every_wd:mon
প্রত্যেক সোমবার	every_wd:mon
সোমবার এর মধ্যে	<wd:mon
সোমবার এর আগে	<wd:mon
সোমবার এর পর	>wd:mon
সোমবার পর্যন্ত	<wd:mon
সোমবারে	wd:mon
this সোমবারে	wd:mon
next সোমবারে	next_wd:mon
coming সোমবারে	next_wd:mon
upcoming সোমবারে	next_wd:mon
last সোমবারে	prev_wd:mon
previous সোমবারে	prev_wd:mon
past সোমবারে	prev_wd:mon
on সোমবারে	wd:mon
by সোমবারে	<wd:mon
before সোমবারে	<wd:mon
until সোমবারে	<wd:mon
till সোমবারে	<wd:mon
after সোমবারে	>wd:mon
every সোমবারে	every_wd:mon
each সোমবারে	every_wd:mon
সোমবারেs	every_wd:mon
on সোমবারেs	every_wd:mon
সোমবারে morning	wd:mon+daypart:morning
সোমবারে afternoon	wd:mon+daypart:afternoon
সোমবারে evening	wd:mon+daypart:evening
সোমবারে night	wd:mon+daypart:night
agami সোমবারে	next_wd:mon
porer সোমবারে	next_wd:mon
aschol সোমবারে	next_wd:mon
asha সোমবারে	next_wd:mon
gato সোমবারে	prev_wd:mon
ager সোমবারে	prev_wd:mon
proti সোমবারে	every_wd:mon
prottek সোমবারে	every_wd:mon
সোমবারে e	wd:mon
সোমবারে er	wd:mon
সোমবারে er moddhe	<wd:mon
সোমবারে er age	<wd:mon
সোমবারে er por	>wd:mon
সোমবারে porjonto	<wd:mon
আগামী সোমবারে	next_wd:mon
পরের সোমবারে	next_wd:mon
আসছে সোমবারে	next_wd:mon
গত সোমবারে	prev_wd:mon
আগের সোমবারে	prev_wd:mon
প্রতি সোমবারে	every_wd:mon
প্রত্যেক সোমবারে	every_wd:mon
সোমবারে এর মধ্যে	<wd:mon
সোমবারে এর আগে	<wd:mon
সোমবারে এর পর	>wd:mon
সোমবারে পর্যন্ত	<wd:mon
সোম	wd:mon
this সোম	wd:mon
next সোম	next_wd:mon
coming সোম	next_wd:mon
upcoming সোম	next_wd:mon
last সোম	prev_wd:mon
previous সোম	prev_wd:mon
past সোম	prev_wd:mon
on সোম	wd:mon
by সোম	<wd:mon
before সোম	<wd:mon
until সোম	<wd:mon
till সোম	<wd:mon
after সোম	>wd:mon
every সোম	every_wd:mon
each সোম	every_wd:mon
সোমs	every_wd:mon
on সোমs	every_wd:mon
সোম morning	wd:mon+daypart:morning
সোম afternoon	wd:mon+daypart:afternoon
সোম evening	wd:mon+daypart:evening
সোম night	wd:mon+daypart:night
agami সোম	next_wd:mon
porer সোম	next_wd:mon
aschol সোম	next_wd:mon
asha সোম	next_wd:mon
gato সোম	prev_wd:mon
ager সোম	prev_wd:mon
proti সোম	every_wd:mon
prottek সোম	every_wd:mon
সোম e	wd:mon
সোম er	wd:mon
সোম er moddhe	<wd:mon
সোম er age	<wd:mon
সোম er por	>wd:mon
সোম porjonto	<wd:mon
আগামী সোম	next_wd:mon
পরের সোম	next_wd:mon
আসছে সোম	next_wd:mon
গত সোম	prev_wd:mon
আগের সোম	prev_wd:mon
প্রতি সোম	every_wd:mon
প্রত্যেক সোম	every_wd:mon
সোম এর মধ্যে	<wd:mon
সোম এর আগে	<wd:mon
সোম এর পর	>wd:mon
সোম পর্যন্ত	<wd:mon
সোমবারের	wd:mon
this সোমবারের	wd:mon
next সোমবারের	next_wd:mon
coming সোমবারের	next_wd:mon
upcoming সোমবারের	next_wd:mon
last সোমবারের	prev_wd:mon
previous সোমবারের	prev_wd:mon
past সোমবারের	prev_wd:mon
on সোমবারের	wd:mon
by সোমবারের	<wd:mon
before সোমবারের	<wd:mon
until সোমবারের	<wd:mon
till সোমবারের	<wd:mon
after সোমবারের	>wd:mon
every সোমবারের	every_wd:mon
each সোমবারের	every_wd:mon
সোমবারেরs	every_wd:mon
on সোমবারেরs	every_wd:mon
সোমবারের morning	wd:mon+daypart:morning
সোমবারের afternoon	wd:mon+daypart:afternoon
সোমবারের evening	wd:mon+daypart:evening
সোমবারের night	wd:mon+daypart:night
agami সোমবারের	next_wd:mon
porer সোমবারের	next_wd:mon
aschol সোমবারের	next_wd:mon
asha সোমবারের	next_wd:mon
gato সোমবারের	prev_wd:mon
ager সোমবারের	prev_wd:mon
proti সোমবারের	every_wd:mon
prottek সোমবারের	every_wd:mon
সোমবারের e	wd:mon
সোমবারের er	wd:mon
সোমবারের er moddhe	<wd:mon
সোমবারের er age	<wd:mon
সোমবারের er por	>wd:mon
সোমবারের porjonto	<wd:mon
আগামী সোমবারের	next_wd:mon
পরের সোমবারের	next_wd:mon
আসছে সোমবারের	next_wd:mon
গত সোমবারের	prev_wd:mon
আগের সোমবারের	prev_wd:mon
প্রতি সোমবারের	every_wd:mon
প্রত্যেক সোমবারের	every_wd:mon
সোমবারের এর মধ্যে	<wd:mon
সোমবারের এর আগে	<wd:mon
সোমবারের এর পর	>wd:mon
সোমবারের পর্যন্ত	<wd:mon
সোমবারই	wd:mon
this সোমবারই	wd:mon
next সোমবারই	next_wd:mon
coming সোমবারই	next_wd:mon
upcoming সোমবারই	next_wd:mon
last সোমবারই	prev_wd:mon
previous সোমবারই	prev_wd:mon
past সোমবারই	prev_wd:mon
on সোমবারই	wd:mon
by সোমবারই	<wd:mon
before সোমবারই	<wd:mon
until সোমবারই	<wd:mon
till সোমবারই	<wd:mon
after সোমবারই	>wd:mon
every সোমবারই	every_wd:mon
each সোমবারই	every_wd:mon
সোমবারইs	every_wd:mon
on সোমবারইs	every_wd:mon
সোমবারই morning	wd:mon+daypart:morning
সোমবারই afternoon	wd:mon+daypart:afternoon
সোমবারই evening	wd:mon+daypart:evening
সোমবারই night	wd:mon+daypart:night
agami সোমবারই	next_wd:mon
porer সোমবারই	next_wd:mon
aschol সোমবারই	next_wd:mon
asha সোমবারই	next_wd:mon
gato সোমবারই	prev_wd:mon
ager সোমবারই	prev_wd:mon
proti সোমবারই	every_wd:mon
prottek সোমবারই	every_wd:mon
সোমবারই e	wd:mon
সোমবারই er	wd:mon
সোমবারই er moddhe	<wd:mon
সোমবারই er age	<wd:mon
সোমবারই er por	>wd:mon
সোমবারই porjonto	<wd:mon
আগামী সোমবারই	next_wd:mon
পরের সোমবারই	next_wd:mon
আসছে সোমবারই	next_wd:mon
গত সোমবারই	prev_wd:mon
আগের সোমবারই	prev_wd:mon
প্রতি সোমবারই	every_wd:mon
প্রত্যেক সোমবারই	every_wd:mon
সোমবারই এর মধ্যে	<wd:mon
সোমবারই এর আগে	<wd:mon
সোমবারই এর পর	>wd:mon
সোমবারই পর্যন্ত	<wd:mon
সোমবার দিন	wd:mon
this সোমবার দিন	wd:mon
next সোমবার দিন	next_wd:mon
coming সোমবার দিন	next_wd:mon
upcoming সোমবার দিন	next_wd:mon
last সোমবার দিন	prev_wd:mon
previous সোমবার দিন	prev_wd:mon
past সোমবার দিন	prev_wd:mon
on সোমবার দিন	wd:mon
by সোমবার দিন	<wd:mon
before সোমবার দিন	<wd:mon
until সোমবার দিন	<wd:mon
till সোমবার দিন	<wd:mon
after সোমবার দিন	>wd:mon
every সোমবার দিন	every_wd:mon
each সোমবার দিন	every_wd:mon
সোমবার দিনs	every_wd:mon
on সোমবার দিনs	every_wd:mon
সোমবার দিন morning	wd:mon+daypart:morning
সোমবার দিন afternoon	wd:mon+daypart:afternoon
সোমবার দিন evening	wd:mon+daypart:evening
সোমবার দিন night	wd:mon+daypart:night
agami সোমবার দিন	next_wd:mon
porer সোমবার দিন	next_wd:mon
aschol সোমবার দিন	next_wd:mon
asha সোমবার দিন	next_wd:mon
gato সোমবার দিন	prev_wd:mon
ager সোমবার দিন	prev_wd:mon
proti সোমবার দিন	every_wd:mon
prottek সোমবার দিন	every_wd:mon
সোমবার দিন e	wd:mon
সোমবার দিন er	wd:mon
সোমবার দিন er moddhe	<wd:mon
সোমবার দিন er age	<wd:mon
সোমবার দিন er por	>wd:mon
সোমবার দিন porjonto	<wd:mon
আগামী সোমবার দিন	next_wd:mon
পরের সোমবার দিন	next_wd:mon
আসছে সোমবার দিন	next_wd:mon
গত সোমবার দিন	prev_wd:mon
আগের সোমবার দিন	prev_wd:mon
প্রতি সোমবার দিন	every_wd:mon
প্রত্যেক সোমবার দিন	every_wd:mon
সোমবার দিন এর মধ্যে	<wd:mon
সোমবার দিন এর আগে	<wd:mon
সোমবার দিন এর পর	>wd:mon
সোমবার দিন পর্যন্ত	<wd:mon
সোমবার দিনে	wd:mon
this সোমবার দিনে	wd:mon
next সোমবার দিনে	next_wd:mon
coming সোমবার দিনে	next_wd:mon
upcoming সোমবার দিনে	next_wd:mon
last সোমবার দিনে	prev_wd:mon
previous সোমবার দিনে	prev_wd:mon
past সোমবার দিনে	prev_wd:mon
on সোমবার দিনে	wd:mon
by সোমবার দিনে	<wd:mon
before সোমবার দিনে	<wd:mon
until সোমবার দিনে	<wd:mon
till সোমবার দিনে	<wd:mon
after সোমবার দিনে	>wd:mon
every সোমবার দিনে	every_wd:mon
each সোমবার দিনে	every_wd:mon
সোমবার দিনেs	every_wd:mon
on সোমবার দিনেs	every_wd:mon
সোমবার দিনে morning	wd:mon+daypart:morning
সোমবার দিনে afternoon	wd:mon+daypart:afternoon
সোমবার দিনে evening	wd:mon+daypart:evening
সোমবার দিনে night	wd:mon+daypart:night
agami সোমবার দিনে	next_wd:mon
porer সোমবার দিনে	next_wd:mon
aschol সোমবার দিনে	next_wd:mon
asha সোমবার দিনে	next_wd:mon
gato সোমবার দিনে	prev_wd:mon
ager সোমবার দিনে	prev_wd:mon
proti সোমবার দিনে	every_wd:mon
prottek সোমবার দিনে	every_wd:mon
সোমবার দিনে e	wd:mon
সোমবার দিনে er	wd:mon
সোমবার দিনে er moddhe	<wd:mon
সোমবার দিনে er age	<wd:mon
সোমবার দিনে er por	>wd:mon
সোমবার দিনে porjonto	<wd:mon
আগামী সোমবার দিনে	next_wd:mon
পরের সোমবার দিনে	next_wd:mon
আসছে সোমবার দিনে	next_wd:mon
গত সোমবার দিনে	prev_wd:mon
আগের সোমবার দিনে	prev_wd:mon
প্রতি সোমবার দিনে	every_wd:mon
প্রত্যেক সোমবার দিনে	every_wd:mon
সোমবার দিনে এর মধ্যে	<wd:mon
সোমবার দিনে এর আগে	<wd:mon
সোমবার দিনে এর পর	>wd:mon
সোমবার দিনে পর্যন্ত	<wd:mon
সোমবারেই	wd:mon
this সোমবারেই	wd:mon
next সোমবারেই	next_wd:mon
coming সোমবারেই	next_wd:mon
upcoming সোমবারেই	next_wd:mon
last সোমবারেই	prev_wd:mon
previous সোমবারেই	prev_wd:mon
past সোমবারেই	prev_wd:mon
on সোমবারেই	wd:mon
by সোমবারেই	<wd:mon
before সোমবারেই	<wd:mon
until সোমবারেই	<wd:mon
till সোমবারেই	<wd:mon
after সোমবারেই	>wd:mon
every সোমবারেই	every_wd:mon
each সোমবারেই	every_wd:mon
সোমবারেইs	every_wd:mon
on সোমবারেইs	every_wd:mon
সোমবারেই morning	wd:mon+daypart:morning
সোমবারেই afternoon	wd:mon+daypart:afternoon
সোমবারেই evening	wd:mon+daypart:evening
সোমবারেই night	wd:mon+daypart:night
agami সোমবারেই	next_wd:mon
porer সোমবারেই	next_wd:mon
aschol সোমবারেই	next_wd:mon
asha সোমবারেই	next_wd:mon
gato সোমবারেই	prev_wd:mon
ager সোমবারেই	prev_wd:mon
proti সোমবারেই	every_wd:mon
prottek সোমবারেই	every_wd:mon
সোমবারেই e	wd:mon
সোমবারেই er	wd:mon
সোমবারেই er moddhe	<wd:mon
সোমবারেই er age	<wd:mon
সোমবারেই er por	>wd:mon
সোমবারেই porjonto	<wd:mon
আগামী সোমবারেই	next_wd:mon
পরের সোমবারেই	next_wd:mon
আসছে সোমবারেই	next_wd:mon
গত সোমবারেই	prev_wd:mon
আগের সোমবারেই	prev_wd:mon
প্রতি সোমবারেই	every_wd:mon
প্রত্যেক সোমবারেই	every_wd:mon
সোমবারেই এর মধ্যে	<wd:mon
সোমবারেই এর আগে	<wd:mon
সোমবারেই এর পর	>wd:mon
সোমবারেই পর্যন্ত	<wd:mon
tuesday	wd:tue
this tuesday	wd:tue
next tuesday	next_wd:tue
coming tuesday	next_wd:tue
upcoming tuesday	next_wd:tue
last tuesday	prev_wd:tue
previous tuesday	prev_wd:tue
past tuesday	prev_wd:tue
on tuesday	wd:tue
by tuesday	<wd:tue
before tuesday	<wd:tue
until tuesday	<wd:tue
till tuesday	<wd:tue
after tuesday	>wd:tue
every tuesday	every_wd:tue
each tuesday	every_wd:tue
tuesdays	every_wd:tue
on tuesdays	every_wd:tue
tuesday morning	wd:tue+daypart:morning
tuesday afternoon	wd:tue+daypart:afternoon
tuesday evening	wd:tue+daypart:evening
tuesday night	wd:tue+daypart:night
agami tuesday	next_wd:tue
porer tuesday	next_wd:tue
aschol tuesday	next_wd:tue
asha tuesday	next_wd:tue
gato tuesday	prev_wd:tue
ager tuesday	prev_wd:tue
proti tuesday	every_wd:tue
prottek tuesday	every_wd:tue
tuesday e	wd:tue
tuesday er	wd:tue
tuesday er moddhe	<wd:tue
tuesday er age	<wd:tue
tuesday er por	>wd:tue
tuesday porjonto	<wd:tue
আগামী tuesday	next_wd:tue
পরের tuesday	next_wd:tue
আসছে tuesday	next_wd:tue
গত tuesday	prev_wd:tue
আগের tuesday	prev_wd:tue
প্রতি tuesday	every_wd:tue
প্রত্যেক tuesday	every_wd:tue
tuesday এর মধ্যে	<wd:tue
tuesday এর আগে	<wd:tue
tuesday এর পর	>wd:tue
tuesday পর্যন্ত	<wd:tue
tue	wd:tue
this tue	wd:tue
next tue	next_wd:tue
coming tue	next_wd:tue
upcoming tue	next_wd:tue
last tue	prev_wd:tue
previous tue	prev_wd:tue
past tue	prev_wd:tue
on tue	wd:tue
by tue	<wd:tue
before tue	<wd:tue
until tue	<wd:tue
till tue	<wd:tue
after tue	>wd:tue
every tue	every_wd:tue
each tue	every_wd:tue
tues	every_wd:tue
on tues	every_wd:tue
tue morning	wd:tue+daypart:morning
tue afternoon	wd:tue+daypart:afternoon
tue evening	wd:tue+daypart:evening
tue night	wd:tue+daypart:night
agami tue	next_wd:tue
porer tue	next_wd:tue
aschol tue	next_wd:tue
asha tue	next_wd:tue
gato tue	prev_wd:tue
ager tue	prev_wd:tue
proti tue	every_wd:tue
prottek tue	every_wd:tue
tue e	wd:tue
tue er	wd:tue
tue er moddhe	<wd:tue
tue er age	<wd:tue
tue er por	>wd:tue
tue porjonto	<wd:tue
আগামী tue	next_wd:tue
পরের tue	next_wd:tue
আসছে tue	next_wd:tue
গত tue	prev_wd:tue
আগের tue	prev_wd:tue
প্রতি tue	every_wd:tue
প্রত্যেক tue	every_wd:tue
tue এর মধ্যে	<wd:tue
tue এর আগে	<wd:tue
tue এর পর	>wd:tue
tue পর্যন্ত	<wd:tue
this tues	wd:tue
next tues	next_wd:tue
coming tues	next_wd:tue
upcoming tues	next_wd:tue
last tues	prev_wd:tue
previous tues	prev_wd:tue
past tues	prev_wd:tue
by tues	<wd:tue
before tues	<wd:tue
until tues	<wd:tue
till tues	<wd:tue
after tues	>wd:tue
every tues	every_wd:tue
each tues	every_wd:tue
tuess	every_wd:tue
on tuess	every_wd:tue
tues morning	wd:tue+daypart:morning
tues afternoon	wd:tue+daypart:afternoon
tues evening	wd:tue+daypart:evening
tues night	wd:tue+daypart:night
agami tues	next_wd:tue
porer tues	next_wd:tue
aschol tues	next_wd:tue
asha tues	next_wd:tue
gato tues	prev_wd:tue
ager tues	prev_wd:tue
proti tues	every_wd:tue
prottek tues	every_wd:tue
tues e	wd:tue
tues er	wd:tue
tues er moddhe	<wd:tue
tues er age	<wd:tue
tues er por	>wd:tue
tues porjonto	<wd:tue
আগামী tues	next_wd:tue
পরের tues	next_wd:tue
আসছে tues	next_wd:tue
গত tues	prev_wd:tue
আগের tues	prev_wd:tue
প্রতি tues	every_wd:tue
প্রত্যেক tues	every_wd:tue
tues এর মধ্যে	<wd:tue
tues এর আগে	<wd:tue
tues এর পর	>wd:tue
tues পর্যন্ত	<wd:tue
tuesdy	wd:tue
this tuesdy	wd:tue
next tuesdy	next_wd:tue
coming tuesdy	next_wd:tue
upcoming tuesdy	next_wd:tue
last tuesdy	prev_wd:tue
previous tuesdy	prev_wd:tue
past tuesdy	prev_wd:tue
on tuesdy	wd:tue
by tuesdy	<wd:tue
before tuesdy	<wd:tue
until tuesdy	<wd:tue
till tuesdy	<wd:tue
after tuesdy	>wd:tue
every tuesdy	every_wd:tue
each tuesdy	every_wd:tue
tuesdys	every_wd:tue
on tuesdys	every_wd:tue
tuesdy morning	wd:tue+daypart:morning
tuesdy afternoon	wd:tue+daypart:afternoon
tuesdy evening	wd:tue+daypart:evening
tuesdy night	wd:tue+daypart:night
agami tuesdy	next_wd:tue
porer tuesdy	next_wd:tue
aschol tuesdy	next_wd:tue
asha tuesdy	next_wd:tue
gato tuesdy	prev_wd:tue
ager tuesdy	prev_wd:tue
proti tuesdy	every_wd:tue
prottek tuesdy	every_wd:tue
tuesdy e	wd:tue
tuesdy er	wd:tue
tuesdy er moddhe	<wd:tue
tuesdy er age	<wd:tue
tuesdy er por	>wd:tue
tuesdy porjonto	<wd:tue
আগামী tuesdy	next_wd:tue
পরের tuesdy	next_wd:tue
আসছে tuesdy	next_wd:tue
গত tuesdy	prev_wd:tue
আগের tuesdy	prev_wd:tue
প্রতি tuesdy	every_wd:tue
প্রত্যেক tuesdy	every_wd:tue
tuesdy এর মধ্যে	<wd:tue
tuesdy এর আগে	<wd:tue
tuesdy এর পর	>wd:tue
tuesdy পর্যন্ত	<wd:tue
teusday	wd:tue
this teusday	wd:tue
next teusday	next_wd:tue
coming teusday	next_wd:tue
upcoming teusday	next_wd:tue
last teusday	prev_wd:tue
previous teusday	prev_wd:tue
past teusday	prev_wd:tue
on teusday	wd:tue
by teusday	<wd:tue
before teusday	<wd:tue
until teusday	<wd:tue
till teusday	<wd:tue
after teusday	>wd:tue
every teusday	every_wd:tue
each teusday	every_wd:tue
teusdays	every_wd:tue
on teusdays	every_wd:tue
teusday morning	wd:tue+daypart:morning
teusday afternoon	wd:tue+daypart:afternoon
teusday evening	wd:tue+daypart:evening
teusday night	wd:tue+daypart:night
agami teusday	next_wd:tue
porer teusday	next_wd:tue
aschol teusday	next_wd:tue
asha teusday	next_wd:tue
gato teusday	prev_wd:tue
ager teusday	prev_wd:tue
proti teusday	every_wd:tue
prottek teusday	every_wd:tue
teusday e	wd:tue
teusday er	wd:tue
teusday er moddhe	<wd:tue
teusday er age	<wd:tue
teusday er por	>wd:tue
teusday porjonto	<wd:tue
আগামী teusday	next_wd:tue
পরের teusday	next_wd:tue
আসছে teusday	next_wd:tue
গত teusday	prev_wd:tue
আগের teusday	prev_wd:tue
প্রতি teusday	every_wd:tue
প্রত্যেক teusday	every_wd:tue
teusday এর মধ্যে	<wd:tue
teusday এর আগে	<wd:tue
teusday এর পর	>wd:tue
teusday পর্যন্ত	<wd:tue
tusday	wd:tue
this tusday	wd:tue
next tusday	next_wd:tue
coming tusday	next_wd:tue
upcoming tusday	next_wd:tue
last tusday	prev_wd:tue
previous tusday	prev_wd:tue
past tusday	prev_wd:tue
on tusday	wd:tue
by tusday	<wd:tue
before tusday	<wd:tue
until tusday	<wd:tue
till tusday	<wd:tue
after tusday	>wd:tue
every tusday	every_wd:tue
each tusday	every_wd:tue
tusdays	every_wd:tue
on tusdays	every_wd:tue
tusday morning	wd:tue+daypart:morning
tusday afternoon	wd:tue+daypart:afternoon
tusday evening	wd:tue+daypart:evening
tusday night	wd:tue+daypart:night
agami tusday	next_wd:tue
porer tusday	next_wd:tue
aschol tusday	next_wd:tue
asha tusday	next_wd:tue
gato tusday	prev_wd:tue
ager tusday	prev_wd:tue
proti tusday	every_wd:tue
prottek tusday	every_wd:tue
tusday e	wd:tue
tusday er	wd:tue
tusday er moddhe	<wd:tue
tusday er age	<wd:tue
tusday er por	>wd:tue
tusday porjonto	<wd:tue
আগামী tusday	next_wd:tue
পরের tusday	next_wd:tue
আসছে tusday	next_wd:tue
গত tusday	prev_wd:tue
আগের tusday	prev_wd:tue
প্রতি tusday	every_wd:tue
প্রত্যেক tusday	every_wd:tue
tusday এর মধ্যে	<wd:tue
tusday এর আগে	<wd:tue
tusday এর পর	>wd:tue
tusday পর্যন্ত	<wd:tue
mongolbar	wd:tue
this mongolbar	wd:tue
next mongolbar	next_wd:tue
coming mongolbar	next_wd:tue
upcoming mongolbar	next_wd:tue
last mongolbar	prev_wd:tue
previous mongolbar	prev_wd:tue
past mongolbar	prev_wd:tue
on mongolbar	wd:tue
by mongolbar	<wd:tue
before mongolbar	<wd:tue
until mongolbar	<wd:tue
till mongolbar	<wd:tue
after mongolbar	>wd:tue
every mongolbar	every_wd:tue
each mongolbar	every_wd:tue
mongolbars	every_wd:tue
on mongolbars	every_wd:tue
mongolbar morning	wd:tue+daypart:morning
mongolbar afternoon	wd:tue+daypart:afternoon
mongolbar evening	wd:tue+daypart:evening
mongolbar night	wd:tue+daypart:night
agami mongolbar	next_wd:tue
porer mongolbar	next_wd:tue
aschol mongolbar	next_wd:tue
asha mongolbar	next_wd:tue
gato mongolbar	prev_wd:tue
ager mongolbar	prev_wd:tue
proti mongolbar	every_wd:tue
prottek mongolbar	every_wd:tue
mongolbar e	wd:tue
mongolbar er	wd:tue
mongolbar er moddhe	<wd:tue
mongolbar er age	<wd:tue
mongolbar er por	>wd:tue
mongolbar porjonto	<wd:tue
আগামী mongolbar	next_wd:tue
পরের mongolbar	next_wd:tue
আসছে mongolbar	next_wd:tue
গত mongolbar	prev_wd:tue
আগের mongolbar	prev_wd:tue
প্রতি mongolbar	every_wd:tue
প্রত্যেক mongolbar	every_wd:tue
mongolbar এর মধ্যে	<wd:tue
mongolbar এর আগে	<wd:tue
mongolbar এর পর	>wd:tue
mongolbar পর্যন্ত	<wd:tue
mongalbar	wd:tue
this mongalbar	wd:tue
next mongalbar	next_wd:tue
coming mongalbar	next_wd:tue
upcoming mongalbar	next_wd:tue
last mongalbar	prev_wd:tue
previous mongalbar	prev_wd:tue
past mongalbar	prev_wd:tue
on mongalbar	wd:tue
by mongalbar	<wd:tue
before mongalbar	<wd:tue
until mongalbar	<wd:tue
till mongalbar	<wd:tue
after mongalbar	>wd:tue
every mongalbar	every_wd:tue
each mongalbar	every_wd:tue
mongalbars	every_wd:tue
on mongalbars	every_wd:tue
mongalbar morning	wd:tue+daypart:morning
mongalbar afternoon	wd:tue+daypart:afternoon
mongalbar evening	wd:tue+daypart:evening
mongalbar night	wd:tue+daypart:night
agami mongalbar	next_wd:tue
porer mongalbar	next_wd:tue
aschol mongalbar	next_wd:tue
asha mongalbar	next_wd:tue
gato mongalbar	prev_wd:tue
ager mongalbar	prev_wd:tue
proti mongalbar	every_wd:tue
prottek mongalbar	every_wd:tue
mongalbar e	wd:tue
mongalbar er	wd:tue
mongalbar er moddhe	<wd:tue
mongalbar er age	<wd:tue
mongalbar er por	>wd:tue
mongalbar porjonto	<wd:tue
আগামী mongalbar	next_wd:tue
পরের mongalbar	next_wd:tue
আসছে mongalbar	next_wd:tue
গত mongalbar	prev_wd:tue
আগের mongalbar	prev_wd:tue
প্রতি mongalbar	every_wd:tue
প্রত্যেক mongalbar	every_wd:tue
mongalbar এর মধ্যে	<wd:tue
mongalbar এর আগে	<wd:tue
mongalbar এর পর	>wd:tue
mongalbar পর্যন্ত	<wd:tue
monglobar	wd:tue
this monglobar	wd:tue
next monglobar	next_wd:tue
coming monglobar	next_wd:tue
upcoming monglobar	next_wd:tue
last monglobar	prev_wd:tue
previous monglobar	prev_wd:tue
past monglobar	prev_wd:tue
on monglobar	wd:tue
by monglobar	<wd:tue
before monglobar	<wd:tue
until monglobar	<wd:tue
till monglobar	<wd:tue
after monglobar	>wd:tue
every monglobar	every_wd:tue
each monglobar	every_wd:tue
monglobars	every_wd:tue
on monglobars	every_wd:tue
monglobar morning	wd:tue+daypart:morning
monglobar afternoon	wd:tue+daypart:afternoon
monglobar evening	wd:tue+daypart:evening
monglobar night	wd:tue+daypart:night
agami monglobar	next_wd:tue
porer monglobar	next_wd:tue
aschol monglobar	next_wd:tue
asha monglobar	next_wd:tue
gato monglobar	prev_wd:tue
ager monglobar	prev_wd:tue
proti monglobar	every_wd:tue
prottek monglobar	every_wd:tue
monglobar e	wd:tue
monglobar er	wd:tue
monglobar er moddhe	<wd:tue
monglobar er age	<wd:tue
monglobar er por	>wd:tue
monglobar porjonto	<wd:tue
আগামী monglobar	next_wd:tue
পরের monglobar	next_wd:tue
আসছে monglobar	next_wd:tue
গত monglobar	prev_wd:tue
আগের monglobar	prev_wd:tue
প্রতি monglobar	every_wd:tue
প্রত্যেক monglobar	every_wd:tue
monglobar এর মধ্যে	<wd:tue
monglobar এর আগে	<wd:tue
monglobar এর পর	>wd:tue
monglobar পর্যন্ত	<wd:tue
mongal bar	wd:tue
this mongal bar	wd:tue
next mongal bar	next_wd:tue
coming mongal bar	next_wd:tue
upcoming mongal bar	next_wd:tue
last mongal bar	prev_wd:tue
previous mongal bar	prev_wd:tue
past mongal bar	prev_wd:tue
on mongal bar	wd:tue
by mongal bar	<wd:tue
before mongal bar	<wd:tue
until mongal bar	<wd:tue
till mongal bar	<wd:tue
after mongal bar	>wd:tue
every mongal bar	every_wd:tue
each mongal bar	every_wd:tue
mongal bars	every_wd:tue
on mongal bars	every_wd:tue
mongal bar morning	wd:tue+daypart:morning
mongal bar afternoon	wd:tue+daypart:afternoon
mongal bar evening	wd:tue+daypart:evening
mongal bar night	wd:tue+daypart:night
agami mongal bar	next_wd:tue
porer mongal bar	next_wd:tue
aschol mongal bar	next_wd:tue
asha mongal bar	next_wd:tue
gato mongal bar	prev_wd:tue
ager mongal bar	prev_wd:tue
proti mongal bar	every_wd:tue
prottek mongal bar	every_wd:tue
mongal bar e	wd:tue
mongal bar er	wd:tue
mongal bar er moddhe	<wd:tue
mongal bar er age	<wd:tue
mongal bar er por	>wd:tue
mongal bar porjonto	<wd:tue
আগামী mongal bar	next_wd:tue
পরের mongal bar	next_wd:tue
আসছে mongal bar	next_wd:tue
গত mongal bar	prev_wd:tue
আগের mongal bar	prev_wd:tue
প্রতি mongal bar	every_wd:tue
প্রত্যেক mongal bar	every_wd:tue
mongal bar এর মধ্যে	<wd:tue
mongal bar এর আগে	<wd:tue
mongal bar এর পর	>wd:tue
mongal bar পর্যন্ত	<wd:tue
মঙ্গলবার	wd:tue
this মঙ্গলবার	wd:tue
next মঙ্গলবার	next_wd:tue
coming মঙ্গলবার	next_wd:tue
upcoming মঙ্গলবার	next_wd:tue
last মঙ্গলবার	prev_wd:tue
previous মঙ্গলবার	prev_wd:tue
past মঙ্গলবার	prev_wd:tue
on মঙ্গলবার	wd:tue
by মঙ্গলবার	<wd:tue
before মঙ্গলবার	<wd:tue
until মঙ্গলবার	<wd:tue
till মঙ্গলবার	<wd:tue
after মঙ্গলবার	>wd:tue
every মঙ্গলবার	every_wd:tue
each মঙ্গলবার	every_wd:tue
মঙ্গলবারs	every_wd:tue
on মঙ্গলবারs	every_wd:tue
মঙ্গলবার morning	wd:tue+daypart:morning
মঙ্গলবার afternoon	wd:tue+daypart:afternoon
মঙ্গলবার evening	wd:tue+daypart:evening
মঙ্গলবার night	wd:tue+daypart:night
agami মঙ্গলবার	next_wd:tue
porer মঙ্গলবার	next_wd:tue
aschol মঙ্গলবার	next_wd:tue
asha মঙ্গলবার	next_wd:tue
gato মঙ্গলবার	prev_wd:tue
ager মঙ্গলবার	prev_wd:tue
proti মঙ্গলবার	every_wd:tue
prottek মঙ্গলবার	every_wd:tue
মঙ্গলবার e	wd:tue
মঙ্গলবার er	wd:tue
মঙ্গলবার er moddhe	<wd:tue
মঙ্গলবার er age	<wd:tue
মঙ্গলবার er por	>wd:tue
মঙ্গলবার porjonto	<wd:tue
আগামী মঙ্গলবার	next_wd:tue
পরের মঙ্গলবার	next_wd:tue
আসছে মঙ্গলবার	next_wd:tue
গত মঙ্গলবার	prev_wd:tue
আগের মঙ্গলবার	prev_wd:tue
প্রতি মঙ্গলবার	every_wd:tue
প্রত্যেক মঙ্গলবার	every_wd:tue
মঙ্গলবার এর মধ্যে	<wd:tue
মঙ্গলবার এর আগে	<wd:tue
মঙ্গলবার এর পর	>wd:tue
মঙ্গলবার পর্যন্ত	<wd:tue
মঙ্গলবারে	wd:tue
this মঙ্গলবারে	wd:tue
next মঙ্গলবারে	next_wd:tue
coming মঙ্গলবারে	next_wd:tue
upcoming মঙ্গলবারে	next_wd:tue
last মঙ্গলবারে	prev_wd:tue
previous মঙ্গলবারে	prev_wd:tue
past মঙ্গলবারে	prev_wd:tue
on মঙ্গলবারে	wd:tue
by মঙ্গলবারে	<wd:tue
before মঙ্গলবারে	<wd:tue
until মঙ্গলবারে	<wd:tue
till মঙ্গলবারে	<wd:tue
after মঙ্গলবারে	>wd:tue
every মঙ্গলবারে	every_wd:tue
each মঙ্গলবারে	every_wd:tue
মঙ্গলবারেs	every_wd:tue
on মঙ্গলবারেs	every_wd:tue
মঙ্গলবারে morning	wd:tue+daypart:morning
মঙ্গলবারে afternoon	wd:tue+daypart:afternoon
মঙ্গলবারে evening	wd:tue+daypart:evening
মঙ্গলবারে night	wd:tue+daypart:night
agami মঙ্গলবারে	next_wd:tue
porer মঙ্গলবারে	next_wd:tue
aschol মঙ্গলবারে	next_wd:tue
asha মঙ্গলবারে	next_wd:tue
gato মঙ্গলবারে	prev_wd:tue
ager মঙ্গলবারে	prev_wd:tue
proti মঙ্গলবারে	every_wd:tue
prottek মঙ্গলবারে	every_wd:tue
মঙ্গলবারে e	wd:tue
মঙ্গলবারে er	wd:tue
মঙ্গলবারে er moddhe	<wd:tue
মঙ্গলবারে er age	<wd:tue
মঙ্গলবারে er por	>wd:tue
মঙ্গলবারে porjonto	<wd:tue
আগামী মঙ্গলবারে	next_wd:tue
পরের মঙ্গলবারে	next_wd:tue
আসছে মঙ্গলবারে	next_wd:tue
গত মঙ্গলবারে	prev_wd:tue
আগের মঙ্গলবারে	prev_wd:tue
প্রতি মঙ্গলবারে	every_wd:tue
প্রত্যেক মঙ্গলবারে	every_wd:tue
মঙ্গলবারে এর মধ্যে	<wd:tue
মঙ্গলবারে এর আগে	<wd:tue
মঙ্গলবারে এর পর	>wd:tue
মঙ্গলবারে পর্যন্ত	<wd:tue
মঙ্গল	wd:tue
this মঙ্গল	wd:tue
next মঙ্গল	next_wd:tue
coming মঙ্গল	next_wd:tue
upcoming মঙ্গল	next_wd:tue
last মঙ্গল	prev_wd:tue
previous মঙ্গল	prev_wd:tue
past মঙ্গল	prev_wd:tue
on মঙ্গল	wd:tue
by মঙ্গল	<wd:tue
before মঙ্গল	<wd:tue
until মঙ্গল	<wd:tue
till মঙ্গল	<wd:tue
after মঙ্গল	>wd:tue
every মঙ্গল	every_wd:tue
each মঙ্গল	every_wd:tue
মঙ্গলs	every_wd:tue
on মঙ্গলs	every_wd:tue
মঙ্গল morning	wd:tue+daypart:morning
মঙ্গল afternoon	wd:tue+daypart:afternoon
মঙ্গল evening	wd:tue+daypart:evening
মঙ্গল night	wd:tue+daypart:night
agami মঙ্গল	next_wd:tue
porer মঙ্গল	next_wd:tue
aschol মঙ্গল	next_wd:tue
asha মঙ্গল	next_wd:tue
gato মঙ্গল	prev_wd:tue
ager মঙ্গল	prev_wd:tue
proti মঙ্গল	every_wd:tue
prottek মঙ্গল	every_wd:tue
মঙ্গল e	wd:tue
মঙ্গল er	wd:tue
মঙ্গল er moddhe	<wd:tue
মঙ্গল er age	<wd:tue
মঙ্গল er por	>wd:tue
মঙ্গল porjonto	<wd:tue
আগামী মঙ্গল	next_wd:tue
পরের মঙ্গল	next_wd:tue
আসছে মঙ্গল	next_wd:tue
গত মঙ্গল	prev_wd:tue
আগের মঙ্গল	prev_wd:tue
প্রতি মঙ্গল	every_wd:tue
প্রত্যেক মঙ্গল	every_wd:tue
মঙ্গল এর মধ্যে	<wd:tue
মঙ্গল এর আগে	<wd:tue
মঙ্গল এর পর	>wd:tue
মঙ্গল পর্যন্ত	<wd:tue
মঙ্গলবারের	wd:tue
this মঙ্গলবারের	wd:tue
next মঙ্গলবারের	next_wd:tue
coming মঙ্গলবারের	next_wd:tue
upcoming মঙ্গলবারের	next_wd:tue
last মঙ্গলবারের	prev_wd:tue
previous মঙ্গলবারের	prev_wd:tue
past মঙ্গলবারের	prev_wd:tue
on মঙ্গলবারের	wd:tue
by মঙ্গলবারের	<wd:tue
before মঙ্গলবারের	<wd:tue
until মঙ্গলবারের	<wd:tue
till মঙ্গলবারের	<wd:tue
after মঙ্গলবারের	>wd:tue
every মঙ্গলবারের	every_wd:tue
each মঙ্গলবারের	every_wd:tue
মঙ্গলবারেরs	every_wd:tue
on মঙ্গলবারেরs	every_wd:tue
মঙ্গলবারের morning	wd:tue+daypart:morning
মঙ্গলবারের afternoon	wd:tue+daypart:afternoon
মঙ্গলবারের evening	wd:tue+daypart:evening
মঙ্গলবারের night	wd:tue+daypart:night
agami মঙ্গলবারের	next_wd:tue
porer মঙ্গলবারের	next_wd:tue
aschol মঙ্গলবারের	next_wd:tue
asha মঙ্গলবারের	next_wd:tue
gato মঙ্গলবারের	prev_wd:tue
ager মঙ্গলবারের	prev_wd:tue
proti মঙ্গলবারের	every_wd:tue
prottek মঙ্গলবারের	every_wd:tue
মঙ্গলবারের e	wd:tue
মঙ্গলবারের er	wd:tue
মঙ্গলবারের er moddhe	<wd:tue
মঙ্গলবারের er age	<wd:tue
মঙ্গলবারের er por	>wd:tue
মঙ্গলবারের porjonto	<wd:tue
আগামী মঙ্গলবারের	next_wd:tue
পরের মঙ্গলবারের	next_wd:tue
আসছে মঙ্গলবারের	next_wd:tue
গত মঙ্গলবারের	prev_wd:tue
আগের মঙ্গলবারের	prev_wd:tue
প্রতি মঙ্গলবারের	every_wd:tue
প্রত্যেক মঙ্গলবারের	every_wd:tue
মঙ্গলবারের এর মধ্যে	<wd:tue
মঙ্গলবারের এর আগে	<wd:tue
মঙ্গলবারের এর পর	>wd:tue
মঙ্গলবারের পর্যন্ত	<wd:tue
মঙ্গলবারই	wd:tue
this মঙ্গলবারই	wd:tue
next মঙ্গলবারই	next_wd:tue
coming মঙ্গলবারই	next_wd:tue
upcoming মঙ্গলবারই	next_wd:tue
last মঙ্গলবারই	prev_wd:tue
previous মঙ্গলবারই	prev_wd:tue
past মঙ্গলবারই	prev_wd:tue
on মঙ্গলবারই	wd:tue
by মঙ্গলবারই	<wd:tue
before মঙ্গলবারই	<wd:tue
until মঙ্গলবারই	<wd:tue
till মঙ্গলবারই	<wd:tue
after মঙ্গলবারই	>wd:tue
every মঙ্গলবারই	every_wd:tue
each মঙ্গলবারই	every_wd:tue
মঙ্গলবারইs	every_wd:tue
on মঙ্গলবারইs	every_wd:tue
মঙ্গলবারই morning	wd:tue+daypart:morning
মঙ্গলবারই afternoon	wd:tue+daypart:afternoon
মঙ্গলবারই evening	wd:tue+daypart:evening
মঙ্গলবারই night	wd:tue+daypart:night
agami মঙ্গলবারই	next_wd:tue
porer মঙ্গলবারই	next_wd:tue
aschol মঙ্গলবারই	next_wd:tue
asha মঙ্গলবারই	next_wd:tue
gato মঙ্গলবারই	prev_wd:tue
ager মঙ্গলবারই	prev_wd:tue
proti মঙ্গলবারই	every_wd:tue
prottek মঙ্গলবারই	every_wd:tue
মঙ্গলবারই e	wd:tue
মঙ্গলবারই er	wd:tue
মঙ্গলবারই er moddhe	<wd:tue
মঙ্গলবারই er age	<wd:tue
মঙ্গলবারই er por	>wd:tue
মঙ্গলবারই porjonto	<wd:tue
আগামী মঙ্গলবারই	next_wd:tue
পরের মঙ্গলবারই	next_wd:tue
আসছে মঙ্গলবারই	next_wd:tue
গত মঙ্গলবারই	prev_wd:tue
আগের মঙ্গলবারই	prev_wd:tue
প্রতি মঙ্গলবারই	every_wd:tue
প্রত্যেক মঙ্গলবারই	every_wd:tue
মঙ্গলবারই এর মধ্যে	<wd:tue
মঙ্গলবারই এর আগে	<wd:tue
মঙ্গলবারই এর পর	>wd:tue
মঙ্গলবারই পর্যন্ত	<wd:tue
মঙ্গলবার দিন	wd:tue
this মঙ্গলবার দিন	wd:tue
next মঙ্গলবার দিন	next_wd:tue
coming মঙ্গলবার দিন	next_wd:tue
upcoming মঙ্গলবার দিন	next_wd:tue
last মঙ্গলবার দিন	prev_wd:tue
previous মঙ্গলবার দিন	prev_wd:tue
past মঙ্গলবার দিন	prev_wd:tue
on মঙ্গলবার দিন	wd:tue
by মঙ্গলবার দিন	<wd:tue
before মঙ্গলবার দিন	<wd:tue
until মঙ্গলবার দিন	<wd:tue
till মঙ্গলবার দিন	<wd:tue
after মঙ্গলবার দিন	>wd:tue
every মঙ্গলবার দিন	every_wd:tue
each মঙ্গলবার দিন	every_wd:tue
মঙ্গলবার দিনs	every_wd:tue
on মঙ্গলবার দিনs	every_wd:tue
মঙ্গলবার দিন morning	wd:tue+daypart:morning
মঙ্গলবার দিন afternoon	wd:tue+daypart:afternoon
মঙ্গলবার দিন evening	wd:tue+daypart:evening
মঙ্গলবার দিন night	wd:tue+daypart:night
agami মঙ্গলবার দিন	next_wd:tue
porer মঙ্গলবার দিন	next_wd:tue
aschol মঙ্গলবার দিন	next_wd:tue
asha মঙ্গলবার দিন	next_wd:tue
gato মঙ্গলবার দিন	prev_wd:tue
ager মঙ্গলবার দিন	prev_wd:tue
proti মঙ্গলবার দিন	every_wd:tue
prottek মঙ্গলবার দিন	every_wd:tue
মঙ্গলবার দিন e	wd:tue
মঙ্গলবার দিন er	wd:tue
মঙ্গলবার দিন er moddhe	<wd:tue
মঙ্গলবার দিন er age	<wd:tue
মঙ্গলবার দিন er por	>wd:tue
মঙ্গলবার দিন porjonto	<wd:tue
আগামী মঙ্গলবার দিন	next_wd:tue
পরের মঙ্গলবার দিন	next_wd:tue
আসছে মঙ্গলবার দিন	next_wd:tue
গত মঙ্গলবার দিন	prev_wd:tue
আগের মঙ্গলবার দিন	prev_wd:tue
প্রতি মঙ্গলবার দিন	every_wd:tue
প্রত্যেক মঙ্গলবার দিন	every_wd:tue
মঙ্গলবার দিন এর মধ্যে	<wd:tue
মঙ্গলবার দিন এর আগে	<wd:tue
মঙ্গলবার দিন এর পর	>wd:tue
মঙ্গলবার দিন পর্যন্ত	<wd:tue
wednesday	wd:wed
this wednesday	wd:wed
next wednesday	next_wd:wed
coming wednesday	next_wd:wed
upcoming wednesday	next_wd:wed
last wednesday	prev_wd:wed
previous wednesday	prev_wd:wed
past wednesday	prev_wd:wed
on wednesday	wd:wed
by wednesday	<wd:wed
before wednesday	<wd:wed
until wednesday	<wd:wed
till wednesday	<wd:wed
after wednesday	>wd:wed
every wednesday	every_wd:wed
each wednesday	every_wd:wed
wednesdays	every_wd:wed
on wednesdays	every_wd:wed
wednesday morning	wd:wed+daypart:morning
wednesday afternoon	wd:wed+daypart:afternoon
wednesday evening	wd:wed+daypart:evening
wednesday night	wd:wed+daypart:night
agami wednesday	next_wd:wed
porer wednesday	next_wd:wed
aschol wednesday	next_wd:wed
asha wednesday	next_wd:wed
gato wednesday	prev_wd:wed
ager wednesday	prev_wd:wed
proti wednesday	every_wd:wed
prottek wednesday	every_wd:wed
wednesday e	wd:wed
wednesday er	wd:wed
wednesday er moddhe	<wd:wed
wednesday er age	<wd:wed
wednesday er por	>wd:wed
wednesday porjonto	<wd:wed
আগামী wednesday	next_wd:wed
পরের wednesday	next_wd:wed
আসছে wednesday	next_wd:wed
গত wednesday	prev_wd:wed
আগের wednesday	prev_wd:wed
প্রতি wednesday	every_wd:wed
প্রত্যেক wednesday	every_wd:wed
wednesday এর মধ্যে	<wd:wed
wednesday এর আগে	<wd:wed
wednesday এর পর	>wd:wed
wednesday পর্যন্ত	<wd:wed
wed	wd:wed
this wed	wd:wed
next wed	next_wd:wed
coming wed	next_wd:wed
upcoming wed	next_wd:wed
last wed	prev_wd:wed
previous wed	prev_wd:wed
past wed	prev_wd:wed
on wed	wd:wed
by wed	<wd:wed
before wed	<wd:wed
until wed	<wd:wed
till wed	<wd:wed
after wed	>wd:wed
every wed	every_wd:wed
each wed	every_wd:wed
weds	every_wd:wed
on weds	every_wd:wed
wed morning	wd:wed+daypart:morning
wed afternoon	wd:wed+daypart:afternoon
wed evening	wd:wed+daypart:evening
wed night	wd:wed+daypart:night
agami wed	next_wd:wed
porer wed	next_wd:wed
aschol wed	next_wd:wed
asha wed	next_wd:wed
gato wed	prev_wd:wed
ager wed	prev_wd:wed
proti wed	every_wd:wed
prottek wed	every_wd:wed
wed e	wd:wed
wed er	wd:wed
wed er moddhe	<wd:wed
wed er age	<wd:wed
wed er por	>wd:wed
wed porjonto	<wd:wed
আগামী wed	next_wd:wed
পরের wed	next_wd:wed
আসছে wed	next_wd:wed
গত wed	prev_wd:wed
আগের wed	prev_wd:wed
প্রতি wed	every_wd:wed
প্রত্যেক wed	every_wd:wed
wed এর মধ্যে	<wd:wed
wed এর আগে	<wd:wed
wed এর পর	>wd:wed
wed পর্যন্ত	<wd:wed
this weds	wd:wed
next weds	next_wd:wed
coming weds	next_wd:wed
upcoming weds	next_wd:wed
last weds	prev_wd:wed
previous weds	prev_wd:wed
past weds	prev_wd:wed
by weds	<wd:wed
before weds	<wd:wed
until weds	<wd:wed
till weds	<wd:wed
after weds	>wd:wed
every weds	every_wd:wed
each weds	every_wd:wed
wedss	every_wd:wed
on wedss	every_wd:wed
weds morning	wd:wed+daypart:morning
weds afternoon	wd:wed+daypart:afternoon
weds evening	wd:wed+daypart:evening
weds night	wd:wed+daypart:night
agami weds	next_wd:wed
porer weds	next_wd:wed
aschol weds	next_wd:wed
asha weds	next_wd:wed
gato weds	prev_wd:wed
ager weds	prev_wd:wed
proti weds	every_wd:wed
prottek weds	every_wd:wed
weds e	wd:wed
weds er	wd:wed
weds er moddhe	<wd:wed
weds er age	<wd:wed
weds er por	>wd:wed
weds porjonto	<wd:wed
আগামী weds	next_wd:wed
পরের weds	next_wd:wed
আসছে weds	next_wd:wed
গত weds	prev_wd:wed
আগের weds	prev_wd:wed
প্রতি weds	every_wd:wed
প্রত্যেক weds	every_wd:wed
weds এর মধ্যে	<wd:wed
weds এর আগে	<wd:wed
weds এর পর	>wd:wed
weds পর্যন্ত	<wd:wed
wednsday	wd:wed
this wednsday	wd:wed
next wednsday	next_wd:wed
coming wednsday	next_wd:wed
upcoming wednsday	next_wd:wed
last wednsday	prev_wd:wed
previous wednsday	prev_wd:wed
past wednsday	prev_wd:wed
on wednsday	wd:wed
by wednsday	<wd:wed
before wednsday	<wd:wed
until wednsday	<wd:wed
till wednsday	<wd:wed
after wednsday	>wd:wed
every wednsday	every_wd:wed
each wednsday	every_wd:wed
wednsdays	every_wd:wed
on wednsdays	every_wd:wed
wednsday morning	wd:wed+daypart:morning
wednsday afternoon	wd:wed+daypart:afternoon
wednsday evening	wd:wed+daypart:evening
wednsday night	wd:wed+daypart:night
agami wednsday	next_wd:wed
porer wednsday	next_wd:wed
aschol wednsday	next_wd:wed
asha wednsday	next_wd:wed
gato wednsday	prev_wd:wed
ager wednsday	prev_wd:wed
proti wednsday	every_wd:wed
prottek wednsday	every_wd:wed
wednsday e	wd:wed
wednsday er	wd:wed
wednsday er moddhe	<wd:wed
wednsday er age	<wd:wed
wednsday er por	>wd:wed
wednsday porjonto	<wd:wed
আগামী wednsday	next_wd:wed
পরের wednsday	next_wd:wed
আসছে wednsday	next_wd:wed
গত wednsday	prev_wd:wed
আগের wednsday	prev_wd:wed
প্রতি wednsday	every_wd:wed
প্রত্যেক wednsday	every_wd:wed
wednsday এর মধ্যে	<wd:wed
wednsday এর আগে	<wd:wed
wednsday এর পর	>wd:wed
wednsday পর্যন্ত	<wd:wed
wensday	wd:wed
this wensday	wd:wed
next wensday	next_wd:wed
coming wensday	next_wd:wed
upcoming wensday	next_wd:wed
last wensday	prev_wd:wed
previous wensday	prev_wd:wed
past wensday	prev_wd:wed
on wensday	wd:wed
by wensday	<wd:wed
before wensday	<wd:wed
until wensday	<wd:wed
till wensday	<wd:wed
after wensday	>wd:wed
every wensday	every_wd:wed
each wensday	every_wd:wed
wensdays	every_wd:wed
on wensdays	every_wd:wed
wensday morning	wd:wed+daypart:morning
wensday afternoon	wd:wed+daypart:afternoon
wensday evening	wd:wed+daypart:evening
wensday night	wd:wed+daypart:night
agami wensday	next_wd:wed
porer wensday	next_wd:wed
aschol wensday	next_wd:wed
asha wensday	next_wd:wed
gato wensday	prev_wd:wed
ager wensday	prev_wd:wed
proti wensday	every_wd:wed
prottek wensday	every_wd:wed
wensday e	wd:wed
wensday er	wd:wed
wensday er moddhe	<wd:wed
wensday er age	<wd:wed
wensday er por	>wd:wed
wensday porjonto	<wd:wed
আগামী wensday	next_wd:wed
পরের wensday	next_wd:wed
আসছে wensday	next_wd:wed
গত wensday	prev_wd:wed
আগের wensday	prev_wd:wed
প্রতি wensday	every_wd:wed
প্রত্যেক wensday	every_wd:wed
wensday এর মধ্যে	<wd:wed
wensday এর আগে	<wd:wed
wensday এর পর	>wd:wed
wensday পর্যন্ত	<wd:wed
wendsday	wd:wed
this wendsday	wd:wed
next wendsday	next_wd:wed
coming wendsday	next_wd:wed
upcoming wendsday	next_wd:wed
last wendsday	prev_wd:wed
previous wendsday	prev_wd:wed
past wendsday	prev_wd:wed
on wendsday	wd:wed
by wendsday	<wd:wed
before wendsday	<wd:wed
until wendsday	<wd:wed
till wendsday	<wd:wed
after wendsday	>wd:wed
every wendsday	every_wd:wed
each wendsday	every_wd:wed
wendsdays	every_wd:wed
on wendsdays	every_wd:wed
wendsday morning	wd:wed+daypart:morning
wendsday afternoon	wd:wed+daypart:afternoon
wendsday evening	wd:wed+daypart:evening
wendsday night	wd:wed+daypart:night
agami wendsday	next_wd:wed
porer wendsday	next_wd:wed
aschol wendsday	next_wd:wed
asha wendsday	next_wd:wed
gato wendsday	prev_wd:wed
ager wendsday	prev_wd:wed
proti wendsday	every_wd:wed
prottek wendsday	every_wd:wed
wendsday e	wd:wed
wendsday er	wd:wed
wendsday er moddhe	<wd:wed
wendsday er age	<wd:wed
wendsday er por	>wd:wed
wendsday porjonto	<wd:wed
আগামী wendsday	next_wd:wed
পরের wendsday	next_wd:wed
আসছে wendsday	next_wd:wed
গত wendsday	prev_wd:wed
আগের wendsday	prev_wd:wed
প্রতি wendsday	every_wd:wed
প্রত্যেক wendsday	every_wd:wed
wendsday এর মধ্যে	<wd:wed
wendsday এর আগে	<wd:wed
wendsday এর পর	>wd:wed
wendsday পর্যন্ত	<wd:wed
wedensday	wd:wed
this wedensday	wd:wed
next wedensday	next_wd:wed
coming wedensday	next_wd:wed
upcoming wedensday	next_wd:wed
last wedensday	prev_wd:wed
previous wedensday	prev_wd:wed
past wedensday	prev_wd:wed
on wedensday	wd:wed
by wedensday	<wd:wed
before wedensday	<wd:wed
until wedensday	<wd:wed
till wedensday	<wd:wed
after wedensday	>wd:wed
every wedensday	every_wd:wed
each wedensday	every_wd:wed
wedensdays	every_wd:wed
on wedensdays	every_wd:wed
wedensday morning	wd:wed+daypart:morning
wedensday afternoon	wd:wed+daypart:afternoon
wedensday evening	wd:wed+daypart:evening
wedensday night	wd:wed+daypart:night
agami wedensday	next_wd:wed
porer wedensday	next_wd:wed
aschol wedensday	next_wd:wed
asha wedensday	next_wd:wed
gato wedensday	prev_wd:wed
ager wedensday	prev_wd:wed
proti wedensday	every_wd:wed
prottek wedensday	every_wd:wed
wedensday e	wd:wed
wedensday er	wd:wed
wedensday er moddhe	<wd:wed
wedensday er age	<wd:wed
wedensday er por	>wd:wed
wedensday porjonto	<wd:wed
আগামী wedensday	next_wd:wed
পরের wedensday	next_wd:wed
আসছে wedensday	next_wd:wed
গত wedensday	prev_wd:wed
আগের wedensday	prev_wd:wed
প্রতি wedensday	every_wd:wed
প্রত্যেক wedensday	every_wd:wed
wedensday এর মধ্যে	<wd:wed
wedensday এর আগে	<wd:wed
wedensday এর পর	>wd:wed
wedensday পর্যন্ত	<wd:wed
budhbar	wd:wed
this budhbar	wd:wed
next budhbar	next_wd:wed
coming budhbar	next_wd:wed
upcoming budhbar	next_wd:wed
last budhbar	prev_wd:wed
previous budhbar	prev_wd:wed
past budhbar	prev_wd:wed
on budhbar	wd:wed
by budhbar	<wd:wed
before budhbar	<wd:wed
until budhbar	<wd:wed
till budhbar	<wd:wed
after budhbar	>wd:wed
every budhbar	every_wd:wed
each budhbar	every_wd:wed
budhbars	every_wd:wed
on budhbars	every_wd:wed
budhbar morning	wd:wed+daypart:morning
budhbar afternoon	wd:wed+daypart:afternoon
budhbar evening	wd:wed+daypart:evening
budhbar night	wd:wed+daypart:night
agami budhbar	next_wd:wed
porer budhbar	next_wd:wed
aschol budhbar	next_wd:wed
asha budhbar	next_wd:wed
gato budhbar	prev_wd:wed
ager budhbar	prev_wd:wed
proti budhbar	every_wd:wed
prottek budhbar	every_wd:wed
budhbar e	wd:wed
budhbar er	wd:wed
budhbar er moddhe	<wd:wed
budhbar er age	<wd:wed
budhbar er por	>wd:wed
budhbar porjonto	<wd:wed
আগামী budhbar	next_wd:wed
পরের budhbar	next_wd:wed
আসছে budhbar	next_wd:wed
গত budhbar	prev_wd:wed
আগের budhbar	prev_wd:wed
প্রতি budhbar	every_wd:wed
প্রত্যেক budhbar	every_wd:wed
budhbar এর মধ্যে	<wd:wed
budhbar এর আগে	<wd:wed
budhbar এর পর	>wd:wed
budhbar পর্যন্ত	<wd:wed
budhobar	wd:wed
this budhobar	wd:wed
next budhobar	next_wd:wed
coming budhobar	next_wd:wed
upcoming budhobar	next_wd:wed
last budhobar	prev_wd:wed
previous budhobar	prev_wd:wed
past budhobar	prev_wd:wed
on budhobar	wd:wed
by budhobar	<wd:wed
before budhobar	<wd:wed
until budhobar	<wd:wed
till budhobar	<wd:wed
after budhobar	>wd:wed
every budhobar	every_wd:wed
each budhobar	every_wd:wed
budhobars	every_wd:wed
on budhobars	every_wd:wed
budhobar morning	wd:wed+daypart:morning
budhobar afternoon	wd:wed+daypart:afternoon
budhobar evening	wd:wed+daypart:evening
budhobar night	wd:wed+daypart:night
agami budhobar	next_wd:wed
porer budhobar	next_wd:wed
aschol budhobar	next_wd:wed
asha budhobar	next_wd:wed
gato budhobar	prev_wd:wed
ager budhobar	prev_wd:wed
proti budhobar	every_wd:wed
prottek budhobar	every_wd:wed
budhobar e	wd:wed
budhobar er	wd:wed
budhobar er moddhe	<wd:wed
budhobar er age	<wd:wed
budhobar er por	>wd:wed
budhobar porjonto	<wd:wed
আগামী budhobar	next_wd:wed
পরের budhobar	next_wd:wed
আসছে budhobar	next_wd:wed
গত budhobar	prev_wd:wed
আগের budhobar	prev_wd:wed
প্রতি budhobar	every_wd:wed
প্রত্যেক budhobar	every_wd:wed
budhobar এর মধ্যে	<wd:wed
budhobar এর আগে	<wd:wed
budhobar এর পর	>wd:wed
budhobar পর্যন্ত	<wd:wed
budbar	wd:wed
this budbar	wd:wed
next budbar	next_wd:wed
coming budbar	next_wd:wed
upcoming budbar	next_wd:wed
last budbar	prev_wd:wed
previous budbar	prev_wd:wed
past budbar	prev_wd:wed
on budbar	wd:wed
by budbar	<wd:wed
before budbar	<wd:wed
until budbar	<wd:wed
till budbar	<wd:wed
after budbar	>wd:wed
every budbar	every_wd:wed
each budbar	every_wd:wed
budbars	every_wd:wed
on budbars	every_wd:wed
budbar morning	wd:wed+daypart:morning
budbar afternoon	wd:wed+daypart:afternoon
budbar evening	wd:wed+daypart:evening
budbar night	wd:wed+daypart:night
agami budbar	next_wd:wed
porer budbar	next_wd:wed
aschol budbar	next_wd:wed
asha budbar	next_wd:wed
gato budbar	prev_wd:wed
ager budbar	prev_wd:wed
proti budbar	every_wd:wed
prottek budbar	every_wd:wed
budbar e	wd:wed
budbar er	wd:wed
budbar er moddhe	<wd:wed
budbar er age	<wd:wed
budbar er por	>wd:wed
budbar porjonto	<wd:wed
আগামী budbar	next_wd:wed
পরের budbar	next_wd:wed
আসছে budbar	next_wd:wed
গত budbar	prev_wd:wed
আগের budbar	prev_wd:wed
প্রতি budbar	every_wd:wed
প্রত্যেক budbar	every_wd:wed
budbar এর মধ্যে	<wd:wed
budbar এর আগে	<wd:wed
budbar এর পর	>wd:wed
budbar পর্যন্ত	<wd:wed
budh bar	wd:wed
this budh bar	wd:wed
next budh bar	next_wd:wed
coming budh bar	next_wd:wed
upcoming budh bar	next_wd:wed
last budh bar	prev_wd:wed
previous budh bar	prev_wd:wed
past budh bar	prev_wd:wed
on budh bar	wd:wed
by budh bar	<wd:wed
before budh bar	<wd:wed
until budh bar	<wd:wed
till budh bar	<wd:wed
after budh bar	>wd:wed
every budh bar	every_wd:wed
each budh bar	every_wd:wed
budh bars	every_wd:wed
on budh bars	every_wd:wed
budh bar morning	wd:wed+daypart:morning
budh bar afternoon	wd:wed+daypart:afternoon
budh bar evening	wd:wed+daypart:evening
budh bar night	wd:wed+daypart:night
agami budh bar	next_wd:wed
porer budh bar	next_wd:wed
aschol budh bar	next_wd:wed
asha budh bar	next_wd:wed
gato budh bar	prev_wd:wed
ager budh bar	prev_wd:wed
proti budh bar	every_wd:wed
prottek budh bar	every_wd:wed
budh bar e	wd:wed
budh bar er	wd:wed
budh bar er moddhe	<wd:wed
budh bar er age	<wd:wed
budh bar er por	>wd:wed
budh bar porjonto	<wd:wed
আগামী budh bar	next_wd:wed
পরের budh bar	next_wd:wed
আসছে budh bar	next_wd:wed
গত budh bar	prev_wd:wed
আগের budh bar	prev_wd:wed
প্রতি budh bar	every_wd:wed
প্রত্যেক budh bar	every_wd:wed
budh bar এর মধ্যে	<wd:wed
budh bar এর আগে	<wd:wed
budh bar এর পর	>wd:wed
budh bar পর্যন্ত	<wd:wed
buddhobar	wd:wed
this buddhobar	wd:wed
next buddhobar	next_wd:wed
coming buddhobar	next_wd:wed
upcoming buddhobar	next_wd:wed
last buddhobar	prev_wd:wed
previous buddhobar	prev_wd:wed
past buddhobar	prev_wd:wed
on buddhobar	wd:wed
by buddhobar	<wd:wed
before buddhobar	<wd:wed
until buddhobar	<wd:wed
till buddhobar	<wd:wed
after buddhobar	>wd:wed
every buddhobar	every_wd:wed
each buddhobar	every_wd:wed
buddhobars	every_wd:wed
on buddhobars	every_wd:wed
buddhobar morning	wd:wed+daypart:morning
buddhobar afternoon	wd:wed+daypart:afternoon
buddhobar evening	wd:wed+daypart:evening
buddhobar night	wd:wed+daypart:night
agami buddhobar	next_wd:wed
porer buddhobar	next_wd:wed
aschol buddhobar	next_wd:wed
asha buddhobar	next_wd:wed
gato buddhobar	prev_wd:wed
ager buddhobar	prev_wd:wed
proti buddhobar	every_wd:wed
prottek buddhobar	every_wd:wed
buddhobar e	wd:wed
buddhobar er	wd:wed
buddhobar er moddhe	<wd:wed
buddhobar er age	<wd:wed
buddhobar er por	>wd:wed
buddhobar porjonto	<wd:wed
আগামী buddhobar	next_wd:wed
পরের buddhobar	next_wd:wed
আসছে buddhobar	next_wd:wed
গত buddhobar	prev_wd:wed
আগের buddhobar	prev_wd:wed
প্রতি buddhobar	every_wd:wed
প্রত্যেক buddhobar	every_wd:wed
buddhobar এর মধ্যে	<wd:wed
buddhobar এর আগে	<wd:wed
buddhobar এর পর	>wd:wed
buddhobar পর্যন্ত	<wd:wed
বুধবার	wd:wed
this বুধবার	wd:wed
next বুধবার	next_wd:wed
coming বুধবার	next_wd:wed
upcoming বুধবার	next_wd:wed
last বুধবার	prev_wd:wed
previous বুধবার	prev_wd:wed
past বুধবার	prev_wd:wed
on বুধবার	wd:wed
by বুধবার	<wd:wed
before বুধবার	<wd:wed
until বুধবার	<wd:wed
till বুধবার	<wd:wed
after বুধবার	>wd:wed
every বুধবার	every_wd:wed
each বুধবার	every_wd:wed
বুধবারs	every_wd:wed
on বুধবারs	every_wd:wed
বুধবার morning	wd:wed+daypart:morning
বুধবার afternoon	wd:wed+daypart:afternoon
বুধবার evening	wd:wed+daypart:evening
বুধবার night	wd:wed+daypart:night
agami বুধবার	next_wd:wed
porer বুধবার	next_wd:wed
aschol বুধবার	next_wd:wed
asha বুধবার	next_wd:wed
gato বুধবার	prev_wd:wed
ager বুধবার	prev_wd:wed
proti বুধবার	every_wd:wed
prottek বুধবার	every_wd:wed
বুধবার e	wd:wed
বুধবার er	wd:wed
বুধবার er moddhe	<wd:wed
বুধবার er age	<wd:wed
বুধবার er por	>wd:wed
বুধবার porjonto	<wd:wed
আগামী বুধবার	next_wd:wed
পরের বুধবার	next_wd:wed
আসছে বুধবার	next_wd:wed
গত বুধবার	prev_wd:wed
আগের বুধবার	prev_wd:wed
প্রতি বুধবার	every_wd:wed
প্রত্যেক বুধবার	every_wd:wed
বুধবার এর মধ্যে	<wd:wed
বুধবার এর আগে	<wd:wed
বুধবার এর পর	>wd:wed
বুধবার পর্যন্ত	<wd:wed
বুধবারে	wd:wed
this বুধবারে	wd:wed
next বুধবারে	next_wd:wed
coming বুধবারে	next_wd:wed
upcoming বুধবারে	next_wd:wed
last বুধবারে	prev_wd:wed
previous বুধবারে	prev_wd:wed
past বুধবারে	prev_wd:wed
on বুধবারে	wd:wed
by বুধবারে	<wd:wed
before বুধবারে	<wd:wed
until বুধবারে	<wd:wed
till বুধবারে	<wd:wed
after বুধবারে	>wd:wed
every বুধবারে	every_wd:wed
each বুধবারে	every_wd:wed
বুধবারেs	every_wd:wed
on বুধবারেs	every_wd:wed
বুধবারে morning	wd:wed+daypart:morning
বুধবারে afternoon	wd:wed+daypart:afternoon
বুধবারে evening	wd:wed+daypart:evening
বুধবারে night	wd:wed+daypart:night
agami বুধবারে	next_wd:wed
porer বুধবারে	next_wd:wed
aschol বুধবারে	next_wd:wed
asha বুধবারে	next_wd:wed
gato বুধবারে	prev_wd:wed
ager বুধবারে	prev_wd:wed
proti বুধবারে	every_wd:wed
prottek বুধবারে	every_wd:wed
বুধবারে e	wd:wed
বুধবারে er	wd:wed
বুধবারে er moddhe	<wd:wed
বুধবারে er age	<wd:wed
বুধবারে er por	>wd:wed
বুধবারে porjonto	<wd:wed
আগামী বুধবারে	next_wd:wed
পরের বুধবারে	next_wd:wed
আসছে বুধবারে	next_wd:wed
গত বুধবারে	prev_wd:wed
আগের বুধবারে	prev_wd:wed
প্রতি বুধবারে	every_wd:wed
প্রত্যেক বুধবারে	every_wd:wed
বুধবারে এর মধ্যে	<wd:wed
বুধবারে এর আগে	<wd:wed
বুধবারে এর পর	>wd:wed
বুধবারে পর্যন্ত	<wd:wed
বুধ	wd:wed
this বুধ	wd:wed
next বুধ	next_wd:wed
coming বুধ	next_wd:wed
upcoming বুধ	next_wd:wed
last বুধ	prev_wd:wed
previous বুধ	prev_wd:wed
past বুধ	prev_wd:wed
on বুধ	wd:wed
by বুধ	<wd:wed
before বুধ	<wd:wed
until বুধ	<wd:wed
till বুধ	<wd:wed
after বুধ	>wd:wed
every বুধ	every_wd:wed
each বুধ	every_wd:wed
বুধs	every_wd:wed
on বুধs	every_wd:wed
বুধ morning	wd:wed+daypart:morning
বুধ afternoon	wd:wed+daypart:afternoon
বুধ evening	wd:wed+daypart:evening
বুধ night	wd:wed+daypart:night
agami বুধ	next_wd:wed
porer বুধ	next_wd:wed
aschol বুধ	next_wd:wed
asha বুধ	next_wd:wed
gato বুধ	prev_wd:wed
ager বুধ	prev_wd:wed
proti বুধ	every_wd:wed
prottek বুধ	every_wd:wed
বুধ e	wd:wed
বুধ er	wd:wed
বুধ er moddhe	<wd:wed
বুধ er age	<wd:wed
বুধ er por	>wd:wed
বুধ porjonto	<wd:wed
আগামী বুধ	next_wd:wed
পরের বুধ	next_wd:wed
আসছে বুধ	next_wd:wed
গত বুধ	prev_wd:wed
আগের বুধ	prev_wd:wed
প্রতি বুধ	every_wd:wed
প্রত্যেক বুধ	every_wd:wed
বুধ এর মধ্যে	<wd:wed
বুধ এর আগে	<wd:wed
বুধ এর পর	>wd:wed
বুধ পর্যন্ত	<wd:wed
বুধবারের	wd:wed
this বুধবারের	wd:wed
next বুধবারের	next_wd:wed
coming বুধবারের	next_wd:wed
upcoming বুধবারের	next_wd:wed
last বুধবারের	prev_wd:wed
previous বুধবারের	prev_wd:wed
past বুধবারের	prev_wd:wed
on বুধবারের	wd:wed
by বুধবারের	<wd:wed
before বুধবারের	<wd:wed
until বুধবারের	<wd:wed
till বুধবারের	<wd:wed
after বুধবারের	>wd:wed
every বুধবারের	every_wd:wed
each বুধবারের	every_wd:wed
বুধবারেরs	every_wd:wed
on বুধবারেরs	every_wd:wed
বুধবারের morning	wd:wed+daypart:morning
বুধবারের afternoon	wd:wed+daypart:afternoon
বুধবারের evening	wd:wed+daypart:evening
বুধবারের night	wd:wed+daypart:night
agami বুধবারের	next_wd:wed
porer বুধবারের	next_wd:wed
aschol বুধবারের	next_wd:wed
asha বুধবারের	next_wd:wed
gato বুধবারের	prev_wd:wed
ager বুধবারের	prev_wd:wed
proti বুধবারের	every_wd:wed
prottek বুধবারের	every_wd:wed
বুধবারের e	wd:wed
বুধবারের er	wd:wed
বুধবারের er moddhe	<wd:wed
বুধবারের er age	<wd:wed
বুধবারের er por	>wd:wed
বুধবারের porjonto	<wd:wed
আগামী বুধবারের	next_wd:wed
পরের বুধবারের	next_wd:wed
আসছে বুধবারের	next_wd:wed
গত বুধবারের	prev_wd:wed
আগের বুধবারের	prev_wd:wed
প্রতি বুধবারের	every_wd:wed
প্রত্যেক বুধবারের	every_wd:wed
বুধবারের এর মধ্যে	<wd:wed
বুধবারের এর আগে	<wd:wed
বুধবারের এর পর	>wd:wed
বুধবারের পর্যন্ত	<wd:wed
বুধবারই	wd:wed
this বুধবারই	wd:wed
next বুধবারই	next_wd:wed
coming বুধবারই	next_wd:wed
upcoming বুধবারই	next_wd:wed
last বুধবারই	prev_wd:wed
previous বুধবারই	prev_wd:wed
past বুধবারই	prev_wd:wed
on বুধবারই	wd:wed
by বুধবারই	<wd:wed
before বুধবারই	<wd:wed
until বুধবারই	<wd:wed
till বুধবারই	<wd:wed
after বুধবারই	>wd:wed
every বুধবারই	every_wd:wed
each বুধবারই	every_wd:wed
বুধবারইs	every_wd:wed
on বুধবারইs	every_wd:wed
বুধবারই morning	wd:wed+daypart:morning
বুধবারই afternoon	wd:wed+daypart:afternoon
বুধবারই evening	wd:wed+daypart:evening
বুধবারই night	wd:wed+daypart:night
agami বুধবারই	next_wd:wed
porer বুধবারই	next_wd:wed
aschol বুধবারই	next_wd:wed
asha বুধবারই	next_wd:wed
gato বুধবারই	prev_wd:wed
ager বুধবারই	prev_wd:wed
proti বুধবারই	every_wd:wed
prottek বুধবারই	every_wd:wed
বুধবারই e	wd:wed
বুধবারই er	wd:wed
বুধবারই er moddhe	<wd:wed
বুধবারই er age	<wd:wed
বুধবারই er por	>wd:wed
বুধবারই porjonto	<wd:wed
আগামী বুধবারই	next_wd:wed
পরের বুধবারই	next_wd:wed
আসছে বুধবারই	next_wd:wed
গত বুধবারই	prev_wd:wed
আগের বুধবারই	prev_wd:wed
প্রতি বুধবারই	every_wd:wed
প্রত্যেক বুধবারই	every_wd:wed
বুধবারই এর মধ্যে	<wd:wed
বুধবারই এর আগে	<wd:wed
বুধবারই এর পর	>wd:wed
বুধবারই পর্যন্ত	<wd:wed
বুধবার দিন	wd:wed
this বুধবার দিন	wd:wed
next বুধবার দিন	next_wd:wed
coming বুধবার দিন	next_wd:wed
upcoming বুধবার দিন	next_wd:wed
last বুধবার দিন	prev_wd:wed
previous বুধবার দিন	prev_wd:wed
past বুধবার দিন	prev_wd:wed
on বুধবার দিন	wd:wed
by বুধবার দিন	<wd:wed
before বুধবার দিন	<wd:wed
until বুধবার দিন	<wd:wed
till বুধবার দিন	<wd:wed
after বুধবার দিন	>wd:wed
every বুধবার দিন	every_wd:wed
each বুধবার দিন	every_wd:wed
বুধবার দিনs	every_wd:wed
on বুধবার দিনs	every_wd:wed
বুধবার দিন morning	wd:wed+daypart:morning
বুধবার দিন afternoon	wd:wed+daypart:afternoon
বুধবার দিন evening	wd:wed+daypart:evening
বুধবার দিন night	wd:wed+daypart:night
agami বুধবার দিন	next_wd:wed
porer বুধবার দিন	next_wd:wed
aschol বুধবার দিন	next_wd:wed
asha বুধবার দিন	next_wd:wed
gato বুধবার দিন	prev_wd:wed
ager বুধবার দিন	prev_wd:wed
proti বুধবার দিন	every_wd:wed
prottek বুধবার দিন	every_wd:wed
বুধবার দিন e	wd:wed
বুধবার দিন er	wd:wed
বুধবার দিন er moddhe	<wd:wed
বুধবার দিন er age	<wd:wed
বুধবার দিন er por	>wd:wed
বুধবার দিন porjonto	<wd:wed
আগামী বুধবার দিন	next_wd:wed
পরের বুধবার দিন	next_wd:wed
আসছে বুধবার দিন	next_wd:wed
গত বুধবার দিন	prev_wd:wed
আগের বুধবার দিন	prev_wd:wed
প্রতি বুধবার দিন	every_wd:wed
প্রত্যেক বুধবার দিন	every_wd:wed
বুধবার দিন এর মধ্যে	<wd:wed
বুধবার দিন এর আগে	<wd:wed
বুধবার দিন এর পর	>wd:wed
বুধবার দিন পর্যন্ত	<wd:wed
thursday	wd:thu
this thursday	wd:thu
next thursday	next_wd:thu
coming thursday	next_wd:thu
upcoming thursday	next_wd:thu
last thursday	prev_wd:thu
previous thursday	prev_wd:thu
past thursday	prev_wd:thu
on thursday	wd:thu
by thursday	<wd:thu
before thursday	<wd:thu
until thursday	<wd:thu
till thursday	<wd:thu
after thursday	>wd:thu
every thursday	every_wd:thu
each thursday	every_wd:thu
thursdays	every_wd:thu
on thursdays	every_wd:thu
thursday morning	wd:thu+daypart:morning
thursday afternoon	wd:thu+daypart:afternoon
thursday evening	wd:thu+daypart:evening
thursday night	wd:thu+daypart:night
agami thursday	next_wd:thu
porer thursday	next_wd:thu
aschol thursday	next_wd:thu
asha thursday	next_wd:thu
gato thursday	prev_wd:thu
ager thursday	prev_wd:thu
proti thursday	every_wd:thu
prottek thursday	every_wd:thu
thursday e	wd:thu
thursday er	wd:thu
thursday er moddhe	<wd:thu
thursday er age	<wd:thu
thursday er por	>wd:thu
thursday porjonto	<wd:thu
আগামী thursday	next_wd:thu
পরের thursday	next_wd:thu
আসছে thursday	next_wd:thu
গত thursday	prev_wd:thu
আগের thursday	prev_wd:thu
প্রতি thursday	every_wd:thu
প্রত্যেক thursday	every_wd:thu
thursday এর মধ্যে	<wd:thu
thursday এর আগে	<wd:thu
thursday এর পর	>wd:thu
thursday পর্যন্ত	<wd:thu
thu	wd:thu
this thu	wd:thu
next thu	next_wd:thu
coming thu	next_wd:thu
upcoming thu	next_wd:thu
last thu	prev_wd:thu
previous thu	prev_wd:thu
past thu	prev_wd:thu
on thu	wd:thu
by thu	<wd:thu
before thu	<wd:thu
until thu	<wd:thu
till thu	<wd:thu
after thu	>wd:thu
every thu	every_wd:thu
each thu	every_wd:thu
thus	every_wd:thu
on thus	every_wd:thu
thu morning	wd:thu+daypart:morning
thu afternoon	wd:thu+daypart:afternoon
thu evening	wd:thu+daypart:evening
thu night	wd:thu+daypart:night
agami thu	next_wd:thu
porer thu	next_wd:thu
aschol thu	next_wd:thu
asha thu	next_wd:thu
gato thu	prev_wd:thu
ager thu	prev_wd:thu
proti thu	every_wd:thu
prottek thu	every_wd:thu
thu e	wd:thu
thu er	wd:thu
thu er moddhe	<wd:thu
thu er age	<wd:thu
thu er por	>wd:thu
thu porjonto	<wd:thu
আগামী thu	next_wd:thu
পরের thu	next_wd:thu
আসছে thu	next_wd:thu
গত thu	prev_wd:thu
আগের thu	prev_wd:thu
প্রতি thu	every_wd:thu
প্রত্যেক thu	every_wd:thu
thu এর মধ্যে	<wd:thu
thu এর আগে	<wd:thu
thu এর পর	>wd:thu
thu পর্যন্ত	<wd:thu
thur	wd:thu
this thur	wd:thu
next thur	next_wd:thu
coming thur	next_wd:thu
upcoming thur	next_wd:thu
last thur	prev_wd:thu
previous thur	prev_wd:thu
past thur	prev_wd:thu
on thur	wd:thu
by thur	<wd:thu
before thur	<wd:thu
until thur	<wd:thu
till thur	<wd:thu
after thur	>wd:thu
every thur	every_wd:thu
each thur	every_wd:thu
thurs	every_wd:thu
on thurs	every_wd:thu
thur morning	wd:thu+daypart:morning
thur afternoon	wd:thu+daypart:afternoon
thur evening	wd:thu+daypart:evening
thur night	wd:thu+daypart:night
agami thur	next_wd:thu
porer thur	next_wd:thu
aschol thur	next_wd:thu
asha thur	next_wd:thu
gato thur	prev_wd:thu
ager thur	prev_wd:thu
proti thur	every_wd:thu
prottek thur	every_wd:thu
thur e	wd:thu
thur er	wd:thu
thur er moddhe	<wd:thu
thur er age	<wd:thu
thur er por	>wd:thu
thur porjonto	<wd:thu
আগামী thur	next_wd:thu
পরের thur	next_wd:thu
আসছে thur	next_wd:thu
গত thur	prev_wd:thu
আগের thur	prev_wd:thu
প্রতি thur	every_wd:thu
প্রত্যেক thur	every_wd:thu
thur এর মধ্যে	<wd:thu
thur এর আগে	<wd:thu
thur এর পর	>wd:thu
thur পর্যন্ত	<wd:thu
this thurs	wd:thu
next thurs	next_wd:thu
coming thurs	next_wd:thu
upcoming thurs	next_wd:thu
last thurs	prev_wd:thu
previous thurs	prev_wd:thu
past thurs	prev_wd:thu
by thurs	<wd:thu
before thurs	<wd:thu
until thurs	<wd:thu
till thurs	<wd:thu
after thurs	>wd:thu
every thurs	every_wd:thu
each thurs	every_wd:thu
thurss	every_wd:thu
on thurss	every_wd:thu
thurs morning	wd:thu+daypart:morning
thurs afternoon	wd:thu+daypart:afternoon
thurs evening	wd:thu+daypart:evening
thurs night	wd:thu+daypart:night
agami thurs	next_wd:thu
porer thurs	next_wd:thu
aschol thurs	next_wd:thu
asha thurs	next_wd:thu
gato thurs	prev_wd:thu
ager thurs	prev_wd:thu
proti thurs	every_wd:thu
prottek thurs	every_wd:thu
thurs e	wd:thu
thurs er	wd:thu
thurs er moddhe	<wd:thu
thurs er age	<wd:thu
thurs er por	>wd:thu
thurs porjonto	<wd:thu
আগামী thurs	next_wd:thu
পরের thurs	next_wd:thu
আসছে thurs	next_wd:thu
গত thurs	prev_wd:thu
আগের thurs	prev_wd:thu
প্রতি thurs	every_wd:thu
প্রত্যেক thurs	every_wd:thu
thurs এর মধ্যে	<wd:thu
thurs এর আগে	<wd:thu
thurs এর পর	>wd:thu
thurs পর্যন্ত	<wd:thu
thursdy	wd:thu
this thursdy	wd:thu
next thursdy	next_wd:thu
coming thursdy	next_wd:thu
upcoming thursdy	next_wd:thu
last thursdy	prev_wd:thu
previous thursdy	prev_wd:thu
past thursdy	prev_wd:thu
on thursdy	wd:thu
by thursdy	<wd:thu
before thursdy	<wd:thu
until thursdy	<wd:thu
till thursdy	<wd:thu
after thursdy	>wd:thu
every thursdy	every_wd:thu
each thursdy	every_wd:thu
thursdys	every_wd:thu
on thursdys	every_wd:thu
thursdy morning	wd:thu+daypart:morning
thursdy afternoon	wd:thu+daypart:afternoon
thursdy evening	wd:thu+daypart:evening
thursdy night	wd:thu+daypart:night
agami thursdy	next_wd:thu
porer thursdy	next_wd:thu
aschol thursdy	next_wd:thu
asha thursdy	next_wd:thu
gato thursdy	prev_wd:thu
ager thursdy	prev_wd:thu
proti thursdy	every_wd:thu
prottek thursdy	every_wd:thu
thursdy e	wd:thu
thursdy er	wd:thu
thursdy er moddhe	<wd:thu
thursdy er age	<wd:thu
thursdy er por	>wd:thu
thursdy porjonto	<wd:thu
আগামী thursdy	next_wd:thu
পরের thursdy	next_wd:thu
আসছে thursdy	next_wd:thu
গত thursdy	prev_wd:thu
আগের thursdy	prev_wd:thu
প্রতি thursdy	every_wd:thu
প্রত্যেক thursdy	every_wd:thu
thursdy এর মধ্যে	<wd:thu
thursdy এর আগে	<wd:thu
thursdy এর পর	>wd:thu
thursdy পর্যন্ত	<wd:thu
thrusday	wd:thu
this thrusday	wd:thu
next thrusday	next_wd:thu
coming thrusday	next_wd:thu
upcoming thrusday	next_wd:thu
last thrusday	prev_wd:thu
previous thrusday	prev_wd:thu
past thrusday	prev_wd:thu
on thrusday	wd:thu
by thrusday	<wd:thu
before thrusday	<wd:thu
until thrusday	<wd:thu
till thrusday	<wd:thu
after thrusday	>wd:thu
every thrusday	every_wd:thu
each thrusday	every_wd:thu
thrusdays	every_wd:thu
on thrusdays	every_wd:thu
thrusday morning	wd:thu+daypart:morning
thrusday afternoon	wd:thu+daypart:afternoon
thrusday evening	wd:thu+daypart:evening
thrusday night	wd:thu+daypart:night
agami thrusday	next_wd:thu
porer thrusday	next_wd:thu
aschol thrusday	next_wd:thu
asha thrusday	next_wd:thu
gato thrusday	prev_wd:thu
ager thrusday	prev_wd:thu
proti thrusday	every_wd:thu
prottek thrusday	every_wd:thu
thrusday e	wd:thu
thrusday er	wd:thu
thrusday er moddhe	<wd:thu
thrusday er age	<wd:thu
thrusday er por	>wd:thu
thrusday porjonto	<wd:thu
আগামী thrusday	next_wd:thu
পরের thrusday	next_wd:thu
আসছে thrusday	next_wd:thu
গত thrusday	prev_wd:thu
আগের thrusday	prev_wd:thu
প্রতি thrusday	every_wd:thu
প্রত্যেক thrusday	every_wd:thu
thrusday এর মধ্যে	<wd:thu
thrusday এর আগে	<wd:thu
thrusday এর পর	>wd:thu
thrusday পর্যন্ত	<wd:thu
thirsday	wd:thu
this thirsday	wd:thu
next thirsday	next_wd:thu
coming thirsday	next_wd:thu
upcoming thirsday	next_wd:thu
last thirsday	prev_wd:thu
previous thirsday	prev_wd:thu
past thirsday	prev_wd:thu
on thirsday	wd:thu
by thirsday	<wd:thu
before thirsday	<wd:thu
until thirsday	<wd:thu
till thirsday	<wd:thu
after thirsday	>wd:thu
every thirsday	every_wd:thu
each thirsday	every_wd:thu
thirsdays	every_wd:thu
on thirsdays	every_wd:thu
thirsday morning	wd:thu+daypart:morning
thirsday afternoon	wd:thu+daypart:afternoon
thirsday evening	wd:thu+daypart:evening
thirsday night	wd:thu+daypart:night
agami thirsday	next_wd:thu
porer thirsday	next_wd:thu
aschol thirsday	next_wd:thu
asha thirsday	next_wd:thu
gato thirsday	prev_wd:thu
ager thirsday	prev_wd:thu
proti thirsday	every_wd:thu
prottek thirsday	every_wd:thu
thirsday e	wd:thu
thirsday er	wd:thu
thirsday er moddhe	<wd:thu
thirsday er age	<wd:thu
thirsday er por	>wd:thu
thirsday porjonto	<wd:thu
আগামী thirsday	next_wd:thu
পরের thirsday	next_wd:thu
আসছে thirsday	next_wd:thu
গত thirsday	prev_wd:thu
আগের thirsday	prev_wd:thu
প্রতি thirsday	every_wd:thu
প্রত্যেক thirsday	every_wd:thu
thirsday এর মধ্যে	<wd:thu
thirsday এর আগে	<wd:thu
thirsday এর পর	>wd:thu
thirsday পর্যন্ত	<wd:thu
brihospotibar	wd:thu
this brihospotibar	wd:thu
next brihospotibar	next_wd:thu
coming brihospotibar	next_wd:thu
upcoming brihospotibar	next_wd:thu
last brihospotibar	prev_wd:thu
previous brihospotibar	prev_wd:thu
past brihospotibar	prev_wd:thu
on brihospotibar	wd:thu
by brihospotibar	<wd:thu
before brihospotibar	<wd:thu
until brihospotibar	<wd:thu
till brihospotibar	<wd:thu
after brihospotibar	>wd:thu
every brihospotibar	every_wd:thu
each brihospotibar	every_wd:thu
brihospotibars	every_wd:thu
on brihospotibars	every_wd:thu
brihospotibar morning	wd:thu+daypart:morning
brihospotibar afternoon	wd:thu+daypart:afternoon
brihospotibar evening	wd:thu+daypart:evening
brihospotibar night	wd:thu+daypart:night
agami brihospotibar	next_wd:thu
porer brihospotibar	next_wd:thu
aschol brihospotibar	next_wd:thu
asha brihospotibar	next_wd:thu
gato brihospotibar	prev_wd:thu
ager brihospotibar	prev_wd:thu
proti brihospotibar	every_wd:thu
prottek brihospotibar	every_wd:thu
brihospotibar e	wd:thu
brihospotibar er	wd:thu
brihospotibar er moddhe	<wd:thu
brihospotibar er age	<wd:thu
brihospotibar er por	>wd:thu
brihospotibar porjonto	<wd:thu
আগামী brihospotibar	next_wd:thu
পরের brihospotibar	next_wd:thu
আসছে brihospotibar	next_wd:thu
গত brihospotibar	prev_wd:thu
আগের brihospotibar	prev_wd:thu
প্রতি brihospotibar	every_wd:thu
প্রত্যেক brihospotibar	every_wd:thu
brihospotibar এর মধ্যে	<wd:thu
brihospotibar এর আগে	<wd:thu
brihospotibar এর পর	>wd:thu
brihospotibar পর্যন্ত	<wd:thu
brihaspatibar	wd:thu
this brihaspatibar	wd:thu
next brihaspatibar	next_wd:thu
coming brihaspatibar	next_wd:thu
upcoming brihaspatibar	next_wd:thu
last brihaspatibar	prev_wd:thu
previous brihaspatibar	prev_wd:thu
past brihaspatibar	prev_wd:thu
on brihaspatibar	wd:thu
by brihaspatibar	<wd:thu
before brihaspatibar	<wd:thu
until brihaspatibar	<wd:thu
till brihaspatibar	<wd:thu
after brihaspatibar	>wd:thu
every brihaspatibar	every_wd:thu
each brihaspatibar	every_wd:thu
brihaspatibars	every_wd:thu
on brihaspatibars	every_wd:thu
brihaspatibar morning	wd:thu+daypart:morning
brihaspatibar afternoon	wd:thu+daypart:afternoon
brihaspatibar evening	wd:thu+daypart:evening
brihaspatibar night	wd:thu+daypart:night
agami brihaspatibar	next_wd:thu
porer brihaspatibar	next_wd:thu
aschol brihaspatibar	next_wd:thu
asha brihaspatibar	next_wd:thu
gato brihaspatibar	prev_wd:thu
ager brihaspatibar	prev_wd:thu
proti brihaspatibar	every_wd:thu
prottek brihaspatibar	every_wd:thu
brihaspatibar e	wd:thu
brihaspatibar er	wd:thu
brihaspatibar er moddhe	<wd:thu
brihaspatibar er age	<wd:thu
brihaspatibar er por	>wd:thu
brihaspatibar porjonto	<wd:thu
আগামী brihaspatibar	next_wd:thu
পরের brihaspatibar	next_wd:thu
আসছে brihaspatibar	next_wd:thu
গত brihaspatibar	prev_wd:thu
আগের brihaspatibar	prev_wd:thu
প্রতি brihaspatibar	every_wd:thu
প্রত্যেক brihaspatibar	every_wd:thu
brihaspatibar এর মধ্যে	<wd:thu
brihaspatibar এর আগে	<wd:thu
brihaspatibar এর পর	>wd:thu
brihaspatibar পর্যন্ত	<wd:thu
brihoshpotibar	wd:thu
this brihoshpotibar	wd:thu
next brihoshpotibar	next_wd:thu
coming brihoshpotibar	next_wd:thu
upcoming brihoshpotibar	next_wd:thu
last brihoshpotibar	prev_wd:thu
previous brihoshpotibar	prev_wd:thu
past brihoshpotibar	prev_wd:thu
on brihoshpotibar	wd:thu
by brihoshpotibar	<wd:thu
before brihoshpotibar	<wd:thu
until brihoshpotibar	<wd:thu
till brihoshpotibar	<wd:thu
after brihoshpotibar	>wd:thu
every brihoshpotibar	every_wd:thu
each brihoshpotibar	every_wd:thu
brihoshpotibars	every_wd:thu
on brihoshpotibars	every_wd:thu
brihoshpotibar morning	wd:thu+daypart:morning
brihoshpotibar afternoon	wd:thu+daypart:afternoon
brihoshpotibar evening	wd:thu+daypart:evening
brihoshpotibar night	wd:thu+daypart:night
agami brihoshpotibar	next_wd:thu
porer brihoshpotibar	next_wd:thu
aschol brihoshpotibar	next_wd:thu
asha brihoshpotibar	next_wd:thu
gato brihoshpotibar	prev_wd:thu
ager brihoshpotibar	prev_wd:thu
proti brihoshpotibar	every_wd:thu
prottek brihoshpotibar	every_wd:thu
brihoshpotibar e	wd:thu
brihoshpotibar er	wd:thu
brihoshpotibar er moddhe	<wd:thu
brihoshpotibar er age	<wd:thu
brihoshpotibar er por	>wd:thu
brihoshpotibar porjonto	<wd:thu
আগামী brihoshpotibar	next_wd:thu
পরের brihoshpotibar	next_wd:thu
আসছে brihoshpotibar	next_wd:thu
গত brihoshpotibar	prev_wd:thu
আগের brihoshpotibar	prev_wd:thu
প্রতি brihoshpotibar	every_wd:thu
প্রত্যেক brihoshpotibar	every_wd:thu
brihoshpotibar এর মধ্যে	<wd:thu
brihoshpotibar এর আগে	<wd:thu
brihoshpotibar এর পর	>wd:thu
brihoshpotibar পর্যন্ত	<wd:thu
brihashpatibar	wd:thu
this brihashpatibar	wd:thu
next brihashpatibar	next_wd:thu
coming brihashpatibar	next_wd:thu
upcoming brihashpatibar	next_wd:thu
last brihashpatibar	prev_wd:thu
previous brihashpatibar	prev_wd:thu
past brihashpatibar	prev_wd:thu
on brihashpatibar	wd:thu
by brihashpatibar	<wd:thu
before brihashpatibar	<wd:thu
until brihashpatibar	<wd:thu
till brihashpatibar	<wd:thu
after brihashpatibar	>wd:thu
every brihashpatibar	every_wd:thu
each brihashpatibar	every_wd:thu
brihashpatibars	every_wd:thu
on brihashpatibars	every_wd:thu
brihashpatibar morning	wd:thu+daypart:morning
brihashpatibar afternoon	wd:thu+daypart:afternoon
brihashpatibar evening	wd:thu+daypart:evening
brihashpatibar night	wd:thu+daypart:night
agami brihashpatibar	next_wd:thu
porer brihashpatibar	next_wd:thu
aschol brihashpatibar	next_wd:thu
asha brihashpatibar	next_wd:thu
gato brihashpatibar	prev_wd:thu
ager brihashpatibar	prev_wd:thu
proti brihashpatibar	every_wd:thu
prottek brihashpatibar	every_wd:thu
brihashpatibar e	wd:thu
brihashpatibar er	wd:thu
brihashpatibar er moddhe	<wd:thu
brihashpatibar er age	<wd:thu
brihashpatibar er por	>wd:thu
brihashpatibar porjonto	<wd:thu
আগামী brihashpatibar	next_wd:thu
পরের brihashpatibar	next_wd:thu
আসছে brihashpatibar	next_wd:thu
গত brihashpatibar	prev_wd:thu
আগের brihashpatibar	prev_wd:thu
প্রতি brihashpatibar	every_wd:thu
প্রত্যেক brihashpatibar	every_wd:thu
brihashpatibar এর মধ্যে	<wd:thu
brihashpatibar এর আগে	<wd:thu
brihashpatibar এর পর	>wd:thu
brihashpatibar পর্যন্ত	<wd:thu
brishpotibar	wd:thu
this brishpotibar	wd:thu
next brishpotibar	next_wd:thu
coming brishpotibar	next_wd:thu
upcoming brishpotibar	next_wd:thu
last brishpotibar	prev_wd:thu
previous brishpotibar	prev_wd:thu
past brishpotibar	prev_wd:thu
on brishpotibar	wd:thu
by brishpotibar	<wd:thu
before brishpotibar	<wd:thu
until brishpotibar	<wd:thu
till brishpotibar	<wd:thu
after brishpotibar	>wd:thu
every brishpotibar	every_wd:thu
each brishpotibar	every_wd:thu
brishpotibars	every_wd:thu
on brishpotibars	every_wd:thu
brishpotibar morning	wd:thu+daypart:morning
brishpotibar afternoon	wd:thu+daypart:afternoon
brishpotibar evening	wd:thu+daypart:evening
brishpotibar night	wd:thu+daypart:night
agami brishpotibar	next_wd:thu
porer brishpotibar	next_wd:thu
aschol brishpotibar	next_wd:thu
asha brishpotibar	next_wd:thu
gato brishpotibar	prev_wd:thu
ager brishpotibar	prev_wd:thu
proti brishpotibar	every_wd:thu
prottek brishpotibar	every_wd:thu
brishpotibar e	wd:thu
brishpotibar er	wd:thu
brishpotibar er moddhe	<wd:thu
brishpotibar er age	<wd:thu
brishpotibar er por	>wd:thu
brishpotibar porjonto	<wd:thu
আগামী brishpotibar	next_wd:thu
পরের brishpotibar	next_wd:thu
আসছে brishpotibar	next_wd:thu
গত brishpotibar	prev_wd:thu
আগের brishpotibar	prev_wd:thu
প্রতি brishpotibar	every_wd:thu
প্রত্যেক brishpotibar	every_wd:thu
brishpotibar এর মধ্যে	<wd:thu
brishpotibar এর আগে	<wd:thu
brishpotibar এর পর	>wd:thu
brishpotibar পর্যন্ত	<wd:thu
brispotibar	wd:thu
this brispotibar	wd:thu
next brispotibar	next_wd:thu
coming brispotibar	next_wd:thu
upcoming brispotibar	next_wd:thu
last brispotibar	prev_wd:thu
previous brispotibar	prev_wd:thu
past brispotibar	prev_wd:thu
on brispotibar	wd:thu
by brispotibar	<wd:thu
before brispotibar	<wd:thu
until brispotibar	<wd:thu
till brispotibar	<wd:thu
after brispotibar	>wd:thu
every brispotibar	every_wd:thu
each brispotibar	every_wd:thu
brispotibars	every_wd:thu
on brispotibars	every_wd:thu
brispotibar morning	wd:thu+daypart:morning
brispotibar afternoon	wd:thu+daypart:afternoon
brispotibar evening	wd:thu+daypart:evening
brispotibar night	wd:thu+daypart:night
agami brispotibar	next_wd:thu
porer brispotibar	next_wd:thu
aschol brispotibar	next_wd:thu
asha brispotibar	next_wd:thu
gato brispotibar	prev_wd:thu
ager brispotibar	prev_wd:thu
proti brispotibar	every_wd:thu
prottek brispotibar	every_wd:thu
brispotibar e	wd:thu
brispotibar er	wd:thu
brispotibar er moddhe	<wd:thu
brispotibar er age	<wd:thu
brispotibar er por	>wd:thu
brispotibar porjonto	<wd:thu
আগামী brispotibar	next_wd:thu
পরের brispotibar	next_wd:thu
আসছে brispotibar	next_wd:thu
গত brispotibar	prev_wd:thu
আগের brispotibar	prev_wd:thu
প্রতি brispotibar	every_wd:thu
প্রত্যেক brispotibar	every_wd:thu
brispotibar এর মধ্যে	<wd:thu
brispotibar এর আগে	<wd:thu
brispotibar এর পর	>wd:thu
brispotibar পর্যন্ত	<wd:thu
brihospoti bar	wd:thu
this brihospoti bar	wd:thu
next brihospoti bar	next_wd:thu
coming brihospoti bar	next_wd:thu
upcoming brihospoti bar	next_wd:thu
last brihospoti bar	prev_wd:thu
previous brihospoti bar	prev_wd:thu
past brihospoti bar	prev_wd:thu
on brihospoti bar	wd:thu
by brihospoti bar	<wd:thu
before brihospoti bar	<wd:thu
until brihospoti bar	<wd:thu
till brihospoti bar	<wd:thu
after brihospoti bar	>wd:thu
every brihospoti bar	every_wd:thu
each brihospoti bar	every_wd:thu
brihospoti bars	every_wd:thu
on brihospoti bars	every_wd:thu
brihospoti bar morning	wd:thu+daypart:morning
brihospoti bar afternoon	wd:thu+daypart:afternoon
brihospoti bar evening	wd:thu+daypart:evening
brihospoti bar night	wd:thu+daypart:night
agami brihospoti bar	next_wd:thu
porer brihospoti bar	next_wd:thu
aschol brihospoti bar	next_wd:thu
asha brihospoti bar	next_wd:thu
gato brihospoti bar	prev_wd:thu
ager brihospoti bar	prev_wd:thu
proti brihospoti bar	every_wd:thu
prottek brihospoti bar	every_wd:thu
brihospoti bar e	wd:thu
brihospoti bar er	wd:thu
brihospoti bar er moddhe	<wd:thu
brihospoti bar er age	<wd:thu
brihospoti bar er por	>wd:thu
brihospoti bar porjonto	<wd:thu
আগামী brihospoti bar	next_wd:thu
পরের brihospoti bar	next_wd:thu
আসছে brihospoti bar	next_wd:thu
গত brihospoti bar	prev_wd:thu
আগের brihospoti bar	prev_wd:thu
প্রতি brihospoti bar	every_wd:thu
প্রত্যেক brihospoti bar	every_wd:thu
brihospoti bar এর মধ্যে	<wd:thu
brihospoti bar এর আগে	<wd:thu
brihospoti bar এর পর	>wd:thu
brihospoti bar পর্যন্ত	<wd:thu
brihaspoti bar	wd:thu
this brihaspoti bar	wd:thu
next brihaspoti bar	next_wd:thu
coming brihaspoti bar	next_wd:thu
upcoming brihaspoti bar	next_wd:thu
last brihaspoti bar	prev_wd:thu
previous brihaspoti bar	prev_wd:thu
past brihaspoti bar	prev_wd:thu
on brihaspoti bar	wd:thu
by brihaspoti bar	<wd:thu
before brihaspoti bar	<wd:thu
until brihaspoti bar	<wd:thu
till brihaspoti bar	<wd:thu
after brihaspoti bar	>wd:thu
every brihaspoti bar	every_wd:thu
each brihaspoti bar	every_wd:thu
brihaspoti bars	every_wd:thu
on brihaspoti bars	every_wd:thu
brihaspoti bar morning	wd:thu+daypart:morning
brihaspoti bar afternoon	wd:thu+daypart:afternoon
brihaspoti bar evening	wd:thu+daypart:evening
brihaspoti bar night	wd:thu+daypart:night
agami brihaspoti bar	next_wd:thu
porer brihaspoti bar	next_wd:thu
aschol brihaspoti bar	next_wd:thu
asha brihaspoti bar	next_wd:thu
gato brihaspoti bar	prev_wd:thu
ager brihaspoti bar	prev_wd:thu
proti brihaspoti bar	every_wd:thu
prottek brihaspoti bar	every_wd:thu
brihaspoti bar e	wd:thu
brihaspoti bar er	wd:thu
brihaspoti bar er moddhe	<wd:thu
brihaspoti bar er age	<wd:thu
brihaspoti bar er por	>wd:thu
brihaspoti bar porjonto	<wd:thu
আগামী brihaspoti bar	next_wd:thu
পরের brihaspoti bar	next_wd:thu
আসছে brihaspoti bar	next_wd:thu
গত brihaspoti bar	prev_wd:thu
আগের brihaspoti bar	prev_wd:thu
প্রতি brihaspoti bar	every_wd:thu
প্রত্যেক brihaspoti bar	every_wd:thu
brihaspoti bar এর মধ্যে	<wd:thu
brihaspoti bar এর আগে	<wd:thu
brihaspoti bar এর পর	>wd:thu
brihaspoti bar পর্যন্ত	<wd:thu
brihospotibaar	wd:thu
this brihospotibaar	wd:thu
next brihospotibaar	next_wd:thu
coming brihospotibaar	next_wd:thu
upcoming brihospotibaar	next_wd:thu
last brihospotibaar	prev_wd:thu
previous brihospotibaar	prev_wd:thu
past brihospotibaar	prev_wd:thu
on brihospotibaar	wd:thu
by brihospotibaar	<wd:thu
before brihospotibaar	<wd:thu
until brihospotibaar	<wd:thu
till brihospotibaar	<wd:thu
after brihospotibaar	>wd:thu
every brihospotibaar	every_wd:thu
each brihospotibaar	every_wd:thu
brihospotibaars	every_wd:thu
on brihospotibaars	every_wd:thu
brihospotibaar morning	wd:thu+daypart:morning
brihospotibaar afternoon	wd:thu+daypart:afternoon
brihospotibaar evening	wd:thu+daypart:evening
brihospotibaar night	wd:thu+daypart:night
agami brihospotibaar	next_wd:thu
porer brihospotibaar	next_wd:thu
aschol brihospotibaar	next_wd:thu
asha brihospotibaar	next_wd:thu
gato brihospotibaar	prev_wd:thu
ager brihospotibaar	prev_wd:thu
proti brihospotibaar	every_wd:thu
prottek brihospotibaar	every_wd:thu
brihospotibaar e	wd:thu
brihospotibaar er	wd:thu
brihospotibaar er moddhe	<wd:thu
brihospotibaar er age	<wd:thu
brihospotibaar er por	>wd:thu
brihospotibaar porjonto	<wd:thu
আগামী brihospotibaar	next_wd:thu
পরের brihospotibaar	next_wd:thu
আসছে brihospotibaar	next_wd:thu
গত brihospotibaar	prev_wd:thu
আগের brihospotibaar	prev_wd:thu
প্রতি brihospotibaar	every_wd:thu
প্রত্যেক brihospotibaar	every_wd:thu
brihospotibaar এর মধ্যে	<wd:thu
brihospotibaar এর আগে	<wd:thu
brihospotibaar এর পর	>wd:thu
brihospotibaar পর্যন্ত	<wd:thu
বৃহস্পতিবার	wd:thu
this বৃহস্পতিবার	wd:thu
next বৃহস্পতিবার	next_wd:thu
coming বৃহস্পতিবার	next_wd:thu
upcoming বৃহস্পতিবার	next_wd:thu
last বৃহস্পতিবার	prev_wd:thu
previous বৃহস্পতিবার	prev_wd:thu
past বৃহস্পতিবার	prev_wd:thu
on বৃহস্পতিবার	wd:thu
by বৃহস্পতিবার	<wd:thu
before বৃহস্পতিবার	<wd:thu
until বৃহস্পতিবার	<wd:thu
till বৃহস্পতিবার	<wd:thu
after বৃহস্পতিবার	>wd:thu
every বৃহস্পতিবার	every_wd:thu
each বৃহস্পতিবার	every_wd:thu
বৃহস্পতিবারs	every_wd:thu
on বৃহস্পতিবারs	every_wd:thu
বৃহস্পতিবার morning	wd:thu+daypart:morning
বৃহস্পতিবার afternoon	wd:thu+daypart:afternoon
বৃহস্পতিবার evening	wd:thu+daypart:evening
বৃহস্পতিবার night	wd:thu+daypart:night
agami বৃহস্পতিবার	next_wd:thu
porer বৃহস্পতিবার	next_wd:thu
aschol বৃহস্পতিবার	next_wd:thu
asha বৃহস্পতিবার	next_wd:thu
gato বৃহস্পতিবার	prev_wd:thu
ager বৃহস্পতিবার	prev_wd:thu
proti বৃহস্পতিবার	every_wd:thu
prottek বৃহস্পতিবার	every_wd:thu
বৃহস্পতিবার e	wd:thu
বৃহস্পতিবার er	wd:thu
বৃহস্পতিবার er moddhe	<wd:thu
বৃহস্পতিবার er age	<wd:thu
বৃহস্পতিবার er por	>wd:thu
বৃহস্পতিবার porjonto	<wd:thu
আগামী বৃহস্পতিবার	next_wd:thu
পরের বৃহস্পতিবার	next_wd:thu
আসছে বৃহস্পতিবার	next_wd:thu
গত বৃহস্পতিবার	prev_wd:thu
আগের বৃহস্পতিবার	prev_wd:thu
প্রতি বৃহস্পতিবার	every_wd:thu
প্রত্যেক বৃহস্পতিবার	every_wd:thu
বৃহস্পতিবার এর মধ্যে	<wd:thu
বৃহস্পতিবার এর আগে	<wd:thu
বৃহস্পতিবার এর পর	>wd:thu
বৃহস্পতিবার পর্যন্ত	<wd:thu
বৃহস্পতিবারে	wd:thu
this বৃহস্পতিবারে	wd:thu
next বৃহস্পতিবারে	next_wd:thu
coming বৃহস্পতিবারে	next_wd:thu
upcoming বৃহস্পতিবারে	next_wd:thu
last বৃহস্পতিবারে	prev_wd:thu
previous বৃহস্পতিবারে	prev_wd:thu
past বৃহস্পতিবারে	prev_wd:thu
on বৃহস্পতিবারে	wd:thu
by বৃহস্পতিবারে	<wd:thu
before বৃহস্পতিবারে	<wd:thu
until বৃহস্পতিবারে	<wd:thu
till বৃহস্পতিবারে	<wd:thu
after বৃহস্পতিবারে	>wd:thu
every বৃহস্পতিবারে	every_wd:thu
each বৃহস্পতিবারে	every_wd:thu
বৃহস্পতিবারেs	every_wd:thu
on বৃহস্পতিবারেs	every_wd:thu
বৃহস্পতিবারে morning	wd:thu+daypart:morning
বৃহস্পতিবারে afternoon	wd:thu+daypart:afternoon
বৃহস্পতিবারে evening	wd:thu+daypart:evening
বৃহস্পতিবারে night	wd:thu+daypart:night
agami বৃহস্পতিবারে	next_wd:thu
porer বৃহস্পতিবারে	next_wd:thu
aschol বৃহস্পতিবারে	next_wd:thu
asha বৃহস্পতিবারে	next_wd:thu
gato বৃহস্পতিবারে	prev_wd:thu
ager বৃহস্পতিবারে	prev_wd:thu
proti বৃহস্পতিবারে	every_wd:thu
prottek বৃহস্পতিবারে	every_wd:thu
বৃহস্পতিবারে e	wd:thu
বৃহস্পতিবারে er	wd:thu
বৃহস্পতিবারে er moddhe	<wd:thu
বৃহস্পতিবারে er age	<wd:thu
বৃহস্পতিবারে er por	>wd:thu
বৃহস্পতিবারে porjonto	<wd:thu
আগামী বৃহস্পতিবারে	next_wd:thu
পরের বৃহস্পতিবারে	next_wd:thu
আসছে বৃহস্পতিবারে	next_wd:thu
গত বৃহস্পতিবারে	prev_wd:thu
আগের বৃহস্পতিবারে	prev_wd:thu
প্রতি বৃহস্পতিবারে	every_wd:thu
প্রত্যেক বৃহস্পতিবারে	every_wd:thu
বৃহস্পতিবারে এর মধ্যে	<wd:thu
বৃহস্পতিবারে এর আগে	<wd:thu
বৃহস্পতিবারে এর পর	>wd:thu
বৃহস্পতিবারে পর্যন্ত	<wd:thu
বৃহস্পতি	wd:thu
this বৃহস্পতি	wd:thu
next বৃহস্পতি	next_wd:thu
coming বৃহস্পতি	next_wd:thu
upcoming বৃহস্পতি	next_wd:thu
last বৃহস্পতি	prev_wd:thu
previous বৃহস্পতি	prev_wd:thu
past বৃহস্পতি	prev_wd:thu
on বৃহস্পতি	wd:thu
by বৃহস্পতি	<wd:thu
before বৃহস্পতি	<wd:thu
until বৃহস্পতি	<wd:thu
till বৃহস্পতি	<wd:thu
after বৃহস্পতি	>wd:thu
every বৃহস্পতি	every_wd:thu
each বৃহস্পতি	every_wd:thu
বৃহস্পতিs	every_wd:thu
on বৃহস্পতিs	every_wd:thu
বৃহস্পতি morning	wd:thu+daypart:morning
বৃহস্পতি afternoon	wd:thu+daypart:afternoon
বৃহস্পতি evening	wd:thu+daypart:evening
বৃহস্পতি night	wd:thu+daypart:night
agami বৃহস্পতি	next_wd:thu
porer বৃহস্পতি	next_wd:thu
aschol বৃহস্পতি	next_wd:thu
asha বৃহস্পতি	next_wd:thu
gato বৃহস্পতি	prev_wd:thu
ager বৃহস্পতি	prev_wd:thu
proti বৃহস্পতি	every_wd:thu
prottek বৃহস্পতি	every_wd:thu
বৃহস্পতি e	wd:thu
বৃহস্পতি er	wd:thu
বৃহস্পতি er moddhe	<wd:thu
বৃহস্পতি er age	<wd:thu
বৃহস্পতি er por	>wd:thu
বৃহস্পতি porjonto	<wd:thu
আগামী বৃহস্পতি	next_wd:thu
পরের বৃহস্পতি	next_wd:thu
আসছে বৃহস্পতি	next_wd:thu
গত বৃহস্পতি	prev_wd:thu
আগের বৃহস্পতি	prev_wd:thu
প্রতি বৃহস্পতি	every_wd:thu
প্রত্যেক বৃহস্পতি	every_wd:thu
বৃহস্পতি এর মধ্যে	<wd:thu
বৃহস্পতি এর আগে	<wd:thu
বৃহস্পতি এর পর	>wd:thu
বৃহস্পতি পর্যন্ত	<wd:thu
বৃহস্পতিবারের	wd:thu
this বৃহস্পতিবারের	wd:thu
next বৃহস্পতিবারের	next_wd:thu
coming বৃহস্পতিবারের	next_wd:thu
upcoming বৃহস্পতিবারের	next_wd:thu
last বৃহস্পতিবারের	prev_wd:thu
previous বৃহস্পতিবারের	prev_wd:thu
past বৃহস্পতিবারের	prev_wd:thu
on বৃহস্পতিবারের	wd:thu
by বৃহস্পতিবারের	<wd:thu
before বৃহস্পতিবারের	<wd:thu
until বৃহস্পতিবারের	<wd:thu
till বৃহস্পতিবারের	<wd:thu
after বৃহস্পতিবারের	>wd:thu
every বৃহস্পতিবারের	every_wd:thu
each বৃহস্পতিবারের	every_wd:thu
বৃহস্পতিবারেরs	every_wd:thu
on বৃহস্পতিবারেরs	every_wd:thu
বৃহস্পতিবারের morning	wd:thu+daypart:morning
বৃহস্পতিবারের afternoon	wd:thu+daypart:afternoon
বৃহস্পতিবারের evening	wd:thu+daypart:evening
বৃহস্পতিবারের night	wd:thu+daypart:night
agami বৃহস্পতিবারের	next_wd:thu
porer বৃহস্পতিবারের	next_wd:thu
aschol বৃহস্পতিবারের	next_wd:thu
asha বৃহস্পতিবারের	next_wd:thu
gato বৃহস্পতিবারের	prev_wd:thu
ager বৃহস্পতিবারের	prev_wd:thu
proti বৃহস্পতিবারের	every_wd:thu
prottek বৃহস্পতিবারের	every_wd:thu
বৃহস্পতিবারের e	wd:thu
বৃহস্পতিবারের er	wd:thu
বৃহস্পতিবারের er moddhe	<wd:thu
বৃহস্পতিবারের er age	<wd:thu
বৃহস্পতিবারের er por	>wd:thu
বৃহস্পতিবারের porjonto	<wd:thu
আগামী বৃহস্পতিবারের	next_wd:thu
পরের বৃহস্পতিবারের	next_wd:thu
আসছে বৃহস্পতিবারের	next_wd:thu
গত বৃহস্পতিবারের	prev_wd:thu
আগের বৃহস্পতিবারের	prev_wd:thu
প্রতি বৃহস্পতিবারের	every_wd:thu
প্রত্যেক বৃহস্পতিবারের	every_wd:thu
বৃহস্পতিবারের এর মধ্যে	<wd:thu
বৃহস্পতিবারের এর আগে	<wd:thu
বৃহস্পতিবারের এর পর	>wd:thu
বৃহস্পতিবারের পর্যন্ত	<wd:thu
বৃহস্পতিবারই	wd:thu
this বৃহস্পতিবারই	wd:thu
next বৃহস্পতিবারই	next_wd:thu
coming বৃহস্পতিবারই	next_wd:thu
upcoming বৃহস্পতিবারই	next_wd:thu
last বৃহস্পতিবারই	prev_wd:thu
previous বৃহস্পতিবারই	prev_wd:thu
past বৃহস্পতিবারই	prev_wd:thu
on বৃহস্পতিবারই	wd:thu
by বৃহস্পতিবারই	<wd:thu
before বৃহস্পতিবারই	<wd:thu
until বৃহস্পতিবারই	<wd:thu
till বৃহস্পতিবারই	<wd:thu
after বৃহস্পতিবারই	>wd:thu
every বৃহস্পতিবারই	every_wd:thu
each বৃহস্পতিবারই	every_wd:thu
বৃহস্পতিবারইs	every_wd:thu
on বৃহস্পতিবারইs	every_wd:thu
বৃহস্পতিবারই morning	wd:thu+daypart:morning
বৃহস্পতিবারই afternoon	wd:thu+daypart:afternoon
বৃহস্পতিবারই evening	wd:thu+daypart:evening
বৃহস্পতিবারই night	wd:thu+daypart:night
agami বৃহস্পতিবারই	next_wd:thu
porer বৃহস্পতিবারই	next_wd:thu
aschol বৃহস্পতিবারই	next_wd:thu
asha বৃহস্পতিবারই	next_wd:thu
gato বৃহস্পতিবারই	prev_wd:thu
ager বৃহস্পতিবারই	prev_wd:thu
proti বৃহস্পতিবারই	every_wd:thu
prottek বৃহস্পতিবারই	every_wd:thu
বৃহস্পতিবারই e	wd:thu
বৃহস্পতিবারই er	wd:thu
বৃহস্পতিবারই er moddhe	<wd:thu
বৃহস্পতিবারই er age	<wd:thu
বৃহস্পতিবারই er por	>wd:thu
বৃহস্পতিবারই porjonto	<wd:thu
আগামী বৃহস্পতিবারই	next_wd:thu
পরের বৃহস্পতিবারই	next_wd:thu
আসছে বৃহস্পতিবারই	next_wd:thu
গত বৃহস্পতিবারই	prev_wd:thu
আগের বৃহস্পতিবারই	prev_wd:thu
প্রতি বৃহস্পতিবারই	every_wd:thu
প্রত্যেক বৃহস্পতিবারই	every_wd:thu
বৃহস্পতিবারই এর মধ্যে	<wd:thu
বৃহস্পতিবারই এর আগে	<wd:thu
বৃহস্পতিবারই এর পর	>wd:thu
বৃহস্পতিবারই পর্যন্ত	<wd:thu
বৃহস্পতিবার দিন	wd:thu
this বৃহস্পতিবার দিন	wd:thu
next বৃহস্পতিবার দিন	next_wd:thu
coming বৃহস্পতিবার দিন	next_wd:thu
upcoming বৃহস্পতিবার দিন	next_wd:thu
last বৃহস্পতিবার দিন	prev_wd:thu
previous বৃহস্পতিবার দিন	prev_wd:thu
past বৃহস্পতিবার দিন	prev_wd:thu
on বৃহস্পতিবার দিন	wd:thu
by বৃহস্পতিবার দিন	<wd:thu
before বৃহস্পতিবার দিন	<wd:thu
until বৃহস্পতিবার দিন	<wd:thu
till বৃহস্পতিবার দিন	<wd:thu
after বৃহস্পতিবার দিন	>wd:thu
every বৃহস্পতিবার দিন	every_wd:thu
each বৃহস্পতিবার দিন	every_wd:thu
বৃহস্পতিবার দিনs	every_wd:thu
on বৃহস্পতিবার দিনs	every_wd:thu
বৃহস্পতিবার দিন morning	wd:thu+daypart:morning
বৃহস্পতিবার দিন afternoon	wd:thu+daypart:afternoon
বৃহস্পতিবার দিন evening	wd:thu+daypart:evening
বৃহস্পতিবার দিন night	wd:thu+daypart:night
agami বৃহস্পতিবার দিন	next_wd:thu
porer বৃহস্পতিবার দিন	next_wd:thu
aschol বৃহস্পতিবার দিন	next_wd:thu
asha বৃহস্পতিবার দিন	next_wd:thu
gato বৃহস্পতিবার দিন	prev_wd:thu
ager বৃহস্পতিবার দিন	prev_wd:thu
proti বৃহস্পতিবার দিন	every_wd:thu
prottek বৃহস্পতিবার দিন	every_wd:thu
বৃহস্পতিবার দিন e	wd:thu
বৃহস্পতিবার দিন er	wd:thu
বৃহস্পতিবার দিন er moddhe	<wd:thu
বৃহস্পতিবার দিন er age	<wd:thu
বৃহস্পতিবার দিন er por	>wd:thu
বৃহস্পতিবার দিন porjonto	<wd:thu
আগামী বৃহস্পতিবার দিন	next_wd:thu
পরের বৃহস্পতিবার দিন	next_wd:thu
আসছে বৃহস্পতিবার দিন	next_wd:thu
গত বৃহস্পতিবার দিন	prev_wd:thu
আগের বৃহস্পতিবার দিন	prev_wd:thu
প্রতি বৃহস্পতিবার দিন	every_wd:thu
প্রত্যেক বৃহস্পতিবার দিন	every_wd:thu
বৃহস্পতিবার দিন এর মধ্যে	<wd:thu
বৃহস্পতিবার দিন এর আগে	<wd:thu
বৃহস্পতিবার দিন এর পর	>wd:thu
বৃহস্পতিবার দিন পর্যন্ত	<wd:thu
বৃহঃ	wd:thu
this বৃহঃ	wd:thu
next বৃহঃ	next_wd:thu
coming বৃহঃ	next_wd:thu
upcoming বৃহঃ	next_wd:thu
last বৃহঃ	prev_wd:thu
previous বৃহঃ	prev_wd:thu
past বৃহঃ	prev_wd:thu
on বৃহঃ	wd:thu
by বৃহঃ	<wd:thu
before বৃহঃ	<wd:thu
until বৃহঃ	<wd:thu
till বৃহঃ	<wd:thu
after বৃহঃ	>wd:thu
every বৃহঃ	every_wd:thu
each বৃহঃ	every_wd:thu
বৃহঃs	every_wd:thu
on বৃহঃs	every_wd:thu
বৃহঃ morning	wd:thu+daypart:morning
বৃহঃ afternoon	wd:thu+daypart:afternoon
বৃহঃ evening	wd:thu+daypart:evening
বৃহঃ night	wd:thu+daypart:night
agami বৃহঃ	next_wd:thu
porer বৃহঃ	next_wd:thu
aschol বৃহঃ	next_wd:thu
asha বৃহঃ	next_wd:thu
gato বৃহঃ	prev_wd:thu
ager বৃহঃ	prev_wd:thu
proti বৃহঃ	every_wd:thu
prottek বৃহঃ	every_wd:thu
বৃহঃ e	wd:thu
বৃহঃ er	wd:thu
বৃহঃ er moddhe	<wd:thu
বৃহঃ er age	<wd:thu
বৃহঃ er por	>wd:thu
বৃহঃ porjonto	<wd:thu
আগামী বৃহঃ	next_wd:thu
পরের বৃহঃ	next_wd:thu
আসছে বৃহঃ	next_wd:thu
গত বৃহঃ	prev_wd:thu
আগের বৃহঃ	prev_wd:thu
প্রতি বৃহঃ	every_wd:thu
প্রত্যেক বৃহঃ	every_wd:thu
বৃহঃ এর মধ্যে	<wd:thu
বৃহঃ এর আগে	<wd:thu
বৃহঃ এর পর	>wd:thu
বৃহঃ পর্যন্ত	<wd:thu
বৃহস্পতিবারেই	wd:thu
this বৃহস্পতিবারেই	wd:thu
next বৃহস্পতিবারেই	next_wd:thu
coming বৃহস্পতিবারেই	next_wd:thu
upcoming বৃহস্পতিবারেই	next_wd:thu
last বৃহস্পতিবারেই	prev_wd:thu
previous বৃহস্পতিবারেই	prev_wd:thu
past বৃহস্পতিবারেই	prev_wd:thu
on বৃহস্পতিবারেই	wd:thu
by বৃহস্পতিবারেই	<wd:thu
before বৃহস্পতিবারেই	<wd:thu
until বৃহস্পতিবারেই	<wd:thu
till বৃহস্পতিবারেই	<wd:thu
after বৃহস্পতিবারেই	>wd:thu
every বৃহস্পতিবারেই	every_wd:thu
each বৃহস্পতিবারেই	every_wd:thu
বৃহস্পতিবারেইs	every_wd:thu
on বৃহস্পতিবারেইs	every_wd:thu
বৃহস্পতিবারেই morning	wd:thu+daypart:morning
বৃহস্পতিবারেই afternoon	wd:thu+daypart:afternoon
বৃহস্পতিবারেই evening	wd:thu+daypart:evening
বৃহস্পতিবারেই night	wd:thu+daypart:night
agami বৃহস্পতিবারেই	next_wd:thu
porer বৃহস্পতিবারেই	next_wd:thu
aschol বৃহস্পতিবারেই	next_wd:thu
asha বৃহস্পতিবারেই	next_wd:thu
gato বৃহস্পতিবারেই	prev_wd:thu
ager বৃহস্পতিবারেই	prev_wd:thu
proti বৃহস্পতিবারেই	every_wd:thu
prottek বৃহস্পতিবারেই	every_wd:thu
বৃহস্পতিবারেই e	wd:thu
বৃহস্পতিবারেই er	wd:thu
বৃহস্পতিবারেই er moddhe	<wd:thu
বৃহস্পতিবারেই er age	<wd:thu
বৃহস্পতিবারেই er por	>wd:thu
বৃহস্পতিবারেই porjonto	<wd:thu
আগামী বৃহস্পতিবারেই	next_wd:thu
পরের বৃহস্পতিবারেই	next_wd:thu
আসছে বৃহস্পতিবারেই	next_wd:thu
গত বৃহস্পতিবারেই	prev_wd:thu
আগের বৃহস্পতিবারেই	prev_wd:thu
প্রতি বৃহস্পতিবারেই	every_wd:thu
প্রত্যেক বৃহস্পতিবারেই	every_wd:thu
বৃহস্পতিবারেই এর মধ্যে	<wd:thu
বৃহস্পতিবারেই এর আগে	<wd:thu
বৃহস্পতিবারেই এর পর	>wd:thu
বৃহস্পতিবারেই পর্যন্ত	<wd:thu
friday	wd:fri
this friday	wd:fri
next friday	next_wd:fri
coming friday	next_wd:fri
upcoming friday	next_wd:fri
last friday	prev_wd:fri
previous friday	prev_wd:fri
past friday	prev_wd:fri
on friday	wd:fri
by friday	<wd:fri
before friday	<wd:fri
until friday	<wd:fri
till friday	<wd:fri
after friday	>wd:fri
every friday	every_wd:fri
each friday	every_wd:fri
fridays	every_wd:fri
on fridays	every_wd:fri
friday morning	wd:fri+daypart:morning
friday afternoon	wd:fri+daypart:afternoon
friday evening	wd:fri+daypart:evening
friday night	wd:fri+daypart:night
agami friday	next_wd:fri
porer friday	next_wd:fri
aschol friday	next_wd:fri
asha friday	next_wd:fri
gato friday	prev_wd:fri
ager friday	prev_wd:fri
proti friday	every_wd:fri
prottek friday	every_wd:fri
friday e	wd:fri
friday er	wd:fri
friday er moddhe	<wd:fri
friday er age	<wd:fri
friday er por	>wd:fri
friday porjonto	<wd:fri
আগামী friday	next_wd:fri
পরের friday	next_wd:fri
আসছে friday	next_wd:fri
গত friday	prev_wd:fri
আগের friday	prev_wd:fri
প্রতি friday	every_wd:fri
প্রত্যেক friday	every_wd:fri
friday এর মধ্যে	<wd:fri
friday এর আগে	<wd:fri
friday এর পর	>wd:fri
friday পর্যন্ত	<wd:fri
fri	wd:fri
this fri	wd:fri
next fri	next_wd:fri
coming fri	next_wd:fri
upcoming fri	next_wd:fri
last fri	prev_wd:fri
previous fri	prev_wd:fri
past fri	prev_wd:fri
on fri	wd:fri
by fri	<wd:fri
before fri	<wd:fri
until fri	<wd:fri
till fri	<wd:fri
after fri	>wd:fri
every fri	every_wd:fri
each fri	every_wd:fri
fris	every_wd:fri
on fris	every_wd:fri
fri morning	wd:fri+daypart:morning
fri afternoon	wd:fri+daypart:afternoon
fri evening	wd:fri+daypart:evening
fri night	wd:fri+daypart:night
agami fri	next_wd:fri
porer fri	next_wd:fri
aschol fri	next_wd:fri
asha fri	next_wd:fri
gato fri	prev_wd:fri
ager fri	prev_wd:fri
proti fri	every_wd:fri
prottek fri	every_wd:fri
fri e	wd:fri
fri er	wd:fri
fri er moddhe	<wd:fri
fri er age	<wd:fri
fri er por	>wd:fri
fri porjonto	<wd:fri
আগামী fri	next_wd:fri
পরের fri	next_wd:fri
আসছে fri	next_wd:fri
গত fri	prev_wd:fri
আগের fri	prev_wd:fri
প্রতি fri	every_wd:fri
প্রত্যেক fri	every_wd:fri
fri এর মধ্যে	<wd:fri
fri এর আগে	<wd:fri
fri এর পর	>wd:fri
fri পর্যন্ত	<wd:fri
frid	wd:fri
this frid	wd:fri
next frid	next_wd:fri
coming frid	next_wd:fri
upcoming frid	next_wd:fri
last frid	prev_wd:fri
previous frid	prev_wd:fri
past frid	prev_wd:fri
on frid	wd:fri
by frid	<wd:fri
before frid	<wd:fri
until frid	<wd:fri
till frid	<wd:fri
after frid	>wd:fri
every frid	every_wd:fri
each frid	every_wd:fri
frids	every_wd:fri
on frids	every_wd:fri
frid morning	wd:fri+daypart:morning
frid afternoon	wd:fri+daypart:afternoon
frid evening	wd:fri+daypart:evening
frid night	wd:fri+daypart:night
agami frid	next_wd:fri
porer frid	next_wd:fri
aschol frid	next_wd:fri
asha frid	next_wd:fri
gato frid	prev_wd:fri
ager frid	prev_wd:fri
proti frid	every_wd:fri
prottek frid	every_wd:fri
frid e	wd:fri
frid er	wd:fri
frid er moddhe	<wd:fri
frid er age	<wd:fri
frid er por	>wd:fri
frid porjonto	<wd:fri
আগামী frid	next_wd:fri
পরের frid	next_wd:fri
আসছে frid	next_wd:fri
গত frid	prev_wd:fri
আগের frid	prev_wd:fri
প্রতি frid	every_wd:fri
প্রত্যেক frid	every_wd:fri
frid এর মধ্যে	<wd:fri
frid এর আগে	<wd:fri
frid এর পর	>wd:fri
frid পর্যন্ত	<wd:fri
fridy	wd:fri
this fridy	wd:fri
next fridy	next_wd:fri
coming fridy	next_wd:fri
upcoming fridy	next_wd:fri
last fridy	prev_wd:fri
previous fridy	prev_wd:fri
past fridy	prev_wd:fri
on fridy	wd:fri
by fridy	<wd:fri
before fridy	<wd:fri
until fridy	<wd:fri
till fridy	<wd:fri
after fridy	>wd:fri
every fridy	every_wd:fri
each fridy	every_wd:fri
fridys	every_wd:fri
on fridys	every_wd:fri
fridy morning	wd:fri+daypart:morning
fridy afternoon	wd:fri+daypart:afternoon
fridy evening	wd:fri+daypart:evening
fridy night	wd:fri+daypart:night
agami fridy	next_wd:fri
porer fridy	next_wd:fri
aschol fridy	next_wd:fri
asha fridy	next_wd:fri
gato fridy	prev_wd:fri
ager fridy	prev_wd:fri
proti fridy	every_wd:fri
prottek fridy	every_wd:fri
fridy e	wd:fri
fridy er	wd:fri
fridy er moddhe	<wd:fri
fridy er age	<wd:fri
fridy er por	>wd:fri
fridy porjonto	<wd:fri
আগামী fridy	next_wd:fri
পরের fridy	next_wd:fri
আসছে fridy	next_wd:fri
গত fridy	prev_wd:fri
আগের fridy	prev_wd:fri
প্রতি fridy	every_wd:fri
প্রত্যেক fridy	every_wd:fri
fridy এর মধ্যে	<wd:fri
fridy এর আগে	<wd:fri
fridy এর পর	>wd:fri
fridy পর্যন্ত	<wd:fri
firday	wd:fri
this firday	wd:fri
next firday	next_wd:fri
coming firday	next_wd:fri
upcoming firday	next_wd:fri
last firday	prev_wd:fri
previous firday	prev_wd:fri
past firday	prev_wd:fri
on firday	wd:fri
by firday	<wd:fri
before firday	<wd:fri
until firday	<wd:fri
till firday	<wd:fri
after firday	>wd:fri
every firday	every_wd:fri
each firday	every_wd:fri
firdays	every_wd:fri
on firdays	every_wd:fri
firday morning	wd:fri+daypart:morning
firday afternoon	wd:fri+daypart:afternoon
firday evening	wd:fri+daypart:evening
firday night	wd:fri+daypart:night
agami firday	next_wd:fri
porer firday	next_wd:fri
aschol firday	next_wd:fri
asha firday	next_wd:fri
gato firday	prev_wd:fri
ager firday	prev_wd:fri
proti firday	every_wd:fri
prottek firday	every_wd:fri
firday e	wd:fri
firday er	wd:fri
firday er moddhe	<wd:fri
firday er age	<wd:fri
firday er por	>wd:fri
firday porjonto	<wd:fri
আগামী firday	next_wd:fri
পরের firday	next_wd:fri
আসছে firday	next_wd:fri
গত firday	prev_wd:fri
আগের firday	prev_wd:fri
প্রতি firday	every_wd:fri
প্রত্যেক firday	every_wd:fri
firday এর মধ্যে	<wd:fri
firday এর আগে	<wd:fri
firday এর পর	>wd:fri
firday পর্যন্ত	<wd:fri
fryday	wd:fri
this fryday	wd:fri
next fryday	next_wd:fri
coming fryday	next_wd:fri
upcoming fryday	next_wd:fri
last fryday	prev_wd:fri
previous fryday	prev_wd:fri
past fryday	prev_wd:fri
on fryday	wd:fri
by fryday	<wd:fri
before fryday	<wd:fri
until fryday	<wd:fri
till fryday	<wd:fri
after fryday	>wd:fri
every fryday	every_wd:fri
each fryday	every_wd:fri
frydays	every_wd:fri
on frydays	every_wd:fri
fryday morning	wd:fri+daypart:morning
fryday afternoon	wd:fri+daypart:afternoon
fryday evening	wd:fri+daypart:evening
fryday night	wd:fri+daypart:night
agami fryday	next_wd:fri
porer fryday	next_wd:fri
aschol fryday	next_wd:fri
asha fryday	next_wd:fri
gato fryday	prev_wd:fri
ager fryday	prev_wd:fri
proti fryday	every_wd:fri
prottek fryday	every_wd:fri
fryday e	wd:fri
fryday er	wd:fri
fryday er moddhe	<wd:fri
fryday er age	<wd:fri
fryday er por	>wd:fri
fryday porjonto	<wd:fri
আগামী fryday	next_wd:fri
পরের fryday	next_wd:fri
আসছে fryday	next_wd:fri
গত fryday	prev_wd:fri
আগের fryday	prev_wd:fri
প্রতি fryday	every_wd:fri
প্রত্যেক fryday	every_wd:fri
fryday এর মধ্যে	<wd:fri
fryday এর আগে	<wd:fri
fryday এর পর	>wd:fri
fryday পর্যন্ত	<wd:fri
shukrobar	wd:fri
this shukrobar	wd:fri
next shukrobar	next_wd:fri
coming shukrobar	next_wd:fri
upcoming shukrobar	next_wd:fri
last shukrobar	prev_wd:fri
previous shukrobar	prev_wd:fri
past shukrobar	prev_wd:fri
on shukrobar	wd:fri
by shukrobar	<wd:fri
before shukrobar	<wd:fri
until shukrobar	<wd:fri
till shukrobar	<wd:fri
after shukrobar	>wd:fri
every shukrobar	every_wd:fri
each shukrobar	every_wd:fri
shukrobars	every_wd:fri
on shukrobars	every_wd:fri
shukrobar morning	wd:fri+daypart:morning
shukrobar afternoon	wd:fri+daypart:afternoon
shukrobar evening	wd:fri+daypart:evening
shukrobar night	wd:fri+daypart:night
agami shukrobar	next_wd:fri
porer shukrobar	next_wd:fri
aschol shukrobar	next_wd:fri
asha shukrobar	next_wd:fri
gato shukrobar	prev_wd:fri
ager shukrobar	prev_wd:fri
proti shukrobar	every_wd:fri
prottek shukrobar	every_wd:fri
shukrobar e	wd:fri
shukrobar er	wd:fri
shukrobar er moddhe	<wd:fri
shukrobar er age	<wd:fri
shukrobar er por	>wd:fri
shukrobar porjonto	<wd:fri
আগামী shukrobar	next_wd:fri
পরের shukrobar	next_wd:fri
আসছে shukrobar	next_wd:fri
গত shukrobar	prev_wd:fri
আগের shukrobar	prev_wd:fri
প্রতি shukrobar	every_wd:fri
প্রত্যেক shukrobar	every_wd:fri
shukrobar এর মধ্যে	<wd:fri
shukrobar এর আগে	<wd:fri
shukrobar এর পর	>wd:fri
shukrobar পর্যন্ত	<wd:fri
sukrobar	wd:fri
this sukrobar	wd:fri
next sukrobar	next_wd:fri
coming sukrobar	next_wd:fri
upcoming sukrobar	next_wd:fri
last sukrobar	prev_wd:fri
previous sukrobar	prev_wd:fri
past sukrobar	prev_wd:fri
on sukrobar	wd:fri
by sukrobar	<wd:fri
before sukrobar	<wd:fri
until sukrobar	<wd:fri
till sukrobar	<wd:fri
after sukrobar	>wd:fri
every sukrobar	every_wd:fri
each sukrobar	every_wd:fri
sukrobars	every_wd:fri
on sukrobars	every_wd:fri
sukrobar morning	wd:fri+daypart:morning
sukrobar afternoon	wd:fri+daypart:afternoon
sukrobar evening	wd:fri+daypart:evening
sukrobar night	wd:fri+daypart:night
agami sukrobar	next_wd:fri
porer sukrobar	next_wd:fri
aschol sukrobar	next_wd:fri
asha sukrobar	next_wd:fri
gato sukrobar	prev_wd:fri
ager sukrobar	prev_wd:fri
proti sukrobar	every_wd:fri
prottek sukrobar	every_wd:fri
sukrobar e	wd:fri
sukrobar er	wd:fri
sukrobar er moddhe	<wd:fri
sukrobar er age	<wd:fri
sukrobar er por	>wd:fri
sukrobar porjonto	<wd:fri
আগামী sukrobar	next_wd:fri
পরের sukrobar	next_wd:fri
আসছে sukrobar	next_wd:fri
গত sukrobar	prev_wd:fri
আগের sukrobar	prev_wd:fri
প্রতি sukrobar	every_wd:fri
প্রত্যেক sukrobar	every_wd:fri
sukrobar এর মধ্যে	<wd:fri
sukrobar এর আগে	<wd:fri
sukrobar এর পর	>wd:fri
sukrobar পর্যন্ত	<wd:fri
shukrabar	wd:fri
this shukrabar	wd:fri
next shukrabar	next_wd:fri
coming shukrabar	next_wd:fri
upcoming shukrabar	next_wd:fri
last shukrabar	prev_wd:fri
previous shukrabar	prev_wd:fri
past shukrabar	prev_wd:fri
on shukrabar	wd:fri
by shukrabar	<wd:fri
before shukrabar	<wd:fri
until shukrabar	<wd:fri
till shukrabar	<wd:fri
after shukrabar	>wd:fri
every shukrabar	every_wd:fri
each shukrabar	every_wd:fri
shukrabars	every_wd:fri
on shukrabars	every_wd:fri
shukrabar morning	wd:fri+daypart:morning
shukrabar afternoon	wd:fri+daypart:afternoon
shukrabar evening	wd:fri+daypart:evening
shukrabar night	wd:fri+daypart:night
agami shukrabar	next_wd:fri
porer shukrabar	next_wd:fri
aschol shukrabar	next_wd:fri
asha shukrabar	next_wd:fri
gato shukrabar	prev_wd:fri
ager shukrabar	prev_wd:fri
proti shukrabar	every_wd:fri
prottek shukrabar	every_wd:fri
shukrabar e	wd:fri
shukrabar er	wd:fri
shukrabar er moddhe	<wd:fri
shukrabar er age	<wd:fri
shukrabar er por	>wd:fri
shukrabar porjonto	<wd:fri
আগামী shukrabar	next_wd:fri
পরের shukrabar	next_wd:fri
আসছে shukrabar	next_wd:fri
গত shukrabar	prev_wd:fri
আগের shukrabar	prev_wd:fri
প্রতি shukrabar	every_wd:fri
প্রত্যেক shukrabar	every_wd:fri
shukrabar এর মধ্যে	<wd:fri
shukrabar এর আগে	<wd:fri
shukrabar এর পর	>wd:fri
shukrabar পর্যন্ত	<wd:fri
sukrabar	wd:fri
this sukrabar	wd:fri
next sukrabar	next_wd:fri
coming sukrabar	next_wd:fri
upcoming sukrabar	next_wd:fri
last sukrabar	prev_wd:fri
previous sukrabar	prev_wd:fri
past sukrabar	prev_wd:fri
on sukrabar	wd:fri
by sukrabar	<wd:fri
before sukrabar	<wd:fri
until sukrabar	<wd:fri
till sukrabar	<wd:fri
after sukrabar	>wd:fri
every sukrabar	every_wd:fri
each sukrabar	every_wd:fri
sukrabars	every_wd:fri
on sukrabars	every_wd:fri
sukrabar morning	wd:fri+daypart:morning
sukrabar afternoon	wd:fri+daypart:afternoon
sukrabar evening	wd:fri+daypart:evening
sukrabar night	wd:fri+daypart:night
agami sukrabar	next_wd:fri
porer sukrabar	next_wd:fri
aschol sukrabar	next_wd:fri
asha sukrabar	next_wd:fri
gato sukrabar	prev_wd:fri
ager sukrabar	prev_wd:fri
proti sukrabar	every_wd:fri
prottek sukrabar	every_wd:fri
sukrabar e	wd:fri
sukrabar er	wd:fri
sukrabar er moddhe	<wd:fri
sukrabar er age	<wd:fri
sukrabar er por	>wd:fri
sukrabar porjonto	<wd:fri
আগামী sukrabar	next_wd:fri
পরের sukrabar	next_wd:fri
আসছে sukrabar	next_wd:fri
গত sukrabar	prev_wd:fri
আগের sukrabar	prev_wd:fri
প্রতি sukrabar	every_wd:fri
প্রত্যেক sukrabar	every_wd:fri
sukrabar এর মধ্যে	<wd:fri
sukrabar এর আগে	<wd:fri
sukrabar এর পর	>wd:fri
sukrabar পর্যন্ত	<wd:fri
shukkurbar	wd:fri
this shukkurbar	wd:fri
next shukkurbar	next_wd:fri
coming shukkurbar	next_wd:fri
upcoming shukkurbar	next_wd:fri
last shukkurbar	prev_wd:fri
previous shukkurbar	prev_wd:fri
past shukkurbar	prev_wd:fri
on shukkurbar	wd:fri
by shukkurbar	<wd:fri
before shukkurbar	<wd:fri
until shukkurbar	<wd:fri
till shukkurbar	<wd:fri
after shukkurbar	>wd:fri
every shukkurbar	every_wd:fri
each shukkurbar	every_wd:fri
shukkurbars	every_wd:fri
on shukkurbars	every_wd:fri
shukkurbar morning	wd:fri+daypart:morning
shukkurbar afternoon	wd:fri+daypart:afternoon
shukkurbar evening	wd:fri+daypart:evening
shukkurbar night	wd:fri+daypart:night
agami shukkurbar	next_wd:fri
porer shukkurbar	next_wd:fri
aschol shukkurbar	next_wd:fri
asha shukkurbar	next_wd:fri
gato shukkurbar	prev_wd:fri
ager shukkurbar	prev_wd:fri
proti shukkurbar	every_wd:fri
prottek shukkurbar	every_wd:fri
shukkurbar e	wd:fri
shukkurbar er	wd:fri
shukkurbar er moddhe	<wd:fri
shukkurbar er age	<wd:fri
shukkurbar er por	>wd:fri
shukkurbar porjonto	<wd:fri
আগামী shukkurbar	next_wd:fri
পরের shukkurbar	next_wd:fri
আসছে shukkurbar	next_wd:fri
গত shukkurbar	prev_wd:fri
আগের shukkurbar	prev_wd:fri
প্রতি shukkurbar	every_wd:fri
প্রত্যেক shukkurbar	every_wd:fri
shukkurbar এর মধ্যে	<wd:fri
shukkurbar এর আগে	<wd:fri
shukkurbar এর পর	>wd:fri
shukkurbar পর্যন্ত	<wd:fri
sukkurbar	wd:fri
this sukkurbar	wd:fri
next sukkurbar	next_wd:fri
coming sukkurbar	next_wd:fri
upcoming sukkurbar	next_wd:fri
last sukkurbar	prev_wd:fri
previous sukkurbar	prev_wd:fri
past sukkurbar	prev_wd:fri
on sukkurbar	wd:fri
by sukkurbar	<wd:fri
before sukkurbar	<wd:fri
until sukkurbar	<wd:fri
till sukkurbar	<wd:fri
after sukkurbar	>wd:fri
every sukkurbar	every_wd:fri
each sukkurbar	every_wd:fri
sukkurbars	every_wd:fri
on sukkurbars	every_wd:fri
sukkurbar morning	wd:fri+daypart:morning
sukkurbar afternoon	wd:fri+daypart:afternoon
sukkurbar evening	wd:fri+daypart:evening
sukkurbar night	wd:fri+daypart:night
agami sukkurbar	next_wd:fri
porer sukkurbar	next_wd:fri
aschol sukkurbar	next_wd:fri
asha sukkurbar	next_wd:fri
gato sukkurbar	prev_wd:fri
ager sukkurbar	prev_wd:fri
proti sukkurbar	every_wd:fri
prottek sukkurbar	every_wd:fri
sukkurbar e	wd:fri
sukkurbar er	wd:fri
sukkurbar er moddhe	<wd:fri
sukkurbar er age	<wd:fri
sukkurbar er por	>wd:fri
sukkurbar porjonto	<wd:fri
আগামী sukkurbar	next_wd:fri
পরের sukkurbar	next_wd:fri
আসছে sukkurbar	next_wd:fri
গত sukkurbar	prev_wd:fri
আগের sukkurbar	prev_wd:fri
প্রতি sukkurbar	every_wd:fri
প্রত্যেক sukkurbar	every_wd:fri
sukkurbar এর মধ্যে	<wd:fri
sukkurbar এর আগে	<wd:fri
sukkurbar এর পর	>wd:fri
sukkurbar পর্যন্ত	<wd:fri
shukro bar	wd:fri
this shukro bar	wd:fri
next shukro bar	next_wd:fri
coming shukro bar	next_wd:fri
upcoming shukro bar	next_wd:fri
last shukro bar	prev_wd:fri
previous shukro bar	prev_wd:fri
past shukro bar	prev_wd:fri
on shukro bar	wd:fri
by shukro bar	<wd:fri
before shukro bar	<wd:fri
until shukro bar	<wd:fri
till shukro bar	<wd:fri
after shukro bar	>wd:fri
every shukro bar	every_wd:fri
each shukro bar	every_wd:fri
shukro bars	every_wd:fri
on shukro bars	every_wd:fri
shukro bar morning	wd:fri+daypart:morning
shukro bar afternoon	wd:fri+daypart:afternoon
shukro bar evening	wd:fri+daypart:evening
shukro bar night	wd:fri+daypart:night
agami shukro bar	next_wd:fri
porer shukro bar	next_wd:fri
aschol shukro bar	next_wd:fri
asha shukro bar	next_wd:fri
gato shukro bar	prev_wd:fri
ager shukro bar	prev_wd:fri
proti shukro bar	every_wd:fri
prottek shukro bar	every_wd:fri
shukro bar e	wd:fri
shukro bar er	wd:fri
shukro bar er moddhe	<wd:fri
shukro bar er age	<wd:fri
shukro bar er por	>wd:fri
shukro bar porjonto	<wd:fri
আগামী shukro bar	next_wd:fri
পরের shukro bar	next_wd:fri
আসছে shukro bar	next_wd:fri
গত shukro bar	prev_wd:fri
আগের shukro bar	prev_wd:fri
প্রতি shukro bar	every_wd:fri
প্রত্যেক shukro bar	every_wd:fri
shukro bar এর মধ্যে	<wd:fri
shukro bar এর আগে	<wd:fri
shukro bar এর পর	>wd:fri
shukro bar পর্যন্ত	<wd:fri
sukro bar	wd:fri
this sukro bar	wd:fri
next sukro bar	next_wd:fri
coming sukro bar	next_wd:fri
upcoming sukro bar	next_wd:fri
last sukro bar	prev_wd:fri
previous sukro bar	prev_wd:fri
past sukro bar	prev_wd:fri
on sukro bar	wd:fri
by sukro bar	<wd:fri
before sukro bar	<wd:fri
until sukro bar	<wd:fri
till sukro bar	<wd:fri
after sukro bar	>wd:fri
every sukro bar	every_wd:fri
each sukro bar	every_wd:fri
sukro bars	every_wd:fri
on sukro bars	every_wd:fri
sukro bar morning	wd:fri+daypart:morning
sukro bar afternoon	wd:fri+daypart:afternoon
sukro bar evening	wd:fri+daypart:evening
sukro bar night	wd:fri+daypart:night
agami sukro bar	next_wd:fri
porer sukro bar	next_wd:fri
aschol sukro bar	next_wd:fri
asha sukro bar	next_wd:fri
gato sukro bar	prev_wd:fri
ager sukro bar	prev_wd:fri
proti sukro bar	every_wd:fri
prottek sukro bar	every_wd:fri
sukro bar e	wd:fri
sukro bar er	wd:fri
sukro bar er moddhe	<wd:fri
sukro bar er age	<wd:fri
sukro bar er por	>wd:fri
sukro bar porjonto	<wd:fri
আগামী sukro bar	next_wd:fri
পরের sukro bar	next_wd:fri
আসছে sukro bar	next_wd:fri
গত sukro bar	prev_wd:fri
আগের sukro bar	prev_wd:fri
প্রতি sukro bar	every_wd:fri
প্রত্যেক sukro bar	every_wd:fri
sukro bar এর মধ্যে	<wd:fri
sukro bar এর আগে	<wd:fri
sukro bar এর পর	>wd:fri
sukro bar পর্যন্ত	<wd:fri
jumabar	wd:fri
this jumabar	wd:fri
next jumabar	next_wd:fri
coming jumabar	next_wd:fri
upcoming jumabar	next_wd:fri
last jumabar	prev_wd:fri
previous jumabar	prev_wd:fri
past jumabar	prev_wd:fri
on jumabar	wd:fri
by jumabar	<wd:fri
before jumabar	<wd:fri
until jumabar	<wd:fri
till jumabar	<wd:fri
after jumabar	>wd:fri
every jumabar	every_wd:fri
each jumabar	every_wd:fri
jumabars	every_wd:fri
on jumabars	every_wd:fri
jumabar morning	wd:fri+daypart:morning
jumabar afternoon	wd:fri+daypart:afternoon
jumabar evening	wd:fri+daypart:evening
jumabar night	wd:fri+daypart:night
agami jumabar	next_wd:fri
porer jumabar	next_wd:fri
aschol jumabar	next_wd:fri
asha jumabar	next_wd:fri
gato jumabar	prev_wd:fri
ager jumabar	prev_wd:fri
proti jumabar	every_wd:fri
prottek jumabar	every_wd:fri
jumabar e	wd:fri
jumabar er	wd:fri
jumabar er moddhe	<wd:fri
jumabar er age	<wd:fri
jumabar er por	>wd:fri
jumabar porjonto	<wd:fri
আগামী jumabar	next_wd:fri
পরের jumabar	next_wd:fri
আসছে jumabar	next_wd:fri
গত jumabar	prev_wd:fri
আগের jumabar	prev_wd:fri
প্রতি jumabar	every_wd:fri
প্রত্যেক jumabar	every_wd:fri
jumabar এর মধ্যে	<wd:fri
jumabar এর আগে	<wd:fri
jumabar এর পর	>wd:fri
jumabar পর্যন্ত	<wd:fri
jummabar	wd:fri
this jummabar	wd:fri
next jummabar	next_wd:fri
coming jummabar	next_wd:fri
upcoming jummabar	next_wd:fri
last jummabar	prev_wd:fri
previous jummabar	prev_wd:fri
past jummabar	prev_wd:fri
on jummabar	wd:fri
by jummabar	<wd:fri
before jummabar	<wd:fri
until jummabar	<wd:fri
till jummabar	<wd:fri
after jummabar	>wd:fri
every jummabar	every_wd:fri
each jummabar	every_wd:fri
jummabars	every_wd:fri
on jummabars	every_wd:fri
jummabar morning	wd:fri+daypart:morning
jummabar afternoon	wd:fri+daypart:afternoon
jummabar evening	wd:fri+daypart:evening
jummabar night	wd:fri+daypart:night
agami jummabar	next_wd:fri
porer jummabar	next_wd:fri
aschol jummabar	next_wd:fri
asha jummabar	next_wd:fri
gato jummabar	prev_wd:fri
ager jummabar	prev_wd:fri
proti jummabar	every_wd:fri
prottek jummabar	every_wd:fri
jummabar e	wd:fri
jummabar er	wd:fri
jummabar er moddhe	<wd:fri
jummabar er age	<wd:fri
jummabar er por	>wd:fri
jummabar porjonto	<wd:fri
আগামী jummabar	next_wd:fri
পরের jummabar	next_wd:fri
আসছে jummabar	next_wd:fri
গত jummabar	prev_wd:fri
আগের jummabar	prev_wd:fri
প্রতি jummabar	every_wd:fri
প্রত্যেক jummabar	every_wd:fri
jummabar এর মধ্যে	<wd:fri
jummabar এর আগে	<wd:fri
jummabar এর পর	>wd:fri
jummabar পর্যন্ত	<wd:fri
juma bar	wd:fri
this juma bar	wd:fri
next juma bar	next_wd:fri
coming juma bar	next_wd:fri
upcoming juma bar	next_wd:fri
last juma bar	prev_wd:fri
previous juma bar	prev_wd:fri
past juma bar	prev_wd:fri
on juma bar	wd:fri
by juma bar	<wd:fri
before juma bar	<wd:fri
until juma bar	<wd:fri
till juma bar	<wd:fri
after juma bar	>wd:fri
every juma bar	every_wd:fri
each juma bar	every_wd:fri
juma bars	every_wd:fri
on juma bars	every_wd:fri
juma bar morning	wd:fri+daypart:morning
juma bar afternoon	wd:fri+daypart:afternoon
juma bar evening	wd:fri+daypart:evening
juma bar night	wd:fri+daypart:night
agami juma bar	next_wd:fri
porer juma bar	next_wd:fri
aschol juma bar	next_wd:fri
asha juma bar	next_wd:fri
gato juma bar	prev_wd:fri
ager juma bar	prev_wd:fri
proti juma bar	every_wd:fri
prottek juma bar	every_wd:fri
juma bar e	wd:fri
juma bar er	wd:fri
juma bar er moddhe	<wd:fri
juma bar er age	<wd:fri
juma bar er por	>wd:fri
juma bar porjonto	<wd:fri
আগামী juma bar	next_wd:fri
পরের juma bar	next_wd:fri
আসছে juma bar	next_wd:fri
গত juma bar	prev_wd:fri
আগের juma bar	prev_wd:fri
প্রতি juma bar	every_wd:fri
প্রত্যেক juma bar	every_wd:fri
juma bar এর মধ্যে	<wd:fri
juma bar এর আগে	<wd:fri
juma bar এর পর	>wd:fri
juma bar পর্যন্ত	<wd:fri
jumma bar	wd:fri
this jumma bar	wd:fri
next jumma bar	next_wd:fri
coming jumma bar	next_wd:fri
upcoming jumma bar	next_wd:fri
last jumma bar	prev_wd:fri
previous jumma bar	prev_wd:fri
past jumma bar	prev_wd:fri
on jumma bar	wd:fri
by jumma bar	<wd:fri
before jumma bar	<wd:fri
until jumma bar	<wd:fri
till jumma bar	<wd:fri
after jumma bar	>wd:fri
every jumma bar	every_wd:fri
each jumma bar	every_wd:fri
jumma bars	every_wd:fri
on jumma bars	every_wd:fri
jumma bar morning	wd:fri+daypart:morning
jumma bar afternoon	wd:fri+daypart:afternoon
jumma bar evening	wd:fri+daypart:evening
jumma bar night	wd:fri+daypart:night
agami jumma bar	next_wd:fri
porer jumma bar	next_wd:fri
aschol jumma bar	next_wd:fri
asha jumma bar	next_wd:fri
gato jumma bar	prev_wd:fri
ager jumma bar	prev_wd:fri
proti jumma bar	every_wd:fri
prottek jumma bar	every_wd:fri
jumma bar e	wd:fri
jumma bar er	wd:fri
jumma bar er moddhe	<wd:fri
jumma bar er age	<wd:fri
jumma bar er por	>wd:fri
jumma bar porjonto	<wd:fri
আগামী jumma bar	next_wd:fri
পরের jumma bar	next_wd:fri
আসছে jumma bar	next_wd:fri
গত jumma bar	prev_wd:fri
আগের jumma bar	prev_wd:fri
প্রতি jumma bar	every_wd:fri
প্রত্যেক jumma bar	every_wd:fri
jumma bar এর মধ্যে	<wd:fri
jumma bar এর আগে	<wd:fri
jumma bar এর পর	>wd:fri
jumma bar পর্যন্ত	<wd:fri
জুমাবার	wd:fri
this জুমাবার	wd:fri
next জুমাবার	next_wd:fri
coming জুমাবার	next_wd:fri
upcoming জুমাবার	next_wd:fri
last জুমাবার	prev_wd:fri
previous জুমাবার	prev_wd:fri
past জুমাবার	prev_wd:fri
on জুমাবার	wd:fri
by জুমাবার	<wd:fri
before জুমাবার	<wd:fri
until জুমাবার	<wd:fri
till জুমাবার	<wd:fri
after জুমাবার	>wd:fri
every জুমাবার	every_wd:fri
each জুমাবার	every_wd:fri
জুমাবারs	every_wd:fri
on জুমাবারs	every_wd:fri
জুমাবার morning	wd:fri+daypart:morning
জুমাবার afternoon	wd:fri+daypart:afternoon
জুমাবার evening	wd:fri+daypart:evening
জুমাবার night	wd:fri+daypart:night
agami জুমাবার	next_wd:fri
porer জুমাবার	next_wd:fri
aschol জুমাবার	next_wd:fri
asha জুমাবার	next_wd:fri
gato জুমাবার	prev_wd:fri
ager জুমাবার	prev_wd:fri
proti জুমাবার	every_wd:fri
prottek জুমাবার	every_wd:fri
জুমাবার e	wd:fri
জুমাবার er	wd:fri
জুমাবার er moddhe	<wd:fri
জুমাবার er age	<wd:fri
জুমাবার er por	>wd:fri
জুমাবার porjonto	<wd:fri
আগামী জুমাবার	next_wd:fri
পরের জুমাবার	next_wd:fri
আসছে জুমাবার	next_wd:fri
গত জুমাবার	prev_wd:fri
আগের জুমাবার	prev_wd:fri
প্রতি জুমাবার	every_wd:fri
প্রত্যেক জুমাবার	every_wd:fri
জুমাবার এর মধ্যে	<wd:fri
জুমাবার এর আগে	<wd:fri
জুমাবার এর পর	>wd:fri
জুমাবার পর্যন্ত	<wd:fri
শুক্রবার	wd:fri
this শুক্রবার	wd:fri
next শুক্রবার	next_wd:fri
coming শুক্রবার	next_wd:fri
upcoming শুক্রবার	next_wd:fri
last শুক্রবার	prev_wd:fri
previous শুক্রবার	prev_wd:fri
past শুক্রবার	prev_wd:fri
on শুক্রবার	wd:fri
by শুক্রবার	<wd:fri
before শুক্রবার	<wd:fri
until শুক্রবার	<wd:fri
till শুক্রবার	<wd:fri
after শুক্রবার	>wd:fri
every শুক্রবার	every_wd:fri
each শুক্রবার	every_wd:fri
শুক্রবারs	every_wd:fri
on শুক্রবারs	every_wd:fri
শুক্রবার morning	wd:fri+daypart:morning
শুক্রবার afternoon	wd:fri+daypart:afternoon
শুক্রবার evening	wd:fri+daypart:evening
শুক্রবার night	wd:fri+daypart:night
agami শুক্রবার	next_wd:fri
porer শুক্রবার	next_wd:fri
aschol শুক্রবার	next_wd:fri
asha শুক্রবার	next_wd:fri
gato শুক্রবার	prev_wd:fri
ager শুক্রবার	prev_wd:fri
proti শুক্রবার	every_wd:fri
prottek শুক্রবার	every_wd:fri
শুক্রবার e	wd:fri
শুক্রবার er	wd:fri
শুক্রবার er moddhe	<wd:fri
শুক্রবার er age	<wd:fri
শুক্রবার er por	>wd:fri
শুক্রবার porjonto	<wd:fri
আগামী শুক্রবার	next_wd:fri
পরের শুক্রবার	next_wd:fri
আসছে শুক্রবার	next_wd:fri
গত শুক্রবার	prev_wd:fri
আগের শুক্রবার	prev_wd:fri
প্রতি শুক্রবার	every_wd:fri
প্রত্যেক শুক্রবার	every_wd:fri
শুক্রবার এর মধ্যে	<wd:fri
শুক্রবার এর আগে	<wd:fri
শুক্রবার এর পর	>wd:fri
শুক্রবার পর্যন্ত	<wd:fri
শুক্রবারে	wd:fri
this শুক্রবারে	wd:fri
next শুক্রবারে	next_wd:fri
coming শুক্রবারে	next_wd:fri
upcoming শুক্রবারে	next_wd:fri
last শুক্রবারে	prev_wd:fri
previous শুক্রবারে	prev_wd:fri
past শুক্রবারে	prev_wd:fri
on শুক্রবারে	wd:fri
by শুক্রবারে	<wd:fri
before শুক্রবারে	<wd:fri
until শুক্রবারে	<wd:fri
till শুক্রবারে	<wd:fri
after শুক্রবারে	>wd:fri
every শুক্রবারে	every_wd:fri
each শুক্রবারে	every_wd:fri
শুক্রবারেs	every_wd:fri
on শুক্রবারেs	every_wd:fri
শুক্রবারে morning	wd:fri+daypart:morning
শুক্রবারে afternoon	wd:fri+daypart:afternoon
শুক্রবারে evening	wd:fri+daypart:evening
শুক্রবারে night	wd:fri+daypart:night
agami শুক্রবারে	next_wd:fri
porer শুক্রবারে	next_wd:fri
aschol শুক্রবারে	next_wd:fri
asha শুক্রবারে	next_wd:fri
gato শুক্রবারে	prev_wd:fri
ager শুক্রবারে	prev_wd:fri
proti শুক্রবারে	every_wd:fri
prottek শুক্রবারে	every_wd:fri
শুক্রবারে e	wd:fri
শুক্রবারে er	wd:fri
শুক্রবারে er moddhe	<wd:fri
শুক্রবারে er age	<wd:fri
শুক্রবারে er por	>wd:fri
শুক্রবারে porjonto	<wd:fri
আগামী শুক্রবারে	next_wd:fri
পরের শুক্রবারে	next_wd:fri
আসছে শুক্রবারে	next_wd:fri
গত শুক্রবারে	prev_wd:fri
আগের শুক্রবারে	prev_wd:fri
প্রতি শুক্রবারে	every_wd:fri
প্রত্যেক শুক্রবারে	every_wd:fri
শুক্রবারে এর মধ্যে	<wd:fri
শুক্রবারে এর আগে	<wd:fri
শুক্রবারে এর পর	>wd:fri
শুক্রবারে পর্যন্ত	<wd:fri
শুক্র	wd:fri
this শুক্র	wd:fri
next শুক্র	next_wd:fri
coming শুক্র	next_wd:fri
upcoming শুক্র	next_wd:fri
last শুক্র	prev_wd:fri
previous শুক্র	prev_wd:fri
past শুক্র	prev_wd:fri
on শুক্র	wd:fri
by শুক্র	<wd:fri
before শুক্র	<wd:fri
until শুক্র	<wd:fri
till শুক্র	<wd:fri
after শুক্র	>wd:fri
every শুক্র	every_wd:fri
each শুক্র	every_wd:fri
শুক্রs	every_wd:fri
on শুক্রs	every_wd:fri
শুক্র morning	wd:fri+daypart:morning
শুক্র afternoon	wd:fri+daypart:afternoon
শুক্র evening	wd:fri+daypart:evening
শুক্র night	wd:fri+daypart:night
agami শুক্র	next_wd:fri
porer শুক্র	next_wd:fri
aschol শুক্র	next_wd:fri
asha শুক্র	next_wd:fri
gato শুক্র	prev_wd:fri
ager শুক্র	prev_wd:fri
proti শুক্র	every_wd:fri
prottek শুক্র	every_wd:fri
শুক্র e	wd:fri
শুক্র er	wd:fri
শুক্র er moddhe	<wd:fri
শুক্র er age	<wd:fri
শুক্র er por	>wd:fri
শুক্র porjonto	<wd:fri
আগামী শুক্র	next_wd:fri
পরের শুক্র	next_wd:fri
আসছে শুক্র	next_wd:fri
গত শুক্র	prev_wd:fri
আগের শুক্র	prev_wd:fri
প্রতি শুক্র	every_wd:fri
প্রত্যেক শুক্র	every_wd:fri
শুক্র এর মধ্যে	<wd:fri
শুক্র এর আগে	<wd:fri
শুক্র এর পর	>wd:fri
শুক্র পর্যন্ত	<wd:fri
শুক্রবারের	wd:fri
this শুক্রবারের	wd:fri
next শুক্রবারের	next_wd:fri
coming শুক্রবারের	next_wd:fri
upcoming শুক্রবারের	next_wd:fri
last শুক্রবারের	prev_wd:fri
previous শুক্রবারের	prev_wd:fri
past শুক্রবারের	prev_wd:fri
on শুক্রবারের	wd:fri
by শুক্রবারের	<wd:fri
before শুক্রবারের	<wd:fri
until শুক্রবারের	<wd:fri
till শুক্রবারের	<wd:fri
after শুক্রবারের	>wd:fri
every শুক্রবারের	every_wd:fri
each শুক্রবারের	every_wd:fri
শুক্রবারেরs	every_wd:fri
on শুক্রবারেরs	every_wd:fri
শুক্রবারের morning	wd:fri+daypart:morning
শুক্রবারের afternoon	wd:fri+daypart:afternoon
শুক্রবারের evening	wd:fri+daypart:evening
শুক্রবারের night	wd:fri+daypart:night
agami শুক্রবারের	next_wd:fri
porer শুক্রবারের	next_wd:fri
aschol শুক্রবারের	next_wd:fri
asha শুক্রবারের	next_wd:fri
gato শুক্রবারের	prev_wd:fri
ager শুক্রবারের	prev_wd:fri
proti শুক্রবারের	every_wd:fri
prottek শুক্রবারের	every_wd:fri
শুক্রবারের e	wd:fri
শুক্রবারের er	wd:fri
শুক্রবারের er moddhe	<wd:fri
শুক্রবারের er age	<wd:fri
শুক্রবারের er por	>wd:fri
শুক্রবারের porjonto	<wd:fri
আগামী শুক্রবারের	next_wd:fri
পরের শুক্রবারের	next_wd:fri
আসছে শুক্রবারের	next_wd:fri
গত শুক্রবারের	prev_wd:fri
আগের শুক্রবারের	prev_wd:fri
প্রতি শুক্রবারের	every_wd:fri
প্রত্যেক শুক্রবারের	every_wd:fri
শুক্রবারের এর মধ্যে	<wd:fri
শুক্রবারের এর আগে	<wd:fri
শুক্রবারের এর পর	>wd:fri
শুক্রবারের পর্যন্ত	<wd:fri
শুক্রবারই	wd:fri
this শুক্রবারই	wd:fri
next শুক্রবারই	next_wd:fri
coming শুক্রবারই	next_wd:fri
upcoming শুক্রবারই	next_wd:fri
last শুক্রবারই	prev_wd:fri
previous শুক্রবারই	prev_wd:fri
past শুক্রবারই	prev_wd:fri
on শুক্রবারই	wd:fri
by শুক্রবারই	<wd:fri
before শুক্রবারই	<wd:fri
until শুক্রবারই	<wd:fri
till শুক্রবারই	<wd:fri
after শুক্রবারই	>wd:fri
every শুক্রবারই	every_wd:fri
each শুক্রবারই	every_wd:fri
শুক্রবারইs	every_wd:fri
on শুক্রবারইs	every_wd:fri
শুক্রবারই morning	wd:fri+daypart:morning
শুক্রবারই afternoon	wd:fri+daypart:afternoon
শুক্রবারই evening	wd:fri+daypart:evening
শুক্রবারই night	wd:fri+daypart:night
agami শুক্রবারই	next_wd:fri
porer শুক্রবারই	next_wd:fri
aschol শুক্রবারই	next_wd:fri
asha শুক্রবারই	next_wd:fri
gato শুক্রবারই	prev_wd:fri
ager শুক্রবারই	prev_wd:fri
proti শুক্রবারই	every_wd:fri
prottek শুক্রবারই	every_wd:fri
শুক্রবারই e	wd:fri
শুক্রবারই er	wd:fri
শুক্রবারই er moddhe	<wd:fri
শুক্রবারই er age	<wd:fri
শুক্রবারই er por	>wd:fri
শুক্রবারই porjonto	<wd:fri
আগামী শুক্রবারই	next_wd:fri
পরের শুক্রবারই	next_wd:fri
আসছে শুক্রবারই	next_wd:fri
গত শুক্রবারই	prev_wd:fri
আগের শুক্রবারই	prev_wd:fri
প্রতি শুক্রবারই	every_wd:fri
প্রত্যেক শুক্রবারই	every_wd:fri
শুক্রবারই এর মধ্যে	<wd:fri
শুক্রবারই এর আগে	<wd:fri
শুক্রবারই এর পর	>wd:fri
শুক্রবারই পর্যন্ত	<wd:fri
শুক্রবার দিন	wd:fri
this শুক্রবার দিন	wd:fri
next শুক্রবার দিন	next_wd:fri
coming শুক্রবার দিন	next_wd:fri
upcoming শুক্রবার দিন	next_wd:fri
last শুক্রবার দিন	prev_wd:fri
previous শুক্রবার দিন	prev_wd:fri
past শুক্রবার দিন	prev_wd:fri
on শুক্রবার দিন	wd:fri
by শুক্রবার দিন	<wd:fri
before শুক্রবার দিন	<wd:fri
until শুক্রবার দিন	<wd:fri
till শুক্রবার দিন	<wd:fri
after শুক্রবার দিন	>wd:fri
every শুক্রবার দিন	every_wd:fri
each শুক্রবার দিন	every_wd:fri
শুক্রবার দিনs	every_wd:fri
on শুক্রবার দিনs	every_wd:fri
শুক্রবার দিন morning	wd:fri+daypart:morning
শুক্রবার দিন afternoon	wd:fri+daypart:afternoon
শুক্রবার দিন evening	wd:fri+daypart:evening
শুক্রবার দিন night	wd:fri+daypart:night
agami শুক্রবার দিন	next_wd:fri
porer শুক্রবার দিন	next_wd:fri
aschol শুক্রবার দিন	next_wd:fri
asha শুক্রবার দিন	next_wd:fri
gato শুক্রবার দিন	prev_wd:fri
ager শুক্রবার দিন	prev_wd:fri
proti শুক্রবার দিন	every_wd:fri
prottek শুক্রবার দিন	every_wd:fri
শুক্রবার দিন e	wd:fri
শুক্রবার দিন er	wd:fri
শুক্রবার দিন er moddhe	<wd:fri
শুক্রবার দিন er age	<wd:fri
শুক্রবার দিন er por	>wd:fri
শুক্রবার দিন porjonto	<wd:fri
আগামী শুক্রবার দিন	next_wd:fri
পরের শুক্রবার দিন	next_wd:fri
আসছে শুক্রবার দিন	next_wd:fri
গত শুক্রবার দিন	prev_wd:fri
আগের শুক্রবার দিন	prev_wd:fri
প্রতি শুক্রবার দিন	every_wd:fri
প্রত্যেক শুক্রবার দিন	every_wd:fri
শুক্রবার দিন এর মধ্যে	<wd:fri
শুক্রবার দিন এর আগে	<wd:fri
শুক্রবার দিন এর পর	>wd:fri
শুক্রবার দিন পর্যন্ত	<wd:fri
শুক্রবারেই	wd:fri
this শুক্রবারেই	wd:fri
next শুক্রবারেই	next_wd:fri
coming শুক্রবারেই	next_wd:fri
upcoming শুক্রবারেই	next_wd:fri
last শুক্রবারেই	prev_wd:fri
previous শুক্রবারেই	prev_wd:fri
past শুক্রবারেই	prev_wd:fri
on শুক্রবারেই	wd:fri
by শুক্রবারেই	<wd:fri
before শুক্রবারেই	<wd:fri
until শুক্রবারেই	<wd:fri
till শুক্রবারেই	<wd:fri
after শুক্রবারেই	>wd:fri
every শুক্রবারেই	every_wd:fri
each শুক্রবারেই	every_wd:fri
শুক্রবারেইs	every_wd:fri
on শুক্রবারেইs	every_wd:fri
শুক্রবারেই morning	wd:fri+daypart:morning
শুক্রবারেই afternoon	wd:fri+daypart:afternoon
শুক্রবারেই evening	wd:fri+daypart:evening
শুক্রবারেই night	wd:fri+daypart:night
agami শুক্রবারেই	next_wd:fri
porer শুক্রবারেই	next_wd:fri
aschol শুক্রবারেই	next_wd:fri
asha শুক্রবারেই	next_wd:fri
gato শুক্রবারেই	prev_wd:fri
ager শুক্রবারেই	prev_wd:fri
proti শুক্রবারেই	every_wd:fri
prottek শুক্রবারেই	every_wd:fri
শুক্রবারেই e	wd:fri
শুক্রবারেই er	wd:fri
শুক্রবারেই er moddhe	<wd:fri
শুক্রবারেই er age	<wd:fri
শুক্রবারেই er por	>wd:fri
শুক্রবারেই porjonto	<wd:fri
আগামী শুক্রবারেই	next_wd:fri
পরের শুক্রবারেই	next_wd:fri
আসছে শুক্রবারেই	next_wd:fri
গত শুক্রবারেই	prev_wd:fri
আগের শুক্রবারেই	prev_wd:fri
প্রতি শুক্রবারেই	every_wd:fri
প্রত্যেক শুক্রবারেই	every_wd:fri
শুক্রবারেই এর মধ্যে	<wd:fri
শুক্রবারেই এর আগে	<wd:fri
শুক্রবারেই এর পর	>wd:fri
শুক্রবারেই পর্যন্ত	<wd:fri
জুমার দিন	wd:fri
this জুমার দিন	wd:fri
next জুমার দিন	next_wd:fri
coming জুমার দিন	next_wd:fri
upcoming জুমার দিন	next_wd:fri
last জুমার দিন	prev_wd:fri
previous জুমার দিন	prev_wd:fri
past জুমার দিন	prev_wd:fri
on জুমার দিন	wd:fri
by জুমার দিন	<wd:fri
before জুমার দিন	<wd:fri
until জুমার দিন	<wd:fri
till জুমার দিন	<wd:fri
after জুমার দিন	>wd:fri
every জুমার দিন	every_wd:fri
each জুমার দিন	every_wd:fri
জুমার দিনs	every_wd:fri
on জুমার দিনs	every_wd:fri
জুমার দিন morning	wd:fri+daypart:morning
জুমার দিন afternoon	wd:fri+daypart:afternoon
জুমার দিন evening	wd:fri+daypart:evening
জুমার দিন night	wd:fri+daypart:night
agami জুমার দিন	next_wd:fri
porer জুমার দিন	next_wd:fri
aschol জুমার দিন	next_wd:fri
asha জুমার দিন	next_wd:fri
gato জুমার দিন	prev_wd:fri
ager জুমার দিন	prev_wd:fri
proti জুমার দিন	every_wd:fri
prottek জুমার দিন	every_wd:fri
জুমার দিন e	wd:fri
জুমার দিন er	wd:fri
জুমার দিন er moddhe	<wd:fri
জুমার দিন er age	<wd:fri
জুমার দিন er por	>wd:fri
জুমার দিন porjonto	<wd:fri
আগামী জুমার দিন	next_wd:fri
পরের জুমার দিন	next_wd:fri
আসছে জুমার দিন	next_wd:fri
গত জুমার দিন	prev_wd:fri
আগের জুমার দিন	prev_wd:fri
প্রতি জুমার দিন	every_wd:fri
প্রত্যেক জুমার দিন	every_wd:fri
জুমার দিন এর মধ্যে	<wd:fri
জুমার দিন এর আগে	<wd:fri
জুমার দিন এর পর	>wd:fri
জুমার দিন পর্যন্ত	<wd:fri
জুমার দিনে	wd:fri
this জুমার দিনে	wd:fri
next জুমার দিনে	next_wd:fri
coming জুমার দিনে	next_wd:fri
upcoming জুমার দিনে	next_wd:fri
last জুমার দিনে	prev_wd:fri
previous জুমার দিনে	prev_wd:fri
past জুমার দিনে	prev_wd:fri
on জুমার দিনে	wd:fri
by জুমার দিনে	<wd:fri
before জুমার দিনে	<wd:fri
until জুমার দিনে	<wd:fri
till জুমার দিনে	<wd:fri
after জুমার দিনে	>wd:fri
every জুমার দিনে	every_wd:fri
each জুমার দিনে	every_wd:fri
জুমার দিনেs	every_wd:fri
on জুমার দিনেs	every_wd:fri
জুমার দিনে morning	wd:fri+daypart:morning
জুমার দিনে afternoon	wd:fri+daypart:afternoon
জুমার দিনে evening	wd:fri+daypart:evening
জুমার দিনে night	wd:fri+daypart:night
agami জুমার দিনে	next_wd:fri
porer জুমার দিনে	next_wd:fri
aschol জুমার দিনে	next_wd:fri
asha জুমার দিনে	next_wd:fri
gato জুমার দিনে	prev_wd:fri
ager জুমার দিনে	prev_wd:fri
proti জুমার দিনে	every_wd:fri
prottek জুমার দিনে	every_wd:fri
জুমার দিনে e	wd:fri
জুমার দিনে er	wd:fri
জুমার দিনে er moddhe	<wd:fri
জুমার দিনে er age	<wd:fri
জুমার দিনে er por	>wd:fri
জুমার দিনে porjonto	<wd:fri
আগামী জুমার দিনে	next_wd:fri
পরের জুমার দিনে	next_wd:fri
আসছে জুমার দিনে	next_wd:fri
গত জুমার দিনে	prev_wd:fri
আগের জুমার দিনে	prev_wd:fri
প্রতি জুমার দিনে	every_wd:fri
প্রত্যেক জুমার দিনে	every_wd:fri
জুমার দিনে এর মধ্যে	<wd:fri
জুমার দিনে এর আগে	<wd:fri
জুমার দিনে এর পর	>wd:fri
জুমার দিনে পর্যন্ত	<wd:fri
saturday	wd:sat
this saturday	wd:sat
next saturday	next_wd:sat
coming saturday	next_wd:sat
upcoming saturday	next_wd:sat
last saturday	prev_wd:sat
previous saturday	prev_wd:sat
past saturday	prev_wd:sat
on saturday	wd:sat
by saturday	<wd:sat
before saturday	<wd:sat
until saturday	<wd:sat
till saturday	<wd:sat
after saturday	>wd:sat
every saturday	every_wd:sat
each saturday	every_wd:sat
saturdays	every_wd:sat
on saturdays	every_wd:sat
saturday morning	wd:sat+daypart:morning
saturday afternoon	wd:sat+daypart:afternoon
saturday evening	wd:sat+daypart:evening
saturday night	wd:sat+daypart:night
agami saturday	next_wd:sat
porer saturday	next_wd:sat
aschol saturday	next_wd:sat
asha saturday	next_wd:sat
gato saturday	prev_wd:sat
ager saturday	prev_wd:sat
proti saturday	every_wd:sat
prottek saturday	every_wd:sat
saturday e	wd:sat
saturday er	wd:sat
saturday er moddhe	<wd:sat
saturday er age	<wd:sat
saturday er por	>wd:sat
saturday porjonto	<wd:sat
আগামী saturday	next_wd:sat
পরের saturday	next_wd:sat
আসছে saturday	next_wd:sat
গত saturday	prev_wd:sat
আগের saturday	prev_wd:sat
প্রতি saturday	every_wd:sat
প্রত্যেক saturday	every_wd:sat
saturday এর মধ্যে	<wd:sat
saturday এর আগে	<wd:sat
saturday এর পর	>wd:sat
saturday পর্যন্ত	<wd:sat
sat	wd:sat
this sat	wd:sat
next sat	next_wd:sat
coming sat	next_wd:sat
upcoming sat	next_wd:sat
last sat	prev_wd:sat
previous sat	prev_wd:sat
past sat	prev_wd:sat
on sat	wd:sat
by sat	<wd:sat
before sat	<wd:sat
until sat	<wd:sat
till sat	<wd:sat
after sat	>wd:sat
every sat	every_wd:sat
each sat	every_wd:sat
sats	every_wd:sat
on sats	every_wd:sat
sat morning	wd:sat+daypart:morning
sat afternoon	wd:sat+daypart:afternoon
sat evening	wd:sat+daypart:evening
sat night	wd:sat+daypart:night
agami sat	next_wd:sat
porer sat	next_wd:sat
aschol sat	next_wd:sat
asha sat	next_wd:sat
gato sat	prev_wd:sat
ager sat	prev_wd:sat
proti sat	every_wd:sat
prottek sat	every_wd:sat
sat e	wd:sat
sat er	wd:sat
sat er moddhe	<wd:sat
sat er age	<wd:sat
sat er por	>wd:sat
sat porjonto	<wd:sat
আগামী sat	next_wd:sat
পরের sat	next_wd:sat
আসছে sat	next_wd:sat
গত sat	prev_wd:sat
আগের sat	prev_wd:sat
প্রতি sat	every_wd:sat
প্রত্যেক sat	every_wd:sat
sat এর মধ্যে	<wd:sat
sat এর আগে	<wd:sat
sat এর পর	>wd:sat
sat পর্যন্ত	<wd:sat
satur	wd:sat
this satur	wd:sat
next satur	next_wd:sat
coming satur	next_wd:sat
upcoming satur	next_wd:sat
last satur	prev_wd:sat
previous satur	prev_wd:sat
past satur	prev_wd:sat
on satur	wd:sat
by satur	<wd:sat
before satur	<wd:sat
until satur	<wd:sat
till satur	<wd:sat
after satur	>wd:sat
every satur	every_wd:sat
each satur	every_wd:sat
saturs	every_wd:sat
on saturs	every_wd:sat
satur morning	wd:sat+daypart:morning
satur afternoon	wd:sat+daypart:afternoon
satur evening	wd:sat+daypart:evening
satur night	wd:sat+daypart:night
agami satur	next_wd:sat
porer satur	next_wd:sat
aschol satur	next_wd:sat
asha satur	next_wd:sat
gato satur	prev_wd:sat
ager satur	prev_wd:sat
proti satur	every_wd:sat
prottek satur	every_wd:sat
satur e	wd:sat
satur er	wd:sat
satur er moddhe	<wd:sat
satur er age	<wd:sat
satur er por	>wd:sat
satur porjonto	<wd:sat
আগামী satur	next_wd:sat
পরের satur	next_wd:sat
আসছে satur	next_wd:sat
গত satur	prev_wd:sat
আগের satur	prev_wd:sat
প্রতি satur	every_wd:sat
প্রত্যেক satur	every_wd:sat
satur এর মধ্যে	<wd:sat
satur এর আগে	<wd:sat
satur এর পর	>wd:sat
satur পর্যন্ত	<wd:sat
saturdy	wd:sat
this saturdy	wd:sat
next saturdy	next_wd:sat
coming saturdy	next_wd:sat
upcoming saturdy	next_wd:sat
last saturdy	prev_wd:sat
previous saturdy	prev_wd:sat
past saturdy	prev_wd:sat
on saturdy	wd:sat
by saturdy	<wd:sat
before saturdy	<wd:sat
until saturdy	<wd:sat
till saturdy	<wd:sat
after saturdy	>wd:sat
every saturdy	every_wd:sat
each saturdy	every_wd:sat
saturdys	every_wd:sat
on saturdys	every_wd:sat
saturdy morning	wd:sat+daypart:morning
saturdy afternoon	wd:sat+daypart:afternoon
saturdy evening	wd:sat+daypart:evening
saturdy night	wd:sat+daypart:night
agami saturdy	next_wd:sat
porer saturdy	next_wd:sat
aschol saturdy	next_wd:sat
asha saturdy	next_wd:sat
gato saturdy	prev_wd:sat
ager saturdy	prev_wd:sat
proti saturdy	every_wd:sat
prottek saturdy	every_wd:sat
saturdy e	wd:sat
saturdy er	wd:sat
saturdy er moddhe	<wd:sat
saturdy er age	<wd:sat
saturdy er por	>wd:sat
saturdy porjonto	<wd:sat
আগামী saturdy	next_wd:sat
পরের saturdy	next_wd:sat
আসছে saturdy	next_wd:sat
গত saturdy	prev_wd:sat
আগের saturdy	prev_wd:sat
প্রতি saturdy	every_wd:sat
প্রত্যেক saturdy	every_wd:sat
saturdy এর মধ্যে	<wd:sat
saturdy এর আগে	<wd:sat
saturdy এর পর	>wd:sat
saturdy পর্যন্ত	<wd:sat
saterday	wd:sat
this saterday	wd:sat
next saterday	next_wd:sat
coming saterday	next_wd:sat
upcoming saterday	next_wd:sat
last saterday	prev_wd:sat
previous saterday	prev_wd:sat
past saterday	prev_wd:sat
on saterday	wd:sat
by saterday	<wd:sat
before saterday	<wd:sat
until saterday	<wd:sat
till saterday	<wd:sat
after saterday	>wd:sat
every saterday	every_wd:sat
each saterday	every_wd:sat
saterdays	every_wd:sat
on saterdays	every_wd:sat
saterday morning	wd:sat+daypart:morning
saterday afternoon	wd:sat+daypart:afternoon
saterday evening	wd:sat+daypart:evening
saterday night	wd:sat+daypart:night
agami saterday	next_wd:sat
porer saterday	next_wd:sat
aschol saterday	next_wd:sat
asha saterday	next_wd:sat
gato saterday	prev_wd:sat
ager saterday	prev_wd:sat
proti saterday	every_wd:sat
prottek saterday	every_wd:sat
saterday e	wd:sat
saterday er	wd:sat
saterday er moddhe	<wd:sat
saterday er age	<wd:sat
saterday er por	>wd:sat
saterday porjonto	<wd:sat
আগামী saterday	next_wd:sat
পরের saterday	next_wd:sat
আসছে saterday	next_wd:sat
গত saterday	prev_wd:sat
আগের saterday	prev_wd:sat
প্রতি saterday	every_wd:sat
প্রত্যেক saterday	every_wd:sat
saterday এর মধ্যে	<wd:sat
saterday এর আগে	<wd:sat
saterday এর পর	>wd:sat
saterday পর্যন্ত	<wd:sat
satarday	wd:sat
this satarday	wd:sat
next satarday	next_wd:sat
coming satarday	next_wd:sat
upcoming satarday	next_wd:sat
last satarday	prev_wd:sat
previous satarday	prev_wd:sat
past satarday	prev_wd:sat
on satarday	wd:sat
by satarday	<wd:sat
before satarday	<wd:sat
until satarday	<wd:sat
till satarday	<wd:sat
after satarday	>wd:sat
every satarday	every_wd:sat
each satarday	every_wd:sat
satardays	every_wd:sat
on satardays	every_wd:sat
satarday morning	wd:sat+daypart:morning
satarday afternoon	wd:sat+daypart:afternoon
satarday evening	wd:sat+daypart:evening
satarday night	wd:sat+daypart:night
agami satarday	next_wd:sat
porer satarday	next_wd:sat
aschol satarday	next_wd:sat
asha satarday	next_wd:sat
gato satarday	prev_wd:sat
ager satarday	prev_wd:sat
proti satarday	every_wd:sat
prottek satarday	every_wd:sat
satarday e	wd:sat
satarday er	wd:sat
satarday er moddhe	<wd:sat
satarday er age	<wd:sat
satarday er por	>wd:sat
satarday porjonto	<wd:sat
আগামী satarday	next_wd:sat
পরের satarday	next_wd:sat
আসছে satarday	next_wd:sat
গত satarday	prev_wd:sat
আগের satarday	prev_wd:sat
প্রতি satarday	every_wd:sat
প্রত্যেক satarday	every_wd:sat
satarday এর মধ্যে	<wd:sat
satarday এর আগে	<wd:sat
satarday এর পর	>wd:sat
satarday পর্যন্ত	<wd:sat
sataurday	wd:sat
this sataurday	wd:sat
next sataurday	next_wd:sat
coming sataurday	next_wd:sat
upcoming sataurday	next_wd:sat
last sataurday	prev_wd:sat
previous sataurday	prev_wd:sat
past sataurday	prev_wd:sat
on sataurday	wd:sat
by sataurday	<wd:sat
before sataurday	<wd:sat
until sataurday	<wd:sat
till sataurday	<wd:sat
after sataurday	>wd:sat
every sataurday	every_wd:sat
each sataurday	every_wd:sat
sataurdays	every_wd:sat
on sataurdays	every_wd:sat
sataurday morning	wd:sat+daypart:morning
sataurday afternoon	wd:sat+daypart:afternoon
sataurday evening	wd:sat+daypart:evening
sataurday night	wd:sat+daypart:night
agami sataurday	next_wd:sat
porer sataurday	next_wd:sat
aschol sataurday	next_wd:sat
asha sataurday	next_wd:sat
gato sataurday	prev_wd:sat
ager sataurday	prev_wd:sat
proti sataurday	every_wd:sat
prottek sataurday	every_wd:sat
sataurday e	wd:sat
sataurday er	wd:sat
sataurday er moddhe	<wd:sat
sataurday er age	<wd:sat
sataurday er por	>wd:sat
sataurday porjonto	<wd:sat
আগামী sataurday	next_wd:sat
পরের sataurday	next_wd:sat
আসছে sataurday	next_wd:sat
গত sataurday	prev_wd:sat
আগের sataurday	prev_wd:sat
প্রতি sataurday	every_wd:sat
প্রত্যেক sataurday	every_wd:sat
sataurday এর মধ্যে	<wd:sat
sataurday এর আগে	<wd:sat
sataurday এর পর	>wd:sat
sataurday পর্যন্ত	<wd:sat
shanibar	wd:sat
this shanibar	wd:sat
next shanibar	next_wd:sat
coming shanibar	next_wd:sat
upcoming shanibar	next_wd:sat
last shanibar	prev_wd:sat
previous shanibar	prev_wd:sat
past shanibar	prev_wd:sat
on shanibar	wd:sat
by shanibar	<wd:sat
before shanibar	<wd:sat
until shanibar	<wd:sat
till shanibar	<wd:sat
after shanibar	>wd:sat
every shanibar	every_wd:sat
each shanibar	every_wd:sat
shanibars	every_wd:sat
on shanibars	every_wd:sat
shanibar morning	wd:sat+daypart:morning
shanibar afternoon	wd:sat+daypart:afternoon
shanibar evening	wd:sat+daypart:evening
shanibar night	wd:sat+daypart:night
agami shanibar	next_wd:sat
porer shanibar	next_wd:sat
aschol shanibar	next_wd:sat
asha shanibar	next_wd:sat
gato shanibar	prev_wd:sat
ager shanibar	prev_wd:sat
proti shanibar	every_wd:sat
prottek shanibar	every_wd:sat
shanibar e	wd:sat
shanibar er	wd:sat
shanibar er moddhe	<wd:sat
shanibar er age	<wd:sat
shanibar er por	>wd:sat
shanibar porjonto	<wd:sat
আগামী shanibar	next_wd:sat
পরের shanibar	next_wd:sat
আসছে shanibar	next_wd:sat
গত shanibar	prev_wd:sat
আগের shanibar	prev_wd:sat
প্রতি shanibar	every_wd:sat
প্রত্যেক shanibar	every_wd:sat
shanibar এর মধ্যে	<wd:sat
shanibar এর আগে	<wd:sat
shanibar এর পর	>wd:sat
shanibar পর্যন্ত	<wd:sat
sanibar	wd:sat
this sanibar	wd:sat
next sanibar	next_wd:sat
coming sanibar	next_wd:sat
upcoming sanibar	next_wd:sat
last sanibar	prev_wd:sat
previous sanibar	prev_wd:sat
past sanibar	prev_wd:sat
on sanibar	wd:sat
by sanibar	<wd:sat
before sanibar	<wd:sat
until sanibar	<wd:sat
till sanibar	<wd:sat
after sanibar	>wd:sat
every sanibar	every_wd:sat
each sanibar	every_wd:sat
sanibars	every_wd:sat
on sanibars	every_wd:sat
sanibar morning	wd:sat+daypart:morning
sanibar afternoon	wd:sat+daypart:afternoon
sanibar evening	wd:sat+daypart:evening
sanibar night	wd:sat+daypart:night
agami sanibar	next_wd:sat
porer sanibar	next_wd:sat
aschol sanibar	next_wd:sat
asha sanibar	next_wd:sat
gato sanibar	prev_wd:sat
ager sanibar	prev_wd:sat
proti sanibar	every_wd:sat
prottek sanibar	every_wd:sat
sanibar e	wd:sat
sanibar er	wd:sat
sanibar er moddhe	<wd:sat
sanibar er age	<wd:sat
sanibar er por	>wd:sat
sanibar porjonto	<wd:sat
আগামী sanibar	next_wd:sat
পরের sanibar	next_wd:sat
আসছে sanibar	next_wd:sat
গত sanibar	prev_wd:sat
আগের sanibar	prev_wd:sat
প্রতি sanibar	every_wd:sat
প্রত্যেক sanibar	every_wd:sat
sanibar এর মধ্যে	<wd:sat
sanibar এর আগে	<wd:sat
sanibar এর পর	>wd:sat
sanibar পর্যন্ত	<wd:sat
shonibar	wd:sat
this shonibar	wd:sat
next shonibar	next_wd:sat
coming shonibar	next_wd:sat
upcoming shonibar	next_wd:sat
last shonibar	prev_wd:sat
previous shonibar	prev_wd:sat
past shonibar	prev_wd:sat
on shonibar	wd:sat
by shonibar	<wd:sat
before shonibar	<wd:sat
until shonibar	<wd:sat
till shonibar	<wd:sat
after shonibar	>wd:sat
every shonibar	every_wd:sat
each shonibar	every_wd:sat
shonibars	every_wd:sat
on shonibars	every_wd:sat
shonibar morning	wd:sat+daypart:morning
shonibar afternoon	wd:sat+daypart:afternoon
shonibar evening	wd:sat+daypart:evening
shonibar night	wd:sat+daypart:night
agami shonibar	next_wd:sat
porer shonibar	next_wd:sat
aschol shonibar	next_wd:sat
asha shonibar	next_wd:sat
gato shonibar	prev_wd:sat
ager shonibar	prev_wd:sat
proti shonibar	every_wd:sat
prottek shonibar	every_wd:sat
shonibar e	wd:sat
shonibar er	wd:sat
shonibar er moddhe	<wd:sat
shonibar er age	<wd:sat
shonibar er por	>wd:sat
shonibar porjonto	<wd:sat
আগামী shonibar	next_wd:sat
পরের shonibar	next_wd:sat
আসছে shonibar	next_wd:sat
গত shonibar	prev_wd:sat
আগের shonibar	prev_wd:sat
প্রতি shonibar	every_wd:sat
প্রত্যেক shonibar	every_wd:sat
shonibar এর মধ্যে	<wd:sat
shonibar এর আগে	<wd:sat
shonibar এর পর	>wd:sat
shonibar পর্যন্ত	<wd:sat
sonibar	wd:sat
this sonibar	wd:sat
next sonibar	next_wd:sat
coming sonibar	next_wd:sat
upcoming sonibar	next_wd:sat
last sonibar	prev_wd:sat
previous sonibar	prev_wd:sat
past sonibar	prev_wd:sat
on sonibar	wd:sat
by sonibar	<wd:sat
before sonibar	<wd:sat
until sonibar	<wd:sat
till sonibar	<wd:sat
after sonibar	>wd:sat
every sonibar	every_wd:sat
each sonibar	every_wd:sat
sonibars	every_wd:sat
on sonibars	every_wd:sat
sonibar morning	wd:sat+daypart:morning
sonibar afternoon	wd:sat+daypart:afternoon
sonibar evening	wd:sat+daypart:evening
sonibar night	wd:sat+daypart:night
agami sonibar	next_wd:sat
porer sonibar	next_wd:sat
aschol sonibar	next_wd:sat
asha sonibar	next_wd:sat
gato sonibar	prev_wd:sat
ager sonibar	prev_wd:sat
proti sonibar	every_wd:sat
prottek sonibar	every_wd:sat
sonibar e	wd:sat
sonibar er	wd:sat
sonibar er moddhe	<wd:sat
sonibar er age	<wd:sat
sonibar er por	>wd:sat
sonibar porjonto	<wd:sat
আগামী sonibar	next_wd:sat
পরের sonibar	next_wd:sat
আসছে sonibar	next_wd:sat
গত sonibar	prev_wd:sat
আগের sonibar	prev_wd:sat
প্রতি sonibar	every_wd:sat
প্রত্যেক sonibar	every_wd:sat
sonibar এর মধ্যে	<wd:sat
sonibar এর আগে	<wd:sat
sonibar এর পর	>wd:sat
sonibar পর্যন্ত	<wd:sat
shoni bar	wd:sat
this shoni bar	wd:sat
next shoni bar	next_wd:sat
coming shoni bar	next_wd:sat
upcoming shoni bar	next_wd:sat
last shoni bar	prev_wd:sat
previous shoni bar	prev_wd:sat
past shoni bar	prev_wd:sat
on shoni bar	wd:sat
by shoni bar	<wd:sat
before shoni bar	<wd:sat
until shoni bar	<wd:sat
till shoni bar	<wd:sat
after shoni bar	>wd:sat
every shoni bar	every_wd:sat
each shoni bar	every_wd:sat
shoni bars	every_wd:sat
on shoni bars	every_wd:sat
shoni bar morning	wd:sat+daypart:morning
shoni bar afternoon	wd:sat+daypart:afternoon
shoni bar evening	wd:sat+daypart:evening
shoni bar night	wd:sat+daypart:night
agami shoni bar	next_wd:sat
porer shoni bar	next_wd:sat
aschol shoni bar	next_wd:sat
asha shoni bar	next_wd:sat
gato shoni bar	prev_wd:sat
ager shoni bar	prev_wd:sat
proti shoni bar	every_wd:sat
prottek shoni bar	every_wd:sat
shoni bar e	wd:sat
shoni bar er	wd:sat
shoni bar er moddhe	<wd:sat
shoni bar er age	<wd:sat
shoni bar er por	>wd:sat
shoni bar porjonto	<wd:sat
আগামী shoni bar	next_wd:sat
পরের shoni bar	next_wd:sat
আসছে shoni bar	next_wd:sat
গত shoni bar	prev_wd:sat
আগের shoni bar	prev_wd:sat
প্রতি shoni bar	every_wd:sat
প্রত্যেক shoni bar	every_wd:sat
shoni bar এর মধ্যে	<wd:sat
shoni bar এর আগে	<wd:sat
shoni bar এর পর	>wd:sat
shoni bar পর্যন্ত	<wd:sat
soni bar	wd:sat
this soni bar	wd:sat
next soni bar	next_wd:sat
coming soni bar	next_wd:sat
upcoming soni bar	next_wd:sat
last soni bar	prev_wd:sat
previous soni bar	prev_wd:sat
past soni bar	prev_wd:sat
on soni bar	wd:sat
by soni bar	<wd:sat
before soni bar	<wd:sat
until soni bar	<wd:sat
till soni bar	<wd:sat
after soni bar	>wd:sat
every soni bar	every_wd:sat
each soni bar	every_wd:sat
soni bars	every_wd:sat
on soni bars	every_wd:sat
soni bar morning	wd:sat+daypart:morning
soni bar afternoon	wd:sat+daypart:afternoon
soni bar evening	wd:sat+daypart:evening
soni bar night	wd:sat+daypart:night
agami soni bar	next_wd:sat
porer soni bar	next_wd:sat
aschol soni bar	next_wd:sat
asha soni bar	next_wd:sat
gato soni bar	prev_wd:sat
ager soni bar	prev_wd:sat
proti soni bar	every_wd:sat
prottek soni bar	every_wd:sat
soni bar e	wd:sat
soni bar er	wd:sat
soni bar er moddhe	<wd:sat
soni bar er age	<wd:sat
soni bar er por	>wd:sat
soni bar porjonto	<wd:sat
আগামী soni bar	next_wd:sat
পরের soni bar	next_wd:sat
আসছে soni bar	next_wd:sat
গত soni bar	prev_wd:sat
আগের soni bar	prev_wd:sat
প্রতি soni bar	every_wd:sat
প্রত্যেক soni bar	every_wd:sat
soni bar এর মধ্যে	<wd:sat
soni bar এর আগে	<wd:sat
soni bar এর পর	>wd:sat
soni bar পর্যন্ত	<wd:sat
shanibaar	wd:sat
this shanibaar	wd:sat
next shanibaar	next_wd:sat
coming shanibaar	next_wd:sat
upcoming shanibaar	next_wd:sat
last shanibaar	prev_wd:sat
previous shanibaar	prev_wd:sat
past shanibaar	prev_wd:sat
on shanibaar	wd:sat
by shanibaar	<wd:sat
before shanibaar	<wd:sat
until shanibaar	<wd:sat
till shanibaar	<wd:sat
after shanibaar	>wd:sat
every shanibaar	every_wd:sat
each shanibaar	every_wd:sat
shanibaars	every_wd:sat
on shanibaars	every_wd:sat
shanibaar morning	wd:sat+daypart:morning
shanibaar afternoon	wd:sat+daypart:afternoon
shanibaar evening	wd:sat+daypart:evening
shanibaar night	wd:sat+daypart:night
agami shanibaar	next_wd:sat
porer shanibaar	next_wd:sat
aschol shanibaar	next_wd:sat
asha shanibaar	next_wd:sat
gato shanibaar	prev_wd:sat
ager shanibaar	prev_wd:sat
proti shanibaar	every_wd:sat
prottek shanibaar	every_wd:sat
shanibaar e	wd:sat
shanibaar er	wd:sat
shanibaar er moddhe	<wd:sat
shanibaar er age	<wd:sat
shanibaar er por	>wd:sat
shanibaar porjonto	<wd:sat
আগামী shanibaar	next_wd:sat
পরের shanibaar	next_wd:sat
আসছে shanibaar	next_wd:sat
গত shanibaar	prev_wd:sat
আগের shanibaar	prev_wd:sat
প্রতি shanibaar	every_wd:sat
প্রত্যেক shanibaar	every_wd:sat
shanibaar এর মধ্যে	<wd:sat
shanibaar এর আগে	<wd:sat
shanibaar এর পর	>wd:sat
shanibaar পর্যন্ত	<wd:sat
শনিবার	wd:sat
this শনিবার	wd:sat
next শনিবার	next_wd:sat
coming শনিবার	next_wd:sat
upcoming শনিবার	next_wd:sat
last শনিবার	prev_wd:sat
previous শনিবার	prev_wd:sat
past শনিবার	prev_wd:sat
on শনিবার	wd:sat
by শনিবার	<wd:sat
before শনিবার	<wd:sat
until শনিবার	<wd:sat
till শনিবার	<wd:sat
after শনিবার	>wd:sat
every শনিবার	every_wd:sat
each শনিবার	every_wd:sat
শনিবারs	every_wd:sat
on শনিবারs	every_wd:sat
শনিবার morning	wd:sat+daypart:morning
শনিবার afternoon	wd:sat+daypart:afternoon
শনিবার evening	wd:sat+daypart:evening
শনিবার night	wd:sat+daypart:night
agami শনিবার	next_wd:sat
porer শনিবার	next_wd:sat
aschol শনিবার	next_wd:sat
asha শনিবার	next_wd:sat
gato শনিবার	prev_wd:sat
ager শনিবার	prev_wd:sat
proti শনিবার	every_wd:sat
prottek শনিবার	every_wd:sat
শনিবার e	wd:sat
শনিবার er	wd:sat
শনিবার er moddhe	<wd:sat
শনিবার er age	<wd:sat
শনিবার er por	>wd:sat
শনিবার porjonto	<wd:sat
আগামী শনিবার	next_wd:sat
পরের শনিবার	next_wd:sat
আসছে শনিবার	next_wd:sat
গত শনিবার	prev_wd:sat
আগের শনিবার	prev_wd:sat
প্রতি শনিবার	every_wd:sat
প্রত্যেক শনিবার	every_wd:sat
শনিবার এর মধ্যে	<wd:sat
শনিবার এর আগে	<wd:sat
শনিবার এর পর	>wd:sat
শনিবার পর্যন্ত	<wd:sat
শনিবারে	wd:sat
this শনিবারে	wd:sat
next শনিবারে	next_wd:sat
coming শনিবারে	next_wd:sat
upcoming শনিবারে	next_wd:sat
last শনিবারে	prev_wd:sat
previous শনিবারে	prev_wd:sat
past শনিবারে	prev_wd:sat
on শনিবারে	wd:sat
by শনিবারে	<wd:sat
before শনিবারে	<wd:sat
until শনিবারে	<wd:sat
till শনিবারে	<wd:sat
after শনিবারে	>wd:sat
every শনিবারে	every_wd:sat
each শনিবারে	every_wd:sat
শনিবারেs	every_wd:sat
on শনিবারেs	every_wd:sat
শনিবারে morning	wd:sat+daypart:morning
শনিবারে afternoon	wd:sat+daypart:afternoon
শনিবারে evening	wd:sat+daypart:evening
শনিবারে night	wd:sat+daypart:night
agami শনিবারে	next_wd:sat
porer শনিবারে	next_wd:sat
aschol শনিবারে	next_wd:sat
asha শনিবারে	next_wd:sat
gato শনিবারে	prev_wd:sat
ager শনিবারে	prev_wd:sat
proti শনিবারে	every_wd:sat
prottek শনিবারে	every_wd:sat
শনিবারে e	wd:sat
শনিবারে er	wd:sat
শনিবারে er moddhe	<wd:sat
শনিবারে er age	<wd:sat
শনিবারে er por	>wd:sat
শনিবারে porjonto	<wd:sat
আগামী শনিবারে	next_wd:sat
পরের শনিবারে	next_wd:sat
আসছে শনিবারে	next_wd:sat
গত শনিবারে	prev_wd:sat
আগের শনিবারে	prev_wd:sat
প্রতি শনিবারে	every_wd:sat
প্রত্যেক শনিবারে	every_wd:sat
শনিবারে এর মধ্যে	<wd:sat
শনিবারে এর আগে	<wd:sat
শনিবারে এর পর	>wd:sat
শনিবারে পর্যন্ত	<wd:sat
শনি	wd:sat
this শনি	wd:sat
next শনি	next_wd:sat
coming শনি	next_wd:sat
upcoming শনি	next_wd:sat
last শনি	prev_wd:sat
previous শনি	prev_wd:sat
past শনি	prev_wd:sat
on শনি	wd:sat
by শনি	<wd:sat
before শনি	<wd:sat
until শনি	<wd:sat
till শনি	<wd:sat
after শনি	>wd:sat
every শনি	every_wd:sat
each শনি	every_wd:sat
শনিs	every_wd:sat
on শনিs	every_wd:sat
শনি morning	wd:sat+daypart:morning
শনি afternoon	wd:sat+daypart:afternoon
শনি evening	wd:sat+daypart:evening
শনি night	wd:sat+daypart:night
agami শনি	next_wd:sat
porer শনি	next_wd:sat
aschol শনি	next_wd:sat
asha শনি	next_wd:sat
gato শনি	prev_wd:sat
ager শনি	prev_wd:sat
proti শনি	every_wd:sat
prottek শনি	every_wd:sat
শনি e	wd:sat
শনি er	wd:sat
শনি er moddhe	<wd:sat
শনি er age	<wd:sat
শনি er por	>wd:sat
শনি porjonto	<wd:sat
আগামী শনি	next_wd:sat
পরের শনি	next_wd:sat
আসছে শনি	next_wd:sat
গত শনি	prev_wd:sat
আগের শনি	prev_wd:sat
প্রতি শনি	every_wd:sat
প্রত্যেক শনি	every_wd:sat
শনি এর মধ্যে	<wd:sat
শনি এর আগে	<wd:sat
শনি এর পর	>wd:sat
শনি পর্যন্ত	<wd:sat
শনিবারের	wd:sat
this শনিবারের	wd:sat
next শনিবারের	next_wd:sat
coming শনিবারের	next_wd:sat
upcoming শনিবারের	next_wd:sat
last শনিবারের	prev_wd:sat
previous শনিবারের	prev_wd:sat
past শনিবারের	prev_wd:sat
on শনিবারের	wd:sat
by শনিবারের	<wd:sat
before শনিবারের	<wd:sat
until শনিবারের	<wd:sat
till শনিবারের	<wd:sat
after শনিবারের	>wd:sat
every শনিবারের	every_wd:sat
each শনিবারের	every_wd:sat
শনিবারেরs	every_wd:sat
on শনিবারেরs	every_wd:sat
শনিবারের morning	wd:sat+daypart:morning
শনিবারের afternoon	wd:sat+daypart:afternoon
শনিবারের evening	wd:sat+daypart:evening
শনিবারের night	wd:sat+daypart:night
agami শনিবারের	next_wd:sat
porer শনিবারের	next_wd:sat
aschol শনিবারের	next_wd:sat
asha শনিবারের	next_wd:sat
gato শনিবারের	prev_wd:sat
ager শনিবারের	prev_wd:sat
proti শনিবারের	every_wd:sat
prottek শনিবারের	every_wd:sat
শনিবারের e	wd:sat
শনিবারের er	wd:sat
শনিবারের er moddhe	<wd:sat
শনিবারের er age	<wd:sat
শনিবারের er por	>wd:sat
শনিবারের porjonto	<wd:sat
আগামী শনিবারের	next_wd:sat
পরের শনিবারের	next_wd:sat
আসছে শনিবারের	next_wd:sat
গত শনিবারের	prev_wd:sat
আগের শনিবারের	prev_wd:sat
প্রতি শনিবারের	every_wd:sat
প্রত্যেক শনিবারের	every_wd:sat
শনিবারের এর মধ্যে	<wd:sat
শনিবারের এর আগে	<wd:sat
শনিবারের এর পর	>wd:sat
শনিবারের পর্যন্ত	<wd:sat
শনিবারই	wd:sat
this শনিবারই	wd:sat
next শনিবারই	next_wd:sat
coming শনিবারই	next_wd:sat
upcoming শনিবারই	next_wd:sat
last শনিবারই	prev_wd:sat
previous শনিবারই	prev_wd:sat
past শনিবারই	prev_wd:sat
on শনিবারই	wd:sat
by শনিবারই	<wd:sat
before শনিবারই	<wd:sat
until শনিবারই	<wd:sat
till শনিবারই	<wd:sat
after শনিবারই	>wd:sat
every শনিবারই	every_wd:sat
each শনিবারই	every_wd:sat
শনিবারইs	every_wd:sat
on শনিবারইs	every_wd:sat
শনিবারই morning	wd:sat+daypart:morning
শনিবারই afternoon	wd:sat+daypart:afternoon
শনিবারই evening	wd:sat+daypart:evening
শনিবারই night	wd:sat+daypart:night
agami শনিবারই	next_wd:sat
porer শনিবারই	next_wd:sat
aschol শনিবারই	next_wd:sat
asha শনিবারই	next_wd:sat
gato শনিবারই	prev_wd:sat
ager শনিবারই	prev_wd:sat
proti শনিবারই	every_wd:sat
prottek শনিবারই	every_wd:sat
শনিবারই e	wd:sat
শনিবারই er	wd:sat
শনিবারই er moddhe	<wd:sat
শনিবারই er age	<wd:sat
শনিবারই er por	>wd:sat
শনিবারই porjonto	<wd:sat
আগামী শনিবারই	next_wd:sat
পরের শনিবারই	next_wd:sat
আসছে শনিবারই	next_wd:sat
গত শনিবারই	prev_wd:sat
আগের শনিবারই	prev_wd:sat
প্রতি শনিবারই	every_wd:sat
প্রত্যেক শনিবারই	every_wd:sat
শনিবারই এর মধ্যে	<wd:sat
শনিবারই এর আগে	<wd:sat
শনিবারই এর পর	>wd:sat
শনিবারই পর্যন্ত	<wd:sat
শনিবার দিন	wd:sat
this শনিবার দিন	wd:sat
next শনিবার দিন	next_wd:sat
coming শনিবার দিন	next_wd:sat
upcoming শনিবার দিন	next_wd:sat
last শনিবার দিন	prev_wd:sat
previous শনিবার দিন	prev_wd:sat
past শনিবার দিন	prev_wd:sat
on শনিবার দিন	wd:sat
by শনিবার দিন	<wd:sat
before শনিবার দিন	<wd:sat
until শনিবার দিন	<wd:sat
till শনিবার দিন	<wd:sat
after শনিবার দিন	>wd:sat
every শনিবার দিন	every_wd:sat
each শনিবার দিন	every_wd:sat
শনিবার দিনs	every_wd:sat
on শনিবার দিনs	every_wd:sat
শনিবার দিন morning	wd:sat+daypart:morning
শনিবার দিন afternoon	wd:sat+daypart:afternoon
শনিবার দিন evening	wd:sat+daypart:evening
শনিবার দিন night	wd:sat+daypart:night
agami শনিবার দিন	next_wd:sat
porer শনিবার দিন	next_wd:sat
aschol শনিবার দিন	next_wd:sat
asha শনিবার দিন	next_wd:sat
gato শনিবার দিন	prev_wd:sat
ager শনিবার দিন	prev_wd:sat
proti শনিবার দিন	every_wd:sat
prottek শনিবার দিন	every_wd:sat
শনিবার দিন e	wd:sat
শনিবার দিন er	wd:sat
শনিবার দিন er moddhe	<wd:sat
শনিবার দিন er age	<wd:sat
শনিবার দিন er por	>wd:sat
শনিবার দিন porjonto	<wd:sat
আগামী শনিবার দিন	next_wd:sat
পরের শনিবার দিন	next_wd:sat
আসছে শনিবার দিন	next_wd:sat
গত শনিবার দিন	prev_wd:sat
আগের শনিবার দিন	prev_wd:sat
প্রতি শনিবার দিন	every_wd:sat
প্রত্যেক শনিবার দিন	every_wd:sat
শনিবার দিন এর মধ্যে	<wd:sat
শনিবার দিন এর আগে	<wd:sat
শনিবার দিন এর পর	>wd:sat
শনিবার দিন পর্যন্ত	<wd:sat
শনিবারেই	wd:sat
this শনিবারেই	wd:sat
next শনিবারেই	next_wd:sat
coming শনিবারেই	next_wd:sat
upcoming শনিবারেই	next_wd:sat
last শনিবারেই	prev_wd:sat
previous শনিবারেই	prev_wd:sat
past শনিবারেই	prev_wd:sat
on শনিবারেই	wd:sat
by শনিবারেই	<wd:sat
before শনিবারেই	<wd:sat
until শনিবারেই	<wd:sat
till শনিবারেই	<wd:sat
after শনিবারেই	>wd:sat
every শনিবারেই	every_wd:sat
each শনিবারেই	every_wd:sat
শনিবারেইs	every_wd:sat
on শনিবারেইs	every_wd:sat
শনিবারেই morning	wd:sat+daypart:morning
শনিবারেই afternoon	wd:sat+daypart:afternoon
শনিবারেই evening	wd:sat+daypart:evening
শনিবারেই night	wd:sat+daypart:night
agami শনিবারেই	next_wd:sat
porer শনিবারেই	next_wd:sat
aschol শনিবারেই	next_wd:sat
asha শনিবারেই	next_wd:sat
gato শনিবারেই	prev_wd:sat
ager শনিবারেই	prev_wd:sat
proti শনিবারেই	every_wd:sat
prottek শনিবারেই	every_wd:sat
শনিবারেই e	wd:sat
শনিবারেই er	wd:sat
শনিবারেই er moddhe	<wd:sat
শনিবারেই er age	<wd:sat
শনিবারেই er por	>wd:sat
শনিবারেই porjonto	<wd:sat
আগামী শনিবারেই	next_wd:sat
পরের শনিবারেই	next_wd:sat
আসছে শনিবারেই	next_wd:sat
গত শনিবারেই	prev_wd:sat
আগের শনিবারেই	prev_wd:sat
প্রতি শনিবারেই	every_wd:sat
প্রত্যেক শনিবারেই	every_wd:sat
শনিবারেই এর মধ্যে	<wd:sat
শনিবারেই এর আগে	<wd:sat
শনিবারেই এর পর	>wd:sat
শনিবারেই পর্যন্ত	<wd:sat
sunday	wd:sun
this sunday	wd:sun
next sunday	next_wd:sun
coming sunday	next_wd:sun
upcoming sunday	next_wd:sun
last sunday	prev_wd:sun
previous sunday	prev_wd:sun
past sunday	prev_wd:sun
on sunday	wd:sun
by sunday	<wd:sun
before sunday	<wd:sun
until sunday	<wd:sun
till sunday	<wd:sun
after sunday	>wd:sun
every sunday	every_wd:sun
each sunday	every_wd:sun
sundays	every_wd:sun
on sundays	every_wd:sun
sunday morning	wd:sun+daypart:morning
sunday afternoon	wd:sun+daypart:afternoon
sunday evening	wd:sun+daypart:evening
sunday night	wd:sun+daypart:night
agami sunday	next_wd:sun
porer sunday	next_wd:sun
aschol sunday	next_wd:sun
asha sunday	next_wd:sun
gato sunday	prev_wd:sun
ager sunday	prev_wd:sun
proti sunday	every_wd:sun
prottek sunday	every_wd:sun
sunday e	wd:sun
sunday er	wd:sun
sunday er moddhe	<wd:sun
sunday er age	<wd:sun
sunday er por	>wd:sun
sunday porjonto	<wd:sun
আগামী sunday	next_wd:sun
পরের sunday	next_wd:sun
আসছে sunday	next_wd:sun
গত sunday	prev_wd:sun
আগের sunday	prev_wd:sun
প্রতি sunday	every_wd:sun
প্রত্যেক sunday	every_wd:sun
sunday এর মধ্যে	<wd:sun
sunday এর আগে	<wd:sun
sunday এর পর	>wd:sun
sunday পর্যন্ত	<wd:sun
sun	wd:sun
this sun	wd:sun
next sun	next_wd:sun
coming sun	next_wd:sun
upcoming sun	next_wd:sun
last sun	prev_wd:sun
previous sun	prev_wd:sun
past sun	prev_wd:sun
on sun	wd:sun
by sun	<wd:sun
before sun	<wd:sun
until sun	<wd:sun
till sun	<wd:sun
after sun	>wd:sun
every sun	every_wd:sun
each sun	every_wd:sun
suns	every_wd:sun
on suns	every_wd:sun
sun morning	wd:sun+daypart:morning
sun afternoon	wd:sun+daypart:afternoon
sun evening	wd:sun+daypart:evening
sun night	wd:sun+daypart:night
agami sun	next_wd:sun
porer sun	next_wd:sun
aschol sun	next_wd:sun
asha sun	next_wd:sun
gato sun	prev_wd:sun
ager sun	prev_wd:sun
proti sun	every_wd:sun
prottek sun	every_wd:sun
sun e	wd:sun
sun er	wd:sun
sun er moddhe	<wd:sun
sun er age	<wd:sun
sun er por	>wd:sun
sun porjonto	<wd:sun
আগামী sun	next_wd:sun
পরের sun	next_wd:sun
আসছে sun	next_wd:sun
গত sun	prev_wd:sun
আগের sun	prev_wd:sun
প্রতি sun	every_wd:sun
প্রত্যেক sun	every_wd:sun
sun এর মধ্যে	<wd:sun
sun এর আগে	<wd:sun
sun এর পর	>wd:sun
sun পর্যন্ত	<wd:sun
sund	wd:sun
this sund	wd:sun
next sund	next_wd:sun
coming sund	next_wd:sun
upcoming sund	next_wd:sun
last sund	prev_wd:sun
previous sund	prev_wd:sun
past sund	prev_wd:sun
on sund	wd:sun
by sund	<wd:sun
before sund	<wd:sun
until sund	<wd:sun
till sund	<wd:sun
after sund	>wd:sun
every sund	every_wd:sun
each sund	every_wd:sun
sunds	every_wd:sun
on sunds	every_wd:sun
sund morning	wd:sun+daypart:morning
sund afternoon	wd:sun+daypart:afternoon
sund evening	wd:sun+daypart:evening
sund night	wd:sun+daypart:night
agami sund	next_wd:sun
porer sund	next_wd:sun
aschol sund	next_wd:sun
asha sund	next_wd:sun
gato sund	prev_wd:sun
ager sund	prev_wd:sun
proti sund	every_wd:sun
prottek sund	every_wd:sun
sund e	wd:sun
sund er	wd:sun
sund er moddhe	<wd:sun
sund er age	<wd:sun
sund er por	>wd:sun
sund porjonto	<wd:sun
আগামী sund	next_wd:sun
পরের sund	next_wd:sun
আসছে sund	next_wd:sun
গত sund	prev_wd:sun
আগের sund	prev_wd:sun
প্রতি sund	every_wd:sun
প্রত্যেক sund	every_wd:sun
sund এর মধ্যে	<wd:sun
sund এর আগে	<wd:sun
sund এর পর	>wd:sun
sund পর্যন্ত	<wd:sun
sundy	wd:sun
this sundy	wd:sun
next sundy	next_wd:sun
coming sundy	next_wd:sun
upcoming sundy	next_wd:sun
last sundy	prev_wd:sun
previous sundy	prev_wd:sun
past sundy	prev_wd:sun
on sundy	wd:sun
by sundy	<wd:sun
before sundy	<wd:sun
until sundy	<wd:sun
till sundy	<wd:sun
after sundy	>wd:sun
every sundy	every_wd:sun
each sundy	every_wd:sun
sundys	every_wd:sun
on sundys	every_wd:sun
sundy morning	wd:sun+daypart:morning
sundy afternoon	wd:sun+daypart:afternoon
sundy evening	wd:sun+daypart:evening
sundy night	wd:sun+daypart:night
agami sundy	next_wd:sun
porer sundy	next_wd:sun
aschol sundy	next_wd:sun
asha sundy	next_wd:sun
gato sundy	prev_wd:sun
ager sundy	prev_wd:sun
proti sundy	every_wd:sun
prottek sundy	every_wd:sun
sundy e	wd:sun
sundy er	wd:sun
sundy er moddhe	<wd:sun
sundy er age	<wd:sun
sundy er por	>wd:sun
sundy porjonto	<wd:sun
আগামী sundy	next_wd:sun
পরের sundy	next_wd:sun
আসছে sundy	next_wd:sun
গত sundy	prev_wd:sun
আগের sundy	prev_wd:sun
প্রতি sundy	every_wd:sun
প্রত্যেক sundy	every_wd:sun
sundy এর মধ্যে	<wd:sun
sundy এর আগে	<wd:sun
sundy এর পর	>wd:sun
sundy পর্যন্ত	<wd:sun
sonday	wd:sun
this sonday	wd:sun
next sonday	next_wd:sun
coming sonday	next_wd:sun
upcoming sonday	next_wd:sun
last sonday	prev_wd:sun
previous sonday	prev_wd:sun
past sonday	prev_wd:sun
on sonday	wd:sun
by sonday	<wd:sun
before sonday	<wd:sun
until sonday	<wd:sun
till sonday	<wd:sun
after sonday	>wd:sun
every sonday	every_wd:sun
each sonday	every_wd:sun
sondays	every_wd:sun
on sondays	every_wd:sun
sonday morning	wd:sun+daypart:morning
sonday afternoon	wd:sun+daypart:afternoon
sonday evening	wd:sun+daypart:evening
sonday night	wd:sun+daypart:night
agami sonday	next_wd:sun
porer sonday	next_wd:sun
aschol sonday	next_wd:sun
asha sonday	next_wd:sun
gato sonday	prev_wd:sun
ager sonday	prev_wd:sun
proti sonday	every_wd:sun
prottek sonday	every_wd:sun
sonday e	wd:sun
sonday er	wd:sun
sonday er moddhe	<wd:sun
sonday er age	<wd:sun
sonday er por	>wd:sun
sonday porjonto	<wd:sun
আগামী sonday	next_wd:sun
পরের sonday	next_wd:sun
আসছে sonday	next_wd:sun
গত sonday	prev_wd:sun
আগের sonday	prev_wd:sun
প্রতি sonday	every_wd:sun
প্রত্যেক sonday	every_wd:sun
sonday এর মধ্যে	<wd:sun
sonday এর আগে	<wd:sun
sonday এর পর	>wd:sun
sonday পর্যন্ত	<wd:sun
sunady	wd:sun
this sunady	wd:sun
next sunady	next_wd:sun
coming sunady	next_wd:sun
upcoming sunady	next_wd:sun
last sunady	prev_wd:sun
previous sunady	prev_wd:sun
past sunady	prev_wd:sun
on sunady	wd:sun
by sunady	<wd:sun
before sunady	<wd:sun
until sunady	<wd:sun
till sunady	<wd:sun
after sunady	>wd:sun
every sunady	every_wd:sun
each sunady	every_wd:sun
sunadys	every_wd:sun
on sunadys	every_wd:sun
sunady morning	wd:sun+daypart:morning
sunady afternoon	wd:sun+daypart:afternoon
sunady evening	wd:sun+daypart:evening
sunady night	wd:sun+daypart:night
agami sunady	next_wd:sun
porer sunady	next_wd:sun
aschol sunady	next_wd:sun
asha sunady	next_wd:sun
gato sunady	prev_wd:sun
ager sunady	prev_wd:sun
proti sunady	every_wd:sun
prottek sunady	every_wd:sun
sunady e	wd:sun
sunady er	wd:sun
sunady er moddhe	<wd:sun
sunady er age	<wd:sun
sunady er por	>wd:sun
sunady porjonto	<wd:sun
আগামী sunady	next_wd:sun
পরের sunady	next_wd:sun
আসছে sunady	next_wd:sun
গত sunady	prev_wd:sun
আগের sunady	prev_wd:sun
প্রতি sunady	every_wd:sun
প্রত্যেক sunady	every_wd:sun
sunady এর মধ্যে	<wd:sun
sunady এর আগে	<wd:sun
sunady এর পর	>wd:sun
sunady পর্যন্ত	<wd:sun
robibar	wd:sun
this robibar	wd:sun
next robibar	next_wd:sun
coming robibar	next_wd:sun
upcoming robibar	next_wd:sun
last robibar	prev_wd:sun
previous robibar	prev_wd:sun
past robibar	prev_wd:sun
on robibar	wd:sun
by robibar	<wd:sun
before robibar	<wd:sun
until robibar	<wd:sun
till robibar	<wd:sun
after robibar	>wd:sun
every robibar	every_wd:sun
each robibar	every_wd:sun
robibars	every_wd:sun
on robibars	every_wd:sun
robibar morning	wd:sun+daypart:morning
robibar afternoon	wd:sun+daypart:afternoon
robibar evening	wd:sun+daypart:evening
robibar night	wd:sun+daypart:night
agami robibar	next_wd:sun
porer robibar	next_wd:sun
aschol robibar	next_wd:sun
asha robibar	next_wd:sun
gato robibar	prev_wd:sun
ager robibar	prev_wd:sun
proti robibar	every_wd:sun
prottek robibar	every_wd:sun
robibar e	wd:sun
robibar er	wd:sun
robibar er moddhe	<wd:sun
robibar er age	<wd:sun
robibar er por	>wd:sun
robibar porjonto	<wd:sun
আগামী robibar	next_wd:sun
পরের robibar	next_wd:sun
আসছে robibar	next_wd:sun
গত robibar	prev_wd:sun
আগের robibar	prev_wd:sun
প্রতি robibar	every_wd:sun
প্রত্যেক robibar	every_wd:sun
robibar এর মধ্যে	<wd:sun
robibar এর আগে	<wd:sun
robibar এর পর	>wd:sun
robibar পর্যন্ত	<wd:sun
rabibar	wd:sun
this rabibar	wd:sun
next rabibar	next_wd:sun
coming rabibar	next_wd:sun
upcoming rabibar	next_wd:sun
last rabibar	prev_wd:sun
previous rabibar	prev_wd:sun
past rabibar	prev_wd:sun
on rabibar	wd:sun
by rabibar	<wd:sun
before rabibar	<wd:sun
until rabibar	<wd:sun
till rabibar	<wd:sun
after rabibar	>wd:sun
every rabibar	every_wd:sun
each rabibar	every_wd:sun
rabibars	every_wd:sun
on rabibars	every_wd:sun
rabibar morning	wd:sun+daypart:morning
rabibar afternoon	wd:sun+daypart:afternoon
rabibar evening	wd:sun+daypart:evening
rabibar night	wd:sun+daypart:night
agami rabibar	next_wd:sun
porer rabibar	next_wd:sun
aschol rabibar	next_wd:sun
asha rabibar	next_wd:sun
gato rabibar	prev_wd:sun
ager rabibar	prev_wd:sun
proti rabibar	every_wd:sun
prottek rabibar	every_wd:sun
rabibar e	wd:sun
rabibar er	wd:sun
rabibar er moddhe	<wd:sun
rabibar er age	<wd:sun
rabibar er por	>wd:sun
rabibar porjonto	<wd:sun
আগামী rabibar	next_wd:sun
পরের rabibar	next_wd:sun
আসছে rabibar	next_wd:sun
গত rabibar	prev_wd:sun
আগের rabibar	prev_wd:sun
প্রতি rabibar	every_wd:sun
প্রত্যেক rabibar	every_wd:sun
rabibar এর মধ্যে	<wd:sun
rabibar এর আগে	<wd:sun
rabibar এর পর	>wd:sun
rabibar পর্যন্ত	<wd:sun
robbibar	wd:sun
this robbibar	wd:sun
next robbibar	next_wd:sun
coming robbibar	next_wd:sun
upcoming robbibar	next_wd:sun
last robbibar	prev_wd:sun
previous robbibar	prev_wd:sun
past robbibar	prev_wd:sun
on robbibar	wd:sun
by robbibar	<wd:sun
before robbibar	<wd:sun
until robbibar	<wd:sun
till robbibar	<wd:sun
after robbibar	>wd:sun
every robbibar	every_wd:sun
each robbibar	every_wd:sun
robbibars	every_wd:sun
on robbibars	every_wd:sun
robbibar morning	wd:sun+daypart:morning
robbibar afternoon	wd:sun+daypart:afternoon
robbibar evening	wd:sun+daypart:evening
robbibar night	wd:sun+daypart:night
agami robbibar	next_wd:sun
porer robbibar	next_wd:sun
aschol robbibar	next_wd:sun
asha robbibar	next_wd:sun
gato robbibar	prev_wd:sun
ager robbibar	prev_wd:sun
proti robbibar	every_wd:sun
prottek robbibar	every_wd:sun
robbibar e	wd:sun
robbibar er	wd:sun
robbibar er moddhe	<wd:sun
robbibar er age	<wd:sun
robbibar er por	>wd:sun
robbibar porjonto	<wd:sun
আগামী robbibar	next_wd:sun
পরের robbibar	next_wd:sun
আসছে robbibar	next_wd:sun
গত robbibar	prev_wd:sun
আগের robbibar	prev_wd:sun
প্রতি robbibar	every_wd:sun
প্রত্যেক robbibar	every_wd:sun
robbibar এর মধ্যে	<wd:sun
robbibar এর আগে	<wd:sun
robbibar এর পর	>wd:sun
robbibar পর্যন্ত	<wd:sun
rabbibar	wd:sun
this rabbibar	wd:sun
next rabbibar	next_wd:sun
coming rabbibar	next_wd:sun
upcoming rabbibar	next_wd:sun
last rabbibar	prev_wd:sun
previous rabbibar	prev_wd:sun
past rabbibar	prev_wd:sun
on rabbibar	wd:sun
by rabbibar	<wd:sun
before rabbibar	<wd:sun
until rabbibar	<wd:sun
till rabbibar	<wd:sun
after rabbibar	>wd:sun
every rabbibar	every_wd:sun
each rabbibar	every_wd:sun
rabbibars	every_wd:sun
on rabbibars	every_wd:sun
rabbibar morning	wd:sun+daypart:morning
rabbibar afternoon	wd:sun+daypart:afternoon
rabbibar evening	wd:sun+daypart:evening
rabbibar night	wd:sun+daypart:night
agami rabbibar	next_wd:sun
porer rabbibar	next_wd:sun
aschol rabbibar	next_wd:sun
asha rabbibar	next_wd:sun
gato rabbibar	prev_wd:sun
ager rabbibar	prev_wd:sun
proti rabbibar	every_wd:sun
prottek rabbibar	every_wd:sun
rabbibar e	wd:sun
rabbibar er	wd:sun
rabbibar er moddhe	<wd:sun
rabbibar er age	<wd:sun
rabbibar er por	>wd:sun
rabbibar porjonto	<wd:sun
আগামী rabbibar	next_wd:sun
পরের rabbibar	next_wd:sun
আসছে rabbibar	next_wd:sun
গত rabbibar	prev_wd:sun
আগের rabbibar	prev_wd:sun
প্রতি rabbibar	every_wd:sun
প্রত্যেক rabbibar	every_wd:sun
rabbibar এর মধ্যে	<wd:sun
rabbibar এর আগে	<wd:sun
rabbibar এর পর	>wd:sun
rabbibar পর্যন্ত	<wd:sun
robi bar	wd:sun
this robi bar	wd:sun
next robi bar	next_wd:sun
coming robi bar	next_wd:sun
upcoming robi bar	next_wd:sun
last robi bar	prev_wd:sun
previous robi bar	prev_wd:sun
past robi bar	prev_wd:sun
on robi bar	wd:sun
by robi bar	<wd:sun
before robi bar	<wd:sun
until robi bar	<wd:sun
till robi bar	<wd:sun
after robi bar	>wd:sun
every robi bar	every_wd:sun
each robi bar	every_wd:sun
robi bars	every_wd:sun
on robi bars	every_wd:sun
robi bar morning	wd:sun+daypart:morning
robi bar afternoon	wd:sun+daypart:afternoon
robi bar evening	wd:sun+daypart:evening
robi bar night	wd:sun+daypart:night
agami robi bar	next_wd:sun
porer robi bar	next_wd:sun
aschol robi bar	next_wd:sun
asha robi bar	next_wd:sun
gato robi bar	prev_wd:sun
ager robi bar	prev_wd:sun
proti robi bar	every_wd:sun
prottek robi bar	every_wd:sun
robi bar e	wd:sun
robi bar er	wd:sun
robi bar er moddhe	<wd:sun
robi bar er age	<wd:sun
robi bar er por	>wd:sun
robi bar porjonto	<wd:sun
আগামী robi bar	next_wd:sun
পরের robi bar	next_wd:sun
আসছে robi bar	next_wd:sun
গত robi bar	prev_wd:sun
আগের robi bar	prev_wd:sun
প্রতি robi bar	every_wd:sun
প্রত্যেক robi bar	every_wd:sun
robi bar এর মধ্যে	<wd:sun
robi bar এর আগে	<wd:sun
robi bar এর পর	>wd:sun
robi bar পর্যন্ত	<wd:sun
rabi bar	wd:sun
this rabi bar	wd:sun
next rabi bar	next_wd:sun
coming rabi bar	next_wd:sun
upcoming rabi bar	next_wd:sun
last rabi bar	prev_wd:sun
previous rabi bar	prev_wd:sun
past rabi bar	prev_wd:sun
on rabi bar	wd:sun
by rabi bar	<wd:sun
before rabi bar	<wd:sun
until rabi bar	<wd:sun
till rabi bar	<wd:sun
after rabi bar	>wd:sun
every rabi bar	every_wd:sun
each rabi bar	every_wd:sun
rabi bars	every_wd:sun
on rabi bars	every_wd:sun
rabi bar morning	wd:sun+daypart:morning
rabi bar afternoon	wd:sun+daypart:afternoon
rabi bar evening	wd:sun+daypart:evening
rabi bar night	wd:sun+daypart:night
agami rabi bar	next_wd:sun
porer rabi bar	next_wd:sun
aschol rabi bar	next_wd:sun
asha rabi bar	next_wd:sun
gato rabi bar	prev_wd:sun
ager rabi bar	prev_wd:sun
proti rabi bar	every_wd:sun
prottek rabi bar	every_wd:sun
rabi bar e	wd:sun
rabi bar er	wd:sun
rabi bar er moddhe	<wd:sun
rabi bar er age	<wd:sun
rabi bar er por	>wd:sun
rabi bar porjonto	<wd:sun
আগামী rabi bar	next_wd:sun
পরের rabi bar	next_wd:sun
আসছে rabi bar	next_wd:sun
গত rabi bar	prev_wd:sun
আগের rabi bar	prev_wd:sun
প্রতি rabi bar	every_wd:sun
প্রত্যেক rabi bar	every_wd:sun
rabi bar এর মধ্যে	<wd:sun
rabi bar এর আগে	<wd:sun
rabi bar এর পর	>wd:sun
rabi bar পর্যন্ত	<wd:sun
robibaar	wd:sun
this robibaar	wd:sun
next robibaar	next_wd:sun
coming robibaar	next_wd:sun
upcoming robibaar	next_wd:sun
last robibaar	prev_wd:sun
previous robibaar	prev_wd:sun
past robibaar	prev_wd:sun
on robibaar	wd:sun
by robibaar	<wd:sun
before robibaar	<wd:sun
until robibaar	<wd:sun
till robibaar	<wd:sun
after robibaar	>wd:sun
every robibaar	every_wd:sun
each robibaar	every_wd:sun
robibaars	every_wd:sun
on robibaars	every_wd:sun
robibaar morning	wd:sun+daypart:morning
robibaar afternoon	wd:sun+daypart:afternoon
robibaar evening	wd:sun+daypart:evening
robibaar night	wd:sun+daypart:night
agami robibaar	next_wd:sun
porer robibaar	next_wd:sun
aschol robibaar	next_wd:sun
asha robibaar	next_wd:sun
gato robibaar	prev_wd:sun
ager robibaar	prev_wd:sun
proti robibaar	every_wd:sun
prottek robibaar	every_wd:sun
robibaar e	wd:sun
robibaar er	wd:sun
robibaar er moddhe	<wd:sun
robibaar er age	<wd:sun
robibaar er por	>wd:sun
robibaar porjonto	<wd:sun
আগামী robibaar	next_wd:sun
পরের robibaar	next_wd:sun
আসছে robibaar	next_wd:sun
গত robibaar	prev_wd:sun
আগের robibaar	prev_wd:sun
প্রতি robibaar	every_wd:sun
প্রত্যেক robibaar	every_wd:sun
robibaar এর মধ্যে	<wd:sun
robibaar এর আগে	<wd:sun
robibaar এর পর	>wd:sun
robibaar পর্যন্ত	<wd:sun
রবিবার	wd:sun
this রবিবার	wd:sun
next রবিবার	next_wd:sun
coming রবিবার	next_wd:sun
upcoming রবিবার	next_wd:sun
last রবিবার	prev_wd:sun
previous রবিবার	prev_wd:sun
past রবিবার	prev_wd:sun
on রবিবার	wd:sun
by রবিবার	<wd:sun
before রবিবার	<wd:sun
until রবিবার	<wd:sun
till রবিবার	<wd:sun
after রবিবার	>wd:sun
every রবিবার	every_wd:sun
each রবিবার	every_wd:sun
রবিবারs	every_wd:sun
on রবিবারs	every_wd:sun
রবিবার morning	wd:sun+daypart:morning
রবিবার afternoon	wd:sun+daypart:afternoon
রবিবার evening	wd:sun+daypart:evening
রবিবার night	wd:sun+daypart:night
agami রবিবার	next_wd:sun
porer রবিবার	next_wd:sun
aschol রবিবার	next_wd:sun
asha রবিবার	next_wd:sun
gato রবিবার	prev_wd:sun
ager রবিবার	prev_wd:sun
proti রবিবার	every_wd:sun
prottek রবিবার	every_wd:sun
রবিবার e	wd:sun
রবিবার er	wd:sun
রবিবার er moddhe	<wd:sun
রবিবার er age	<wd:sun
রবিবার er por	>wd:sun
রবিবার porjonto	<wd:sun
আগামী রবিবার	next_wd:sun
পরের রবিবার	next_wd:sun
আসছে রবিবার	next_wd:sun
গত রবিবার	prev_wd:sun
আগের রবিবার	prev_wd:sun
প্রতি রবিবার	every_wd:sun
প্রত্যেক রবিবার	every_wd:sun
রবিবার এর মধ্যে	<wd:sun
রবিবার এর আগে	<wd:sun
রবিবার এর পর	>wd:sun
রবিবার পর্যন্ত	<wd:sun
রবিবারে	wd:sun
this রবিবারে	wd:sun
next রবিবারে	next_wd:sun
coming রবিবারে	next_wd:sun
upcoming রবিবারে	next_wd:sun
last রবিবারে	prev_wd:sun
previous রবিবারে	prev_wd:sun
past রবিবারে	prev_wd:sun
on রবিবারে	wd:sun
by রবিবারে	<wd:sun
before রবিবারে	<wd:sun
until রবিবারে	<wd:sun
till রবিবারে	<wd:sun
after রবিবারে	>wd:sun
every রবিবারে	every_wd:sun
each রবিবারে	every_wd:sun
রবিবারেs	every_wd:sun
on রবিবারেs	every_wd:sun
রবিবারে morning	wd:sun+daypart:morning
রবিবারে afternoon	wd:sun+daypart:afternoon
রবিবারে evening	wd:sun+daypart:evening
রবিবারে night	wd:sun+daypart:night
agami রবিবারে	next_wd:sun
porer রবিবারে	next_wd:sun
aschol রবিবারে	next_wd:sun
asha রবিবারে	next_wd:sun
gato রবিবারে	prev_wd:sun
ager রবিবারে	prev_wd:sun
proti রবিবারে	every_wd:sun
prottek রবিবারে	every_wd:sun
রবিবারে e	wd:sun
রবিবারে er	wd:sun
রবিবারে er moddhe	<wd:sun
রবিবারে er age	<wd:sun
রবিবারে er por	>wd:sun
রবিবারে porjonto	<wd:sun
আগামী রবিবারে	next_wd:sun
পরের রবিবারে	next_wd:sun
আসছে রবিবারে	next_wd:sun
গত রবিবারে	prev_wd:sun
আগের রবিবারে	prev_wd:sun
প্রতি রবিবারে	every_wd:sun
প্রত্যেক রবিবারে	every_wd:sun
রবিবারে এর মধ্যে	<wd:sun
রবিবারে এর আগে	<wd:sun
রবিবারে এর পর	>wd:sun
রবিবারে পর্যন্ত	<wd:sun
রবি	wd:sun
this রবি	wd:sun
next রবি	next_wd:sun
coming রবি	next_wd:sun
upcoming রবি	next_wd:sun
last রবি	prev_wd:sun
previous রবি	prev_wd:sun
past রবি	prev_wd:sun
on রবি	wd:sun
by রবি	<wd:sun
before রবি	<wd:sun
until রবি	<wd:sun
till রবি	<wd:sun
after রবি	>wd:sun
every রবি	every_wd:sun
each রবি	every_wd:sun
রবিs	every_wd:sun
on রবিs	every_wd:sun
রবি morning	wd:sun+daypart:morning
রবি afternoon	wd:sun+daypart:afternoon
রবি evening	wd:sun+daypart:evening
রবি night	wd:sun+daypart:night
agami রবি	next_wd:sun
porer রবি	next_wd:sun
aschol রবি	next_wd:sun
asha রবি	next_wd:sun
gato রবি	prev_wd:sun
ager রবি	prev_wd:sun
proti রবি	every_wd:sun
prottek রবি	every_wd:sun
রবি e	wd:sun
রবি er	wd:sun
রবি er moddhe	<wd:sun
রবি er age	<wd:sun
রবি er por	>wd:sun
রবি porjonto	<wd:sun
আগামী রবি	next_wd:sun
পরের রবি	next_wd:sun
আসছে রবি	next_wd:sun
গত রবি	prev_wd:sun
আগের রবি	prev_wd:sun
প্রতি রবি	every_wd:sun
প্রত্যেক রবি	every_wd:sun
রবি এর মধ্যে	<wd:sun
রবি এর আগে	<wd:sun
রবি এর পর	>wd:sun
রবি পর্যন্ত	<wd:sun
রবিবারের	wd:sun
this রবিবারের	wd:sun
next রবিবারের	next_wd:sun
coming রবিবারের	next_wd:sun
upcoming রবিবারের	next_wd:sun
last রবিবারের	prev_wd:sun
previous রবিবারের	prev_wd:sun
past রবিবারের	prev_wd:sun
on রবিবারের	wd:sun
by রবিবারের	<wd:sun
before রবিবারের	<wd:sun
until রবিবারের	<wd:sun
till রবিবারের	<wd:sun
after রবিবারের	>wd:sun
every রবিবারের	every_wd:sun
each রবিবারের	every_wd:sun
রবিবারেরs	every_wd:sun
on রবিবারেরs	every_wd:sun
রবিবারের morning	wd:sun+daypart:morning
রবিবারের afternoon	wd:sun+daypart:afternoon
রবিবারের evening	wd:sun+daypart:evening
রবিবারের night	wd:sun+daypart:night
agami রবিবারের	next_wd:sun
porer রবিবারের	next_wd:sun
aschol রবিবারের	next_wd:sun
asha রবিবারের	next_wd:sun
gato রবিবারের	prev_wd:sun
ager রবিবারের	prev_wd:sun
proti রবিবারের	every_wd:sun
prottek রবিবারের	every_wd:sun
রবিবারের e	wd:sun
রবিবারের er	wd:sun
রবিবারের er moddhe	<wd:sun
রবিবারের er age	<wd:sun
রবিবারের er por	>wd:sun
রবিবারের porjonto	<wd:sun
আগামী রবিবারের	next_wd:sun
পরের রবিবারের	next_wd:sun
আসছে রবিবারের	next_wd:sun
গত রবিবারের	prev_wd:sun
আগের রবিবারের	prev_wd:sun
প্রতি রবিবারের	every_wd:sun
প্রত্যেক রবিবারের	every_wd:sun
রবিবারের এর মধ্যে	<wd:sun
রবিবারের এর আগে	<wd:sun
রবিবারের এর পর	>wd:sun
রবিবারের পর্যন্ত	<wd:sun
রবিবারই	wd:sun
this রবিবারই	wd:sun
next রবিবারই	next_wd:sun
coming রবিবারই	next_wd:sun
upcoming রবিবারই	next_wd:sun
last রবিবারই	prev_wd:sun
previous রবিবারই	prev_wd:sun
past রবিবারই	prev_wd:sun
on রবিবারই	wd:sun
by রবিবারই	<wd:sun
before রবিবারই	<wd:sun
until রবিবারই	<wd:sun
till রবিবারই	<wd:sun
after রবিবারই	>wd:sun
every রবিবারই	every_wd:sun
each রবিবারই	every_wd:sun
রবিবারইs	every_wd:sun
on রবিবারইs	every_wd:sun
রবিবারই morning	wd:sun+daypart:morning
রবিবারই afternoon	wd:sun+daypart:afternoon
রবিবারই evening	wd:sun+daypart:evening
রবিবারই night	wd:sun+daypart:night
agami রবিবারই	next_wd:sun
porer রবিবারই	next_wd:sun
aschol রবিবারই	next_wd:sun
asha রবিবারই	next_wd:sun
gato রবিবারই	prev_wd:sun
ager রবিবারই	prev_wd:sun
proti রবিবারই	every_wd:sun
prottek রবিবারই	every_wd:sun
রবিবারই e	wd:sun
রবিবারই er	wd:sun
রবিবারই er moddhe	<wd:sun
রবিবারই er age	<wd:sun
রবিবারই er por	>wd:sun
রবিবারই porjonto	<wd:sun
আগামী রবিবারই	next_wd:sun
পরের রবিবারই	next_wd:sun
আসছে রবিবারই	next_wd:sun
গত রবিবারই	prev_wd:sun
আগের রবিবারই	prev_wd:sun
প্রতি রবিবারই	every_wd:sun
প্রত্যেক রবিবারই	every_wd:sun
রবিবারই এর মধ্যে	<wd:sun
রবিবারই এর আগে	<wd:sun
রবিবারই এর পর	>wd:sun
রবিবারই পর্যন্ত	<wd:sun
রবিবার দিন	wd:sun
this রবিবার দিন	wd:sun
next রবিবার দিন	next_wd:sun
coming রবিবার দিন	next_wd:sun
upcoming রবিবার দিন	next_wd:sun
last রবিবার দিন	prev_wd:sun
previous রবিবার দিন	prev_wd:sun
past রবিবার দিন	prev_wd:sun
on রবিবার দিন	wd:sun
by রবিবার দিন	<wd:sun
before রবিবার দিন	<wd:sun
until রবিবার দিন	<wd:sun
till রবিবার দিন	<wd:sun
after রবিবার দিন	>wd:sun
every রবিবার দিন	every_wd:sun
each রবিবার দিন	every_wd:sun
রবিবার দিনs	every_wd:sun
on রবিবার দিনs	every_wd:sun
রবিবার দিন morning	wd:sun+daypart:morning
রবিবার দিন afternoon	wd:sun+daypart:afternoon
রবিবার দিন evening	wd:sun+daypart:evening
রবিবার দিন night	wd:sun+daypart:night
agami রবিবার দিন	next_wd:sun
porer রবিবার দিন	next_wd:sun
aschol রবিবার দিন	next_wd:sun
asha রবিবার দিন	next_wd:sun
gato রবিবার দিন	prev_wd:sun
ager রবিবার দিন	prev_wd:sun
proti রবিবার দিন	every_wd:sun
prottek রবিবার দিন	every_wd:sun
রবিবার দিন e	wd:sun
রবিবার দিন er	wd:sun
রবিবার দিন er moddhe	<wd:sun
রবিবার দিন er age	<wd:sun
রবিবার দিন er por	>wd:sun
রবিবার দিন porjonto	<wd:sun
আগামী রবিবার দিন	next_wd:sun
পরের রবিবার দিন	next_wd:sun
আসছে রবিবার দিন	next_wd:sun
গত রবিবার দিন	prev_wd:sun
আগের রবিবার দিন	prev_wd:sun
প্রতি রবিবার দিন	every_wd:sun
প্রত্যেক রবিবার দিন	every_wd:sun
রবিবার দিন এর মধ্যে	<wd:sun
রবিবার দিন এর আগে	<wd:sun
রবিবার দিন এর পর	>wd:sun
রবিবার দিন পর্যন্ত	<wd:sun
রবিবারেই	wd:sun
this রবিবারেই	wd:sun
next রবিবারেই	next_wd:sun
coming রবিবারেই	next_wd:sun
upcoming রবিবারেই	next_wd:sun
last রবিবারেই	prev_wd:sun
previous রবিবারেই	prev_wd:sun
past রবিবারেই	prev_wd:sun
on রবিবারেই	wd:sun
by রবিবারেই	<wd:sun
before রবিবারেই	<wd:sun
until রবিবারেই	<wd:sun
till রবিবারেই	<wd:sun
after রবিবারেই	>wd:sun
every রবিবারেই	every_wd:sun
each রবিবারেই	every_wd:sun
রবিবারেইs	every_wd:sun
on রবিবারেইs	every_wd:sun
রবিবারেই morning	wd:sun+daypart:morning
রবিবারেই afternoon	wd:sun+daypart:afternoon
রবিবারেই evening	wd:sun+daypart:evening
রবিবারেই night	wd:sun+daypart:night
agami রবিবারেই	next_wd:sun
porer রবিবারেই	next_wd:sun
aschol রবিবারেই	next_wd:sun
asha রবিবারেই	next_wd:sun
gato রবিবারেই	prev_wd:sun
ager রবিবারেই	prev_wd:sun
proti রবিবারেই	every_wd:sun
prottek রবিবারেই	every_wd:sun
রবিবারেই e	wd:sun
রবিবারেই er	wd:sun
রবিবারেই er moddhe	<wd:sun
রবিবারেই er age	<wd:sun
রবিবারেই er por	>wd:sun
রবিবারেই porjonto	<wd:sun
আগামী রবিবারেই	next_wd:sun
পরের রবিবারেই	next_wd:sun
আসছে রবিবারেই	next_wd:sun
গত রবিবারেই	prev_wd:sun
আগের রবিবারেই	prev_wd:sun
প্রতি রবিবারেই	every_wd:sun
প্রত্যেক রবিবারেই	every_wd:sun
রবিবারেই এর মধ্যে	<wd:sun
রবিবারেই এর আগে	<wd:sun
রবিবারেই এর পর	>wd:sun
রবিবারেই পর্যন্ত	<wd:sun
january	month:1
in january	month:1
this january	month:1
next january	next_month:1
last january	prev_month:1
end of january	month:1@eom
beginning of january	month:1@som
mid january	month:1@mom
mid-january	month:1@mom
early january	month:1@early
late january	month:1@late
by january	<month:1
before january	<month:1
after january	>month:1
every january	every_month:1
january e	month:1
january er shuru	month:1@som
january er shesh	month:1@eom
january er majhamajhi	month:1@mom
january মাসে	month:1
january মাসের শুরু	month:1@som
january মাসের শেষ	month:1@eom
january মাসের মাঝামাঝি	month:1@mom
january মাসের শুরুতে	month:1@som
january মাসের শেষে	month:1@eom
jan	month:1
in jan	month:1
this jan	month:1
next jan	next_month:1
last jan	prev_month:1
end of jan	month:1@eom
beginning of jan	month:1@som
mid jan	month:1@mom
mid-jan	month:1@mom
early jan	month:1@early
late jan	month:1@late
by jan	<month:1
before jan	<month:1
after jan	>month:1
every jan	every_month:1
jan e	month:1
jan er shuru	month:1@som
jan er shesh	month:1@eom
jan er majhamajhi	month:1@mom
jan মাসে	month:1
jan মাসের শুরু	month:1@som
jan মাসের শেষ	month:1@eom
jan মাসের মাঝামাঝি	month:1@mom
jan মাসের শুরুতে	month:1@som
jan মাসের শেষে	month:1@eom
jan.	month:1
in jan.	month:1
this jan.	month:1
next jan.	next_month:1
last jan.	prev_month:1
end of jan.	month:1@eom
start of jan.	month:1@som
beginning of jan.	month:1@som
mid jan.	month:1@mom
mid-jan.	month:1@mom
early jan.	month:1@early
late jan.	month:1@late
by jan.	<month:1
before jan.	<month:1
after jan.	>month:1
every jan.	every_month:1
jan. e	month:1
jan. er shuru	month:1@som
jan. er shesh	month:1@eom
jan. er majhamajhi	month:1@mom
jan. মাসে	month:1
jan. মাসের শুরু	month:1@som
jan. মাসের শেষ	month:1@eom
jan. মাসের মাঝামাঝি	month:1@mom
jan. মাসের শুরুতে	month:1@som
jan. মাসের শেষে	month:1@eom
janu	month:1
in janu	month:1
this janu	month:1
next janu	next_month:1
last janu	prev_month:1
end of janu	month:1@eom
start of janu	month:1@som
beginning of janu	month:1@som
mid janu	month:1@mom
mid-janu	month:1@mom
early janu	month:1@early
late janu	month:1@late
by janu	<month:1
before janu	<month:1
after janu	>month:1
every janu	every_month:1
janu e	month:1
janu er shuru	month:1@som
janu er shesh	month:1@eom
janu er majhamajhi	month:1@mom
janu মাসে	month:1
janu মাসের শুরু	month:1@som
janu মাসের শেষ	month:1@eom
janu মাসের মাঝামাঝি	month:1@mom
janu মাসের শুরুতে	month:1@som
janu মাসের শেষে	month:1@eom
januari	month:1
in januari	month:1
this januari	month:1
next januari	next_month:1
last januari	prev_month:1
end of januari	month:1@eom
start of januari	month:1@som
beginning of januari	month:1@som
mid januari	month:1@mom
mid-januari	month:1@mom
early januari	month:1@early
late januari	month:1@late
by januari	<month:1
before januari	<month:1
after januari	>month:1
every januari	every_month:1
januari e	month:1
januari er shuru	month:1@som
januari er shesh	month:1@eom
januari er majhamajhi	month:1@mom
januari মাসে	month:1
januari মাসের শুরু	month:1@som
januari মাসের শেষ	month:1@eom
januari মাসের মাঝামাঝি	month:1@mom
januari মাসের শুরুতে	month:1@som
januari মাসের শেষে	month:1@eom
jannuary	month:1
in jannuary	month:1
this jannuary	month:1
next jannuary	next_month:1
last jannuary	prev_month:1
end of jannuary	month:1@eom
start of jannuary	month:1@som
beginning of jannuary	month:1@som
mid jannuary	month:1@mom
mid-jannuary	month:1@mom
early jannuary	month:1@early
late jannuary	month:1@late
by jannuary	<month:1
before jannuary	<month:1
after jannuary	>month:1
every jannuary	every_month:1
jannuary e	month:1
jannuary er shuru	month:1@som
jannuary er shesh	month:1@eom
jannuary er majhamajhi	month:1@mom
jannuary মাসে	month:1
jannuary মাসের শুরু	month:1@som
jannuary মাসের শেষ	month:1@eom
jannuary মাসের মাঝামাঝি	month:1@mom
jannuary মাসের শুরুতে	month:1@som
jannuary মাসের শেষে	month:1@eom
janury	month:1
in janury	month:1
this janury	month:1
next janury	next_month:1
last janury	prev_month:1
end of janury	month:1@eom
start of janury	month:1@som
beginning of janury	month:1@som
mid janury	month:1@mom
mid-janury	month:1@mom
early janury	month:1@early
late janury	month:1@late
by janury	<month:1
before janury	<month:1
after janury	>month:1
every janury	every_month:1
janury e	month:1
janury er shuru	month:1@som
janury er shesh	month:1@eom
janury er majhamajhi	month:1@mom
janury মাসে	month:1
janury মাসের শুরু	month:1@som
janury মাসের শেষ	month:1@eom
janury মাসের মাঝামাঝি	month:1@mom
janury মাসের শুরুতে	month:1@som
janury মাসের শেষে	month:1@eom
janvary	month:1
in janvary	month:1
this janvary	month:1
next janvary	next_month:1
last janvary	prev_month:1
end of janvary	month:1@eom
start of janvary	month:1@som
beginning of janvary	month:1@som
mid janvary	month:1@mom
mid-janvary	month:1@mom
early janvary	month:1@early
late janvary	month:1@late
by janvary	<month:1
before janvary	<month:1
after janvary	>month:1
every janvary	every_month:1
janvary e	month:1
janvary er shuru	month:1@som
janvary er shesh	month:1@eom
janvary er majhamajhi	month:1@mom
janvary মাসে	month:1
janvary মাসের শুরু	month:1@som
janvary মাসের শেষ	month:1@eom
janvary মাসের মাঝামাঝি	month:1@mom
janvary মাসের শুরুতে	month:1@som
janvary মাসের শেষে	month:1@eom
জানুয়ারি	month:1
in জানুয়ারি	month:1
this জানুয়ারি	month:1
next জানুয়ারি	next_month:1
last জানুয়ারি	prev_month:1
end of জানুয়ারি	month:1@eom
start of জানুয়ারি	month:1@som
beginning of জানুয়ারি	month:1@som
mid জানুয়ারি	month:1@mom
mid-জানুয়ারি	month:1@mom
early জানুয়ারি	month:1@early
late জানুয়ারি	month:1@late
by জানুয়ারি	<month:1
before জানুয়ারি	<month:1
after জানুয়ারি	>month:1
every জানুয়ারি	every_month:1
জানুয়ারি e	month:1
জানুয়ারি er shuru	month:1@som
জানুয়ারি er shesh	month:1@eom
জানুয়ারি er majhamajhi	month:1@mom
জানুয়ারি মাসে	month:1
জানুয়ারি মাসের শুরু	month:1@som
জানুয়ারি মাসের শেষ	month:1@eom
জানুয়ারি মাসের মাঝামাঝি	month:1@mom
জানুয়ারি মাসের শুরুতে	month:1@som
জানুয়ারি মাসের শেষে	month:1@eom
জানুয়ারী	month:1
in জানুয়ারী	month:1
this জানুয়ারী	month:1
next জানুয়ারী	next_month:1
last জানুয়ারী	prev_month:1
end of জানুয়ারী	month:1@eom
start of জানুয়ারী	month:1@som
beginning of জানুয়ারী	month:1@som
mid জানুয়ারী	month:1@mom
mid-জানুয়ারী	month:1@mom
early জানুয়ারী	month:1@early
late জানুয়ারী	month:1@late
by জানুয়ারী	<month:1
before জানুয়ারী	<month:1
after জানুয়ারী	>month:1
every জানুয়ারী	every_month:1
জানুয়ারী e	month:1
জানুয়ারী er shuru	month:1@som
জানুয়ারী er shesh	month:1@eom
জানুয়ারী er majhamajhi	month:1@mom
জানুয়ারী মাসে	month:1
জানুয়ারী মাসের শুরু	month:1@som
জানুয়ারী মাসের শেষ	month:1@eom
জানুয়ারী মাসের মাঝামাঝি	month:1@mom
জানুয়ারী মাসের শুরুতে	month:1@som
জানুয়ারী মাসের শেষে	month:1@eom
জানুয়ারিতে	month:1
in জানুয়ারিতে	month:1
this জানুয়ারিতে	month:1
next জানুয়ারিতে	next_month:1
last জানুয়ারিতে	prev_month:1
end of জানুয়ারিতে	month:1@eom
start of জানুয়ারিতে	month:1@som
beginning of জানুয়ারিতে	month:1@som
mid জানুয়ারিতে	month:1@mom
mid-জানুয়ারিতে	month:1@mom
early জানুয়ারিতে	month:1@early
late জানুয়ারিতে	month:1@late
by জানুয়ারিতে	<month:1
before জানুয়ারিতে	<month:1
after জানুয়ারিতে	>month:1
every জানুয়ারিতে	every_month:1
জানুয়ারিতে e	month:1
জানুয়ারিতে er shuru	month:1@som
জানুয়ারিতে er shesh	month:1@eom
জানুয়ারিতে er majhamajhi	month:1@mom
জানুয়ারিতে মাসে	month:1
জানুয়ারিতে মাসের শুরু	month:1@som
জানুয়ারিতে মাসের শেষ	month:1@eom
জানুয়ারিতে মাসের মাঝামাঝি	month:1@mom
জানুয়ারিতে মাসের শুরুতে	month:1@som
জানুয়ারিতে মাসের শেষে	month:1@eom
জানুয়ারীতে	month:1
in জানুয়ারীতে	month:1
this জানুয়ারীতে	month:1
next জানুয়ারীতে	next_month:1
last জানুয়ারীতে	prev_month:1
end of জানুয়ারীতে	month:1@eom
start of জানুয়ারীতে	month:1@som
beginning of জানুয়ারীতে	month:1@som
mid জানুয়ারীতে	month:1@mom
mid-জানুয়ারীতে	month:1@mom
early জানুয়ারীতে	month:1@early
late জানুয়ারীতে	month:1@late
by জানুয়ারীতে	<month:1
before জানুয়ারীতে	<month:1
after জানুয়ারীতে	>month:1
every জানুয়ারীতে	every_month:1
জানুয়ারীতে e	month:1
জানুয়ারীতে er shuru	month:1@som
জানুয়ারীতে er shesh	month:1@eom
জানুয়ারীতে er majhamajhi	month:1@mom
জানুয়ারীতে মাসে	month:1
জানুয়ারীতে মাসের শুরু	month:1@som
জানুয়ারীতে মাসের শেষ	month:1@eom
জানুয়ারীতে মাসের মাঝামাঝি	month:1@mom
জানুয়ারীতে মাসের শুরুতে	month:1@som
জানুয়ারীতে মাসের শেষে	month:1@eom
জানু	month:1
in জানু	month:1
this জানু	month:1
next জানু	next_month:1
last জানু	prev_month:1
end of জানু	month:1@eom
start of জানু	month:1@som
beginning of জানু	month:1@som
mid জানু	month:1@mom
mid-জানু	month:1@mom
early জানু	month:1@early
late জানু	month:1@late
by জানু	<month:1
before জানু	<month:1
after জানু	>month:1
every জানু	every_month:1
জানু e	month:1
জানু er shuru	month:1@som
জানু er shesh	month:1@eom
জানু er majhamajhi	month:1@mom
জানু মাসে	month:1
জানু মাসের শুরু	month:1@som
জানু মাসের শেষ	month:1@eom
জানু মাসের মাঝামাঝি	month:1@mom
জানু মাসের শুরুতে	month:1@som
জানু মাসের শেষে	month:1@eom
february	month:2
in february	month:2
this february	month:2
next february	next_month:2
last february	prev_month:2
end of february	month:2@eom
start of february	month:2@som
beginning of february	month:2@som
mid february	month:2@mom
mid-february	month:2@mom
early february	month:2@early
late february	month:2@late
by february	<month:2
before february	<month:2
after february	>month:2
every february	every_month:2
february e	month:2
february er shuru	month:2@som
february er shesh	month:2@eom
february er majhamajhi	month:2@mom
february মাসে	month:2
february মাসের শুরু	month:2@som
february মাসের শেষ	month:2@eom
february মাসের মাঝামাঝি	month:2@mom
february মাসের শুরুতে	month:2@som
february মাসের শেষে	month:2@eom
feb	month:2
in feb	month:2
this feb	month:2
next feb	next_month:2
last feb	prev_month:2
end of feb	month:2@eom
start of feb	month:2@som
beginning of feb	month:2@som
mid feb	month:2@mom
mid-feb	month:2@mom
early feb	month:2@early
late feb	month:2@late
by feb	<month:2
before feb	<month:2
after feb	>month:2
every feb	every_month:2
feb e	month:2
feb er shuru	month:2@som
feb er shesh	month:2@eom
feb er majhamajhi	month:2@mom
feb মাসে	month:2
feb মাসের শুরু	month:2@som
feb মাসের শেষ	month:2@eom
feb মাসের মাঝামাঝি	month:2@mom
feb মাসের শুরুতে	month:2@som
feb মাসের শেষে	month:2@eom
feb.	month:2
in feb.	month:2
this feb.	month:2
next feb.	next_month:2
last feb.	prev_month:2
end of feb.	month:2@eom
start of feb.	month:2@som
beginning of feb.	month:2@som
mid feb.	month:2@mom
mid-feb.	month:2@mom
early feb.	month:2@early
late feb.	month:2@late
by feb.	<month:2
before feb.	<month:2
after feb.	>month:2
every feb.	every_month:2
feb. e	month:2
feb. er shuru	month:2@som
feb. er shesh	month:2@eom
feb. er majhamajhi	month:2@mom
feb. মাসে	month:2
feb. মাসের শুরু	month:2@som
feb. মাসের শেষ	month:2@eom
feb. মাসের মাঝামাঝি	month:2@mom
feb. মাসের শুরুতে	month:2@som
feb. মাসের শেষে	month:2@eom
febr	month:2
in febr	month:2
this febr	month:2
next febr	next_month:2
last febr	prev_month:2
end of febr	month:2@eom
start of febr	month:2@som
beginning of febr	month:2@som
mid febr	month:2@mom
mid-febr	month:2@mom
early febr	month:2@early
late febr	month:2@late
by febr	<month:2
before febr	<month:2
after febr	>month:2
every febr	every_month:2
febr e	month:2
febr er shuru	month:2@som
febr er shesh	month:2@eom
febr er majhamajhi	month:2@mom
febr মাসে	month:2
febr মাসের শুরু	month:2@som
febr মাসের শেষ	month:2@eom
febr মাসের মাঝামাঝি	month:2@mom
febr মাসের শুরুতে	month:2@som
febr মাসের শেষে	month:2@eom
febuary	month:2
in febuary	month:2
this febuary	month:2
next febuary	next_month:2
last febuary	prev_month:2
end of febuary	month:2@eom
start of febuary	month:2@som
beginning of febuary	month:2@som
mid febuary	month:2@mom
mid-febuary	month:2@mom
early febuary	month:2@early
late febuary	month:2@late
by febuary	<month:2
before febuary	<month:2
after febuary	>month:2
every febuary	every_month:2
febuary e	month:2
febuary er shuru	month:2@som
febuary er shesh	month:2@eom
febuary er majhamajhi	month:2@mom
febuary মাসে	month:2
febuary মাসের শুরু	month:2@som
febuary মাসের শেষ	month:2@eom
febuary মাসের মাঝামাঝি	month:2@mom
febuary মাসের শুরুতে	month:2@som
febuary মাসের শেষে	month:2@eom
feburary	month:2
in feburary	month:2
this feburary	month:2
next feburary	next_month:2
last feburary	prev_month:2
end of feburary	month:2@eom
start of feburary	month:2@som
beginning of feburary	month:2@som
mid feburary	month:2@mom
mid-feburary	month:2@mom
early feburary	month:2@early
late feburary	month:2@late
by feburary	<month:2
before feburary	<month:2
after feburary	>month:2
every feburary	every_month:2
feburary e	month:2
feburary er shuru	month:2@som
feburary er shesh	month:2@eom
feburary er majhamajhi	month:2@mom
feburary মাসে	month:2
feburary মাসের শুরু	month:2@som
feburary মাসের শেষ	month:2@eom
feburary মাসের মাঝামাঝি	month:2@mom
feburary মাসের শুরুতে	month:2@som
feburary মাসের শেষে	month:2@eom
februari	month:2
in februari	month:2
this februari	month:2
next februari	next_month:2
last februari	prev_month:2
end of februari	month:2@eom
start of februari	month:2@som
beginning of februari	month:2@som
mid februari	month:2@mom
mid-februari	month:2@mom
early februari	month:2@early
late februari	month:2@late
by februari	<month:2
before februari	<month:2
after februari	>month:2
every februari	every_month:2
februari e	month:2
februari er shuru	month:2@som
februari er shesh	month:2@eom
februari er majhamajhi	month:2@mom
februari মাসে	month:2
februari মাসের শুরু	month:2@som
februari মাসের শেষ	month:2@eom
februari মাসের মাঝামাঝি	month:2@mom
februari মাসের শুরুতে	month:2@som
februari মাসের শেষে	month:2@eom
ফেব্রুয়ারি	month:2
in ফেব্রুয়ারি	month:2
this ফেব্রুয়ারি	month:2
next ফেব্রুয়ারি	next_month:2
last ফেব্রুয়ারি	prev_month:2
end of ফেব্রুয়ারি	month:2@eom
start of ফেব্রুয়ারি	month:2@som
beginning of ফেব্রুয়ারি	month:2@som
mid ফেব্রুয়ারি	month:2@mom
mid-ফেব্রুয়ারি	month:2@mom
early ফেব্রুয়ারি	month:2@early
late ফেব্রুয়ারি	month:2@late
by ফেব্রুয়ারি	<month:2
before ফেব্রুয়ারি	<month:2
after ফেব্রুয়ারি	>month:2
every ফেব্রুয়ারি	every_month:2
ফেব্রুয়ারি e	month:2
ফেব্রুয়ারি er shuru	month:2@som
ফেব্রুয়ারি er shesh	month:2@eom
ফেব্রুয়ারি er majhamajhi	month:2@mom
ফেব্রুয়ারি মাসে	month:2
ফেব্রুয়ারি মাসের শুরু	month:2@som
ফেব্রুয়ারি মাসের শেষ	month:2@eom
ফেব্রুয়ারি মাসের মাঝামাঝি	month:2@mom
ফেব্রুয়ারি মাসের শুরুতে	month:2@som
ফেব্রুয়ারি মাসের শেষে	month:2@eom
ফেব্রুয়ারী	month:2
in ফেব্রুয়ারী	month:2
this ফেব্রুয়ারী	month:2
next ফেব্রুয়ারী	next_month:2
last ফেব্রুয়ারী	prev_month:2
end of ফেব্রুয়ারী	month:2@eom
start of ফেব্রুয়ারী	month:2@som
beginning of ফেব্রুয়ারী	month:2@som
mid ফেব্রুয়ারী	month:2@mom
mid-ফেব্রুয়ারী	month:2@mom
early ফেব্রুয়ারী	month:2@early
late ফেব্রুয়ারী	month:2@late
by ফেব্রুয়ারী	<month:2
before ফেব্রুয়ারী	<month:2
after ফেব্রুয়ারী	>month:2
every ফেব্রুয়ারী	every_month:2
ফেব্রুয়ারী e	month:2
ফেব্রুয়ারী er shuru	month:2@som
ফেব্রুয়ারী er shesh	month:2@eom
ফেব্রুয়ারী er majhamajhi	month:2@mom
ফেব্রুয়ারী মাসে	month:2
ফেব্রুয়ারী মাসের শুরু	month:2@som
ফেব্রুয়ারী মাসের শেষ	month:2@eom
ফেব্রুয়ারী মাসের মাঝামাঝি	month:2@mom
ফেব্রুয়ারী মাসের শুরুতে	month:2@som
ফেব্রুয়ারী মাসের শেষে	month:2@eom
ফেব্রুয়ারিতে	month:2
in ফেব্রুয়ারিতে	month:2
this ফেব্রুয়ারিতে	month:2
next ফেব্রুয়ারিতে	next_month:2
last ফেব্রুয়ারিতে	prev_month:2
end of ফেব্রুয়ারিতে	month:2@eom
start of ফেব্রুয়ারিতে	month:2@som
beginning of ফেব্রুয়ারিতে	month:2@som
mid ফেব্রুয়ারিতে	month:2@mom
mid-ফেব্রুয়ারিতে	month:2@mom
early ফেব্রুয়ারিতে	month:2@early
late ফেব্রুয়ারিতে	month:2@late
by ফেব্রুয়ারিতে	<month:2
before ফেব্রুয়ারিতে	<month:2
after ফেব্রুয়ারিতে	>month:2
every ফেব্রুয়ারিতে	every_month:2
ফেব্রুয়ারিতে e	month:2
ফেব্রুয়ারিতে er shuru	month:2@som
ফেব্রুয়ারিতে er shesh	month:2@eom
ফেব্রুয়ারিতে er majhamajhi	month:2@mom
ফেব্রুয়ারিতে মাসে	month:2
ফেব্রুয়ারিতে মাসের শুরু	month:2@som
ফেব্রুয়ারিতে মাসের শেষ	month:2@eom
ফেব্রুয়ারিতে মাসের মাঝামাঝি	month:2@mom
ফেব্রুয়ারিতে মাসের শুরুতে	month:2@som
ফেব্রুয়ারিতে মাসের শেষে	month:2@eom
ফেব্রুয়ারীতে	month:2
in ফেব্রুয়ারীতে	month:2
this ফেব্রুয়ারীতে	month:2
next ফেব্রুয়ারীতে	next_month:2
last ফেব্রুয়ারীতে	prev_month:2
end of ফেব্রুয়ারীতে	month:2@eom
start of ফেব্রুয়ারীতে	month:2@som
beginning of ফেব্রুয়ারীতে	month:2@som
mid ফেব্রুয়ারীতে	month:2@mom
mid-ফেব্রুয়ারীতে	month:2@mom
early ফেব্রুয়ারীতে	month:2@early
late ফেব্রুয়ারীতে	month:2@late
by ফেব্রুয়ারীতে	<month:2
before ফেব্রুয়ারীতে	<month:2
after ফেব্রুয়ারীতে	>month:2
every ফেব্রুয়ারীতে	every_month:2
ফেব্রুয়ারীতে e	month:2
ফেব্রুয়ারীতে er shuru	month:2@som
ফেব্রুয়ারীতে er shesh	month:2@eom
ফেব্রুয়ারীতে er majhamajhi	month:2@mom
ফেব্রুয়ারীতে মাসে	month:2
ফেব্রুয়ারীতে মাসের শুরু	month:2@som
ফেব্রুয়ারীতে মাসের শেষ	month:2@eom
ফেব্রুয়ারীতে মাসের মাঝামাঝি	month:2@mom
ফেব্রুয়ারীতে মাসের শুরুতে	month:2@som
ফেব্রুয়ারীতে মাসের শেষে	month:2@eom
ফেব্রু	month:2
in ফেব্রু	month:2
this ফেব্রু	month:2
next ফেব্রু	next_month:2
last ফেব্রু	prev_month:2
end of ফেব্রু	month:2@eom
start of ফেব্রু	month:2@som
beginning of ফেব্রু	month:2@som
mid ফেব্রু	month:2@mom
mid-ফেব্রু	month:2@mom
early ফেব্রু	month:2@early
late ফেব্রু	month:2@late
by ফেব্রু	<month:2
before ফেব্রু	<month:2
after ফেব্রু	>month:2
every ফেব্রু	every_month:2
ফেব্রু e	month:2
ফেব্রু er shuru	month:2@som
ফেব্রু er shesh	month:2@eom
ফেব্রু er majhamajhi	month:2@mom
ফেব্রু মাসে	month:2
ফেব্রু মাসের শুরু	month:2@som
ফেব্রু মাসের শেষ	month:2@eom
ফেব্রু মাসের মাঝামাঝি	month:2@mom
ফেব্রু মাসের শুরুতে	month:2@som
ফেব্রু মাসের শেষে	month:2@eom
march	month:3
in march	month:3
this march	month:3
next march	next_month:3
last march	prev_month:3
end of march	month:3@eom
start of march	month:3@som
beginning of march	month:3@som
mid march	month:3@mom
mid-march	month:3@mom
early march	month:3@early
late march	month:3@late
by march	<month:3
before march	<month:3
after march	>month:3
every march	every_month:3
march e	month:3
march er shuru	month:3@som
march er shesh	month:3@eom
march er majhamajhi	month:3@mom
march মাসে	month:3
march মাসের শুরু	month:3@som
march মাসের শেষ	month:3@eom
march মাসের মাঝামাঝি	month:3@mom
march মাসের শুরুতে	month:3@som
march মাসের শেষে	month:3@eom
mar	month:3
in mar	month:3
this mar	month:3
next mar	next_month:3
last mar	prev_month:3
end of mar	month:3@eom
start of mar	month:3@som
beginning of mar	month:3@som
mid mar	month:3@mom
mid-mar	month:3@mom
early mar	month:3@early
late mar	month:3@late
by mar	<month:3
before mar	<month:3
after mar	>month:3
every mar	every_month:3
mar e	month:3
mar er shuru	month:3@som
mar er shesh	month:3@eom
mar er majhamajhi	month:3@mom
mar মাসে	month:3
mar মাসের শুরু	month:3@som
mar মাসের শেষ	month:3@eom
mar মাসের মাঝামাঝি	month:3@mom
mar মাসের শুরুতে	month:3@som
mar মাসের শেষে	month:3@eom
mar.	month:3
in mar.	month:3
this mar.	month:3
next mar.	next_month:3
last mar.	prev_month:3
end of mar.	month:3@eom
start of mar.	month:3@som
beginning of mar.	month:3@som
mid mar.	month:3@mom
mid-mar.	month:3@mom
early mar.	month:3@early
late mar.	month:3@late
by mar.	<month:3
before mar.	<month:3
after mar.	>month:3
every mar.	every_month:3
mar. e	month:3
mar. er shuru	month:3@som
mar. er shesh	month:3@eom
mar. er majhamajhi	month:3@mom
mar. মাসে	month:3
mar. মাসের শুরু	month:3@som
mar. মাসের শেষ	month:3@eom
mar. মাসের মাঝামাঝি	month:3@mom
mar. মাসের শুরুতে	month:3@som
mar. মাসের শেষে	month:3@eom
marc	month:3
in marc	month:3
this marc	month:3
next marc	next_month:3
last marc	prev_month:3
end of marc	month:3@eom
start of marc	month:3@som
beginning of marc	month:3@som
mid marc	month:3@mom
mid-marc	month:3@mom
early marc	month:3@early
late marc	month:3@late
by marc	<month:3
before marc	<month:3
after marc	>month:3
every marc	every_month:3
marc e	month:3
marc er shuru	month:3@som
marc er shesh	month:3@eom
marc er majhamajhi	month:3@mom
marc মাসে	month:3
marc মাসের শুরু	month:3@som
marc মাসের শেষ	month:3@eom
marc মাসের মাঝামাঝি	month:3@mom
marc মাসের শুরুতে	month:3@som
marc মাসের শেষে	month:3@eom
marach	month:3
in marach	month:3
this marach	month:3
next marach	next_month:3
last marach	prev_month:3
end of marach	month:3@eom
start of marach	month:3@som
beginning of marach	month:3@som
mid marach	month:3@mom
mid-marach	month:3@mom
early marach	month:3@early
late marach	month:3@late
by marach	<month:3
before marach	<month:3
after marach	>month:3
every marach	every_month:3
marach e	month:3
marach er shuru	month:3@som
marach er shesh	month:3@eom
marach er majhamajhi	month:3@mom
marach মাসে	month:3
marach মাসের শুরু	month:3@som
marach মাসের শেষ	month:3@eom
marach মাসের মাঝামাঝি	month:3@mom
marach মাসের শুরুতে	month:3@som
marach মাসের শেষে	month:3@eom
মার্চ	month:3
in মার্চ	month:3
this মার্চ	month:3
next মার্চ	next_month:3
last মার্চ	prev_month:3
end of মার্চ	month:3@eom
start of মার্চ	month:3@som
beginning of মার্চ	month:3@som
mid মার্চ	month:3@mom
mid-মার্চ	month:3@mom
early মার্চ	month:3@early
late মার্চ	month:3@late
by মার্চ	<month:3
before মার্চ	<month:3
after মার্চ	>month:3
every মার্চ	every_month:3
মার্চ e	month:3
মার্চ er shuru	month:3@som
মার্চ er shesh	month:3@eom
মার্চ er majhamajhi	month:3@mom
মার্চ মাসে	month:3
মার্চ মাসের শুরু	month:3@som
মার্চ মাসের শেষ	month:3@eom
মার্চ মাসের মাঝামাঝি	month:3@mom
মার্চ মাসের শুরুতে	month:3@som
মার্চ মাসের শেষে	month:3@eom
মার্চে	month:3
in মার্চে	month:3
this মার্চে	month:3
next মার্চে	next_month:3
last মার্চে	prev_month:3
end of মার্চে	month:3@eom
start of মার্চে	month:3@som
beginning of মার্চে	month:3@som
mid মার্চে	month:3@mom
mid-মার্চে	month:3@mom
early মার্চে	month:3@early
late মার্চে	month:3@late
by মার্চে	<month:3
before মার্চে	<month:3
after মার্চে	>month:3
every মার্চে	every_month:3
মার্চে e	month:3
মার্চে er shuru	month:3@som
মার্চে er shesh	month:3@eom
মার্চে er majhamajhi	month:3@mom
মার্চে মাসে	month:3
মার্চে মাসের শুরু	month:3@som
মার্চে মাসের শেষ	month:3@eom
মার্চে মাসের মাঝামাঝি	month:3@mom
মার্চে মাসের শুরুতে	month:3@som
মার্চে মাসের শেষে	month:3@eom
april	month:4
in april	month:4
this april	month:4
next april	next_month:4
last april	prev_month:4
end of april	month:4@eom
start of april	month:4@som
beginning of april	month:4@som
mid april	month:4@mom
mid-april	month:4@mom
early april	month:4@early
late april	month:4@late
by april	<month:4
before april	<month:4
after april	>month:4
every april	every_month:4
april e	month:4
april er shuru	month:4@som
april er shesh	month:4@eom
april er majhamajhi	month:4@mom
april মাসে	month:4
april মাসের শুরু	month:4@som
april মাসের শেষ	month:4@eom
april মাসের মাঝামাঝি	month:4@mom
april মাসের শুরুতে	month:4@som
april মাসের শেষে	month:4@eom
apr	month:4
in apr	month:4
this apr	month:4
next apr	next_month:4
last apr	prev_month:4
end of apr	month:4@eom
start of apr	month:4@som
beginning of apr	month:4@som
mid apr	month:4@mom
mid-apr	month:4@mom
early apr	month:4@early
late apr	month:4@late
by apr	<month:4
before apr	<month:4
after apr	>month:4
every apr	every_month:4
apr e	month:4
apr er shuru	month:4@som
apr er shesh	month:4@eom
apr er majhamajhi	month:4@mom
apr মাসে	month:4
apr মাসের শুরু	month:4@som
apr মাসের শেষ	month:4@eom
apr মাসের মাঝামাঝি	month:4@mom
apr মাসের শুরুতে	month:4@som
apr মাসের শেষে	month:4@eom
apr.	month:4
in apr.	month:4
this apr.	month:4
next apr.	next_month:4
last apr.	prev_month:4
end of apr.	month:4@eom
start of apr.	month:4@som
beginning of apr.	month:4@som
mid apr.	month:4@mom
mid-apr.	month:4@mom
early apr.	month:4@early
late apr.	month:4@late
by apr.	<month:4
before apr.	<month:4
after apr.	>month:4
every apr.	every_month:4
apr. e	month:4
apr. er shuru	month:4@som
apr. er shesh	month:4@eom
apr. er majhamajhi	month:4@mom
apr. মাসে	month:4
apr. মাসের শুরু	month:4@som
apr. মাসের শেষ	month:4@eom
apr. মাসের মাঝামাঝি	month:4@mom
apr. মাসের শুরুতে	month:4@som
apr. মাসের শেষে	month:4@eom
apri	month:4
in apri	month:4
this apri	month:4
next apri	next_month:4
last apri	prev_month:4
end of apri	month:4@eom
start of apri	month:4@som
beginning of apri	month:4@som
mid apri	month:4@mom
mid-apri	month:4@mom
early apri	month:4@early
late apri	month:4@late
by apri	<month:4
before apri	<month:4
after apri	>month:4
every apri	every_month:4
apri e	month:4
apri er shuru	month:4@som
apri er shesh	month:4@eom
apri er majhamajhi	month:4@mom
apri মাসে	month:4
apri মাসের শুরু	month:4@som
apri মাসের শেষ	month:4@eom
apri মাসের মাঝামাঝি	month:4@mom
apri মাসের শুরুতে	month:4@som
apri মাসের শেষে	month:4@eom
aprl	month:4
in aprl	month:4
this aprl	month:4
next aprl	next_month:4
last aprl	prev_month:4
end of aprl	month:4@eom
start of aprl	month:4@som
beginning of aprl	month:4@som
mid aprl	month:4@mom
mid-aprl	month:4@mom
early aprl	month:4@early
late aprl	month:4@late
by aprl	<month:4
before aprl	<month:4
after aprl	>month:4
every aprl	every_month:4
aprl e	month:4
aprl er shuru	month:4@som
aprl er shesh	month:4@eom
aprl er majhamajhi	month:4@mom
aprl মাসে	month:4
aprl মাসের শুরু	month:4@som
aprl মাসের শেষ	month:4@eom
aprl মাসের মাঝামাঝি	month:4@mom
aprl মাসের শুরুতে	month:4@som
aprl মাসের শেষে	month:4@eom
এপ্রিল	month:4
in এপ্রিল	month:4
this এপ্রিল	month:4
next এপ্রিল	next_month:4
last এপ্রিল	prev_month:4
end of এপ্রিল	month:4@eom
start of এপ্রিল	month:4@som
beginning of এপ্রিল	month:4@som
mid এপ্রিল	month:4@mom
mid-এপ্রিল	month:4@mom
early এপ্রিল	month:4@early
late এপ্রিল	month:4@late
by এপ্রিল	<month:4
before এপ্রিল	<month:4
after এপ্রিল	>month:4
every এপ্রিল	every_month:4
এপ্রিল e	month:4
এপ্রিল er shuru	month:4@som
এপ্রিল er shesh	month:4@eom
এপ্রিল er majhamajhi	month:4@mom
এপ্রিল মাসে	month:4
এপ্রিল মাসের শুরু	month:4@som
এপ্রিল মাসের শেষ	month:4@eom
এপ্রিল মাসের মাঝামাঝি	month:4@mom
এপ্রিল মাসের শুরুতে	month:4@som
এপ্রিল মাসের শেষে	month:4@eom
এপ্রিলে	month:4
in এপ্রিলে	month:4
this এপ্রিলে	month:4
next এপ্রিলে	next_month:4
last এপ্রিলে	prev_month:4
end of এপ্রিলে	month:4@eom
start of এপ্রিলে	month:4@som
beginning of এপ্রিলে	month:4@som
mid এপ্রিলে	month:4@mom
mid-এপ্রিলে	month:4@mom
early এপ্রিলে	month:4@early
late এপ্রিলে	month:4@late
by এপ্রিলে	<month:4
before এপ্রিলে	<month:4
after এপ্রিলে	>month:4
every এপ্রিলে	every_month:4
এপ্রিলে e	month:4
এপ্রিলে er shuru	month:4@som
এপ্রিলে er shesh	month:4@eom
এপ্রিলে er majhamajhi	month:4@mom
এপ্রিলে মাসে	month:4
এপ্রিলে মাসের শুরু	month:4@som
এপ্রিলে মাসের শেষ	month:4@eom
এপ্রিলে মাসের মাঝামাঝি	month:4@mom
এপ্রিলে মাসের শুরুতে	month:4@som
এপ্রিলে মাসের শেষে	month:4@eom
in may	month:5
this may	month:5
next may	next_month:5
last may	prev_month:5
end of may	month:5@eom
start of may	month:5@som
beginning of may	month:5@som
mid may	month:5@mom
mid-may	month:5@mom
early may	month:5@early
late may	month:5@late
by may	<month:5
before may	<month:5
after may	>month:5
every may	every_month:5
may e	month:5
may er shuru	month:5@som
may er shesh	month:5@eom
may er majhamajhi	month:5@mom
may মাসে	month:5
may মাসের শুরু	month:5@som
may মাসের শেষ	month:5@eom
may মাসের মাঝামাঝি	month:5@mom
may মাসের শুরুতে	month:5@som
may মাসের শেষে	month:5@eom
মে	month:5
in মে	month:5
this মে	month:5
next মে	next_month:5
last মে	prev_month:5
end of মে	month:5@eom
start of মে	month:5@som
beginning of মে	month:5@som
mid মে	month:5@mom
mid-মে	month:5@mom
early মে	month:5@early
late মে	month:5@late
by মে	<month:5
before মে	<month:5
after মে	>month:5
every মে	every_month:5
মে e	month:5
মে er shuru	month:5@som
মে er shesh	month:5@eom
মে er majhamajhi	month:5@mom
মে মাসে	month:5
মে মাসের শুরু	month:5@som
মে মাসের শেষ	month:5@eom
মে মাসের মাঝামাঝি	month:5@mom
মে মাসের শুরুতে	month:5@som
মে মাসের শেষে	month:5@eom
in মে মাসে	month:5
this মে মাসে	month:5
next মে মাসে	next_month:5
last মে মাসে	prev_month:5
end of মে মাসে	month:5@eom
start of মে মাসে	month:5@som
beginning of মে মাসে	month:5@som
mid মে মাসে	month:5@mom
mid-মে মাসে	month:5@mom
early মে মাসে	month:5@early
late মে মাসে	month:5@late
by মে মাসে	<month:5
before মে মাসে	<month:5
after মে মাসে	>month:5
every মে মাসে	every_month:5
মে মাসে e	month:5
মে মাসে er shuru	month:5@som
মে মাসে er shesh	month:5@eom
মে মাসে er majhamajhi	month:5@mom
মে মাসে মাসে	month:5
মে মাসে মাসের শুরু	month:5@som
মে মাসে মাসের শেষ	month:5@eom
মে মাসে মাসের মাঝামাঝি	month:5@mom
মে মাসে মাসের শুরুতে	month:5@som
মে মাসে মাসের শেষে	month:5@eom
মের	month:5
in মের	month:5
this মের	month:5
next মের	next_month:5
last মের	prev_month:5
end of মের	month:5@eom
start of মের	month:5@som
beginning of মের	month:5@som
mid মের	month:5@mom
mid-মের	month:5@mom
early মের	month:5@early
late মের	month:5@late
by মের	<month:5
before মের	<month:5
after মের	>month:5
every মের	every_month:5
মের e	month:5
মের er shuru	month:5@som
মের er shesh	month:5@eom
মের er majhamajhi	month:5@mom
মের মাসে	month:5
মের মাসের শুরু	month:5@som
মের মাসের শেষ	month:5@eom
মের মাসের মাঝামাঝি	month:5@mom
মের মাসের শুরুতে	month:5@som
মের মাসের শেষে	month:5@eom
june	month:6
in june	month:6
this june	month:6
next june	next_month:6
last june	prev_month:6
end of june	month:6@eom
start of june	month:6@som
beginning of june	month:6@som
mid june	month:6@mom
mid-june	month:6@mom
early june	month:6@early
late june	month:6@late
by june	<month:6
before june	<month:6
after june	>month:6
every june	every_month:6
june e	month:6
june er shuru	month:6@som
june er shesh	month:6@eom
june er majhamajhi	month:6@mom
june মাসে	month:6
june মাসের শুরু	month:6@som
june মাসের শেষ	month:6@eom
june মাসের মাঝামাঝি	month:6@mom
june মাসের শুরুতে	month:6@som
june মাসের শেষে	month:6@eom
jun	month:6
in jun	month:6
this jun	month:6
next jun	next_month:6
last jun	prev_month:6
end of jun	month:6@eom
start of jun	month:6@som
beginning of jun	month:6@som
mid jun	month:6@mom
mid-jun	month:6@mom
early jun	month:6@early
late jun	month:6@late
by jun	<month:6
before jun	<month:6
after jun	>month:6
every jun	every_month:6
jun e	month:6
jun er shuru	month:6@som
jun er shesh	month:6@eom
jun er majhamajhi	month:6@mom
jun মাসে	month:6
jun মাসের শুরু	month:6@som
jun মাসের শেষ	month:6@eom
jun মাসের মাঝামাঝি	month:6@mom
jun মাসের শুরুতে	month:6@som
jun মাসের শেষে	month:6@eom
jun.	month:6
in jun.	month:6
this jun.	month:6
next jun.	next_month:6
last jun.	prev_month:6
end of jun.	month:6@eom
start of jun.	month:6@som
beginning of jun.	month:6@som
mid jun.	month:6@mom
mid-jun.	month:6@mom
early jun.	month:6@early
late jun.	month:6@late
by jun.	<month:6
before jun.	<month:6
after jun.	>month:6
every jun.	every_month:6
jun. e	month:6
jun. er shuru	month:6@som
jun. er shesh	month:6@eom
jun. er majhamajhi	month:6@mom
jun. মাসে	month:6
jun. মাসের শুরু	month:6@som
jun. মাসের শেষ	month:6@eom
jun. মাসের মাঝামাঝি	month:6@mom
jun. মাসের শুরুতে	month:6@som
jun. মাসের শেষে	month:6@eom
juen	month:6
in juen	month:6
this juen	month:6
next juen	next_month:6
last juen	prev_month:6
end of juen	month:6@eom
start of juen	month:6@som
beginning of juen	month:6@som
mid juen	month:6@mom
mid-juen	month:6@mom
early juen	month:6@early
late juen	month:6@late
by juen	<month:6
before juen	<month:6
after juen	>month:6
every juen	every_month:6
juen e	month:6
juen er shuru	month:6@som
juen er shesh	month:6@eom
juen er majhamajhi	month:6@mom
juen মাসে	month:6
juen মাসের শুরু	month:6@som
juen মাসের শেষ	month:6@eom
juen মাসের মাঝামাঝি	month:6@mom
juen মাসের শুরুতে	month:6@som
juen মাসের শেষে	month:6@eom
জুন	month:6
in জুন	month:6
this জুন	month:6
next জুন	next_month:6
last জুন	prev_month:6
end of জুন	month:6@eom
start of জুন	month:6@som
beginning of জুন	month:6@som
mid জুন	month:6@mom
mid-জুন	month:6@mom
early জুন	month:6@early
late জুন	month:6@late
by জুন	<month:6
before জুন	<month:6
after জুন	>month:6
every জুন	every_month:6
জুন e	month:6
জুন er shuru	month:6@som
জুন er shesh	month:6@eom
জুন er majhamajhi	month:6@mom
জুন মাসে	month:6
জুন মাসের শুরু	month:6@som
জুন মাসের শেষ	month:6@eom
জুন মাসের মাঝামাঝি	month:6@mom
জুন মাসের শুরুতে	month:6@som
জুন মাসের শেষে	month:6@eom
জুনে	month:6
in জুনে	month:6
this জুনে	month:6
next জুনে	next_month:6
last জুনে	prev_month:6
end of জুনে	month:6@eom
start of জুনে	month:6@som
beginning of জুনে	month:6@som
mid জুনে	month:6@mom
mid-জুনে	month:6@mom
early জুনে	month:6@early
late জুনে	month:6@late
by জুনে	<month:6
before জুনে	<month:6
after জুনে	>month:6
every জুনে	every_month:6
জুনে e	month:6
জুনে er shuru	month:6@som
জুনে er shesh	month:6@eom
জুনে er majhamajhi	month:6@mom
জুনে মাসে	month:6
জুনে মাসের শুরু	month:6@som
জুনে মাসের শেষ	month:6@eom
জুনে মাসের মাঝামাঝি	month:6@mom
জুনে মাসের শুরুতে	month:6@som
জুনে মাসের শেষে	month:6@eom
july	month:7
in july	month:7
this july	month:7
next july	next_month:7
last july	prev_month:7
end of july	month:7@eom
start of july	month:7@som
beginning of july	month:7@som
mid july	month:7@mom
mid-july	month:7@mom
early july	month:7@early
late july	month:7@late
by july	<month:7
before july	<month:7
after july	>month:7
every july	every_month:7
july e	month:7
july er shuru	month:7@som
july er shesh	month:7@eom
july er majhamajhi	month:7@mom
july মাসে	month:7
july মাসের শুরু	month:7@som
july মাসের শেষ	month:7@eom
july মাসের মাঝামাঝি	month:7@mom
july মাসের শুরুতে	month:7@som
july মাসের শেষে	month:7@eom
jul	month:7
in jul	month:7
this jul	month:7
next jul	next_month:7
last jul	prev_month:7
end of jul	month:7@eom
start of jul	month:7@som
beginning of jul	month:7@som
mid jul	month:7@mom
mid-jul	month:7@mom
early jul	month:7@early
late jul	month:7@late
by jul	<month:7
before jul	<month:7
after jul	>month:7
every jul	every_month:7
jul e	month:7
jul er shuru	month:7@som
jul er shesh	month:7@eom
jul er majhamajhi	month:7@mom
jul মাসে	month:7
jul মাসের শুরু	month:7@som
jul মাসের শেষ	month:7@eom
jul মাসের মাঝামাঝি	month:7@mom
jul মাসের শুরুতে	month:7@som
jul মাসের শেষে	month:7@eom
jul.	month:7
in jul.	month:7
this jul.	month:7
next jul.	next_month:7
last jul.	prev_month:7
end of jul.	month:7@eom
start of jul.	month:7@som
beginning of jul.	month:7@som
mid jul.	month:7@mom
mid-jul.	month:7@mom
early jul.	month:7@early
late jul.	month:7@late
by jul.	<month:7
before jul.	<month:7
after jul.	>month:7
every jul.	every_month:7
jul. e	month:7
jul. er shuru	month:7@som
jul. er shesh	month:7@eom
jul. er majhamajhi	month:7@mom
jul. মাসে	month:7
jul. মাসের শুরু	month:7@som
jul. মাসের শেষ	month:7@eom
jul. মাসের মাঝামাঝি	month:7@mom
jul. মাসের শুরুতে	month:7@som
jul. মাসের শেষে	month:7@eom
julai	month:7
in julai	month:7
this julai	month:7
next julai	next_month:7
last julai	prev_month:7
end of julai	month:7@eom
start of julai	month:7@som
beginning of julai	month:7@som
mid julai	month:7@mom
mid-julai	month:7@mom
early julai	month:7@early
late julai	month:7@late
by julai	<month:7
before julai	<month:7
after julai	>month:7
every julai	every_month:7
julai e	month:7
julai er shuru	month:7@som
julai er shesh	month:7@eom
julai er majhamajhi	month:7@mom
julai মাসে	month:7
julai মাসের শুরু	month:7@som
julai মাসের শেষ	month:7@eom
julai মাসের মাঝামাঝি	month:7@mom
julai মাসের শুরুতে	month:7@som
julai মাসের শেষে	month:7@eom
jully	month:7
in jully	month:7
this jully	month:7
next jully	next_month:7
last jully	prev_month:7
end of jully	month:7@eom
start of jully	month:7@som
beginning of jully	month:7@som
mid jully	month:7@mom
mid-jully	month:7@mom
early jully	month:7@early
late jully	month:7@late
by jully	<month:7
before jully	<month:7
after jully	>month:7
every jully	every_month:7
jully e	month:7
jully er shuru	month:7@som
jully er shesh	month:7@eom
jully er majhamajhi	month:7@mom
jully মাসে	month:7
jully মাসের শুরু	month:7@som
jully মাসের শেষ	month:7@eom
jully মাসের মাঝামাঝি	month:7@mom
jully মাসের শুরুতে	month:7@som
jully মাসের শেষে	month:7@eom
জুলাই	month:7
in জুলাই	month:7
this জুলাই	month:7
next জুলাই	next_month:7
last জুলাই	prev_month:7
end of জুলাই	month:7@eom
start of জুলাই	month:7@som
beginning of জুলাই	month:7@som
mid জুলাই	month:7@mom
mid-জুলাই	month:7@mom
early জুলাই	month:7@early
late জুলাই	month:7@late
by জুলাই	<month:7
before জুলাই	<month:7
after জুলাই	>month:7
every জুলাই	every_month:7
জুলাই e	month:7
জুলাই er shuru	month:7@som
জুলাই er shesh	month:7@eom
জুলাই er majhamajhi	month:7@mom
জুলাই মাসে	month:7
জুলাই মাসের শুরু	month:7@som
জুলাই মাসের শেষ	month:7@eom
জুলাই মাসের মাঝামাঝি	month:7@mom
জুলাই মাসের শুরুতে	month:7@som
জুলাই মাসের শেষে	month:7@eom
জুলাইয়ে	month:7
in জুলাইয়ে	month:7
this জুলাইয়ে	month:7
next জুলাইয়ে	next_month:7
last জুলাইয়ে	prev_month:7
end of জুলাইয়ে	month:7@eom
start of জুলাইয়ে	month:7@som
beginning of জুলাইয়ে	month:7@som
mid জুলাইয়ে	month:7@mom
mid-জুলাইয়ে	month:7@mom
early জুলাইয়ে	month:7@early
late জুলাইয়ে	month:7@late
by জুলাইয়ে	<month:7
before জুলাইয়ে	<month:7
after জুলাইয়ে	>month:7
every জুলাইয়ে	every_month:7
জুলাইয়ে e	month:7
জুলাইয়ে er shuru	month:7@som
জুলাইয়ে er shesh	month:7@eom
জুলাইয়ে er majhamajhi	month:7@mom
জুলাইয়ে মাসে	month:7
জুলাইয়ে মাসের শুরু	month:7@som
জুলাইয়ে মাসের শেষ	month:7@eom
জুলাইয়ে মাসের মাঝামাঝি	month:7@mom
জুলাইয়ে মাসের শুরুতে	month:7@som
জুলাইয়ে মাসের শেষে	month:7@eom
জুলাইতে	month:7
in জুলাইতে	month:7
this জুলাইতে	month:7
next জুলাইতে	next_month:7
last জুলাইতে	prev_month:7
end of জুলাইতে	month:7@eom
start of জুলাইতে	month:7@som
beginning of জুলাইতে	month:7@som
mid জুলাইতে	month:7@mom
mid-জুলাইতে	month:7@mom
early জুলাইতে	month:7@early
late জুলাইতে	month:7@late
by জুলাইতে	<month:7
before জুলাইতে	<month:7
after জুলাইতে	>month:7
every জুলাইতে	every_month:7
জুলাইতে e	month:7
জুলাইতে er shuru	month:7@som
জুলাইতে er shesh	month:7@eom
জুলাইতে er majhamajhi	month:7@mom
জুলাইতে মাসে	month:7
জুলাইতে মাসের শুরু	month:7@som
জুলাইতে মাসের শেষ	month:7@eom
জুলাইতে মাসের মাঝামাঝি	month:7@mom
জুলাইতে মাসের শুরুতে	month:7@som
জুলাইতে মাসের শেষে	month:7@eom
august	month:8
in august	month:8
this august	month:8
next august	next_month:8
last august	prev_month:8
end of august	month:8@eom
start of august	month:8@som
beginning of august	month:8@som
mid august	month:8@mom
mid-august	month:8@mom
early august	month:8@early
late august	month:8@late
by august	<month:8
before august	<month:8
after august	>month:8
every august	every_month:8
august e	month:8
august er shuru	month:8@som
august er shesh	month:8@eom
august er majhamajhi	month:8@mom
august মাসে	month:8
august মাসের শুরু	month:8@som
august মাসের শেষ	month:8@eom
august মাসের মাঝামাঝি	month:8@mom
august মাসের শুরুতে	month:8@som
august মাসের শেষে	month:8@eom
aug	month:8
in aug	month:8
this aug	month:8
next aug	next_month:8
last aug	prev_month:8
end of aug	month:8@eom
start of aug	month:8@som
beginning of aug	month:8@som
mid aug	month:8@mom
mid-aug	month:8@mom
early aug	month:8@early
late aug	month:8@late
by aug	<month:8
before aug	<month:8
after aug	>month:8
every aug	every_month:8
aug e	month:8
aug er shuru	month:8@som
aug er shesh	month:8@eom
aug er majhamajhi	month:8@mom
aug মাসে	month:8
aug মাসের শুরু	month:8@som
aug মাসের শেষ	month:8@eom
aug মাসের মাঝামাঝি	month:8@mom
aug মাসের শুরুতে	month:8@som
aug মাসের শেষে	month:8@eom
aug.	month:8
in aug.	month:8
this aug.	month:8
next aug.	next_month:8
last aug.	prev_month:8
end of aug.	month:8@eom
start of aug.	month:8@som
beginning of aug.	month:8@som
mid aug.	month:8@mom
mid-aug.	month:8@mom
early aug.	month:8@early
late aug.	month:8@late
by aug.	<month:8
before aug.	<month:8
after aug.	>month:8
every aug.	every_month:8
aug. e	month:8
aug. er shuru	month:8@som
aug. er shesh	month:8@eom
aug. er majhamajhi	month:8@mom
aug. মাসে	month:8
aug. মাসের শুরু	month:8@som
aug. মাসের শেষ	month:8@eom
aug. মাসের মাঝামাঝি	month:8@mom
aug. মাসের শুরুতে	month:8@som
aug. মাসের শেষে	month:8@eom
augst	month:8
in augst	month:8
this augst	month:8
next augst	next_month:8
last augst	prev_month:8
end of augst	month:8@eom
start of augst	month:8@som
beginning of augst	month:8@som
mid augst	month:8@mom
mid-augst	month:8@mom
early augst	month:8@early
late augst	month:8@late
by augst	<month:8
before augst	<month:8
after augst	>month:8
every augst	every_month:8
augst e	month:8
augst er shuru	month:8@som
augst er shesh	month:8@eom
augst er majhamajhi	month:8@mom
augst মাসে	month:8
augst মাসের শুরু	month:8@som
augst মাসের শেষ	month:8@eom
augst মাসের মাঝামাঝি	month:8@mom
augst মাসের শুরুতে	month:8@som
augst মাসের শেষে	month:8@eom
agust	month:8
in agust	month:8
this agust	month:8
next agust	next_month:8
last agust	prev_month:8
end of agust	month:8@eom
start of agust	month:8@som
beginning of agust	month:8@som
mid agust	month:8@mom
mid-agust	month:8@mom
early agust	month:8@early
late agust	month:8@late
by agust	<month:8
before agust	<month:8
after agust	>month:8
every agust	every_month:8
agust e	month:8
agust er shuru	month:8@som
agust er shesh	month:8@eom
agust er majhamajhi	month:8@mom
agust মাসে	month:8
agust মাসের শুরু	month:8@som
agust মাসের শেষ	month:8@eom
agust মাসের মাঝামাঝি	month:8@mom
agust মাসের শুরুতে	month:8@som
agust মাসের শেষে	month:8@eom
আগস্ট	month:8
in আগস্ট	month:8
this আগস্ট	month:8
next আগস্ট	next_month:8
last আগস্ট	prev_month:8
end of আগস্ট	month:8@eom
start of আগস্ট	month:8@som
beginning of আগস্ট	month:8@som
mid আগস্ট	month:8@mom
mid-আগস্ট	month:8@mom
early আগস্ট	month:8@early
late আগস্ট	month:8@late
by আগস্ট	<month:8
before আগস্ট	<month:8
after আগস্ট	>month:8
every আগস্ট	every_month:8
আগস্ট e	month:8
আগস্ট er shuru	month:8@som
আগস্ট er shesh	month:8@eom
আগস্ট er majhamajhi	month:8@mom
আগস্ট মাসে	month:8
আগস্ট মাসের শুরু	month:8@som
আগস্ট মাসের শেষ	month:8@eom
আগস্ট মাসের মাঝামাঝি	month:8@mom
আগস্ট মাসের শুরুতে	month:8@som
আগস্ট মাসের শেষে	month:8@eom
আগস্টে	month:8
in আগস্টে	month:8
this আগস্টে	month:8
next আগস্টে	next_month:8
last আগস্টে	prev_month:8
end of আগস্টে	month:8@eom
start of আগস্টে	month:8@som
beginning of আগস্টে	month:8@som
mid আগস্টে	month:8@mom
mid-আগস্টে	month:8@mom
early আগস্টে	month:8@early
late আগস্টে	month:8@late
by আগস্টে	<month:8
before আগস্টে	<month:8
after আগস্টে	>month:8
every আগস্টে	every_month:8
আগস্টে e	month:8
আগস্টে er shuru	month:8@som
আগস্টে er shesh	month:8@eom
আগস্টে er majhamajhi	month:8@mom
আগস্টে মাসে	month:8
আগস্টে মাসের শুরু	month:8@som
আগস্টে মাসের শেষ	month:8@eom
আগস্টে মাসের মাঝামাঝি	month:8@mom
আগস্টে মাসের শুরুতে	month:8@som
আগস্টে মাসের শেষে	month:8@eom
অগাস্ট	month:8
in অগাস্ট	month:8
this অগাস্ট	month:8
next অগাস্ট	next_month:8
last অগাস্ট	prev_month:8
end of অগাস্ট	month:8@eom
start of অগাস্ট	month:8@som
beginning of অগাস্ট	month:8@som
mid অগাস্ট	month:8@mom
mid-অগাস্ট	month:8@mom
early অগাস্ট	month:8@early
late অগাস্ট	month:8@late
by অগাস্ট	<month:8
before অগাস্ট	<month:8
after অগাস্ট	>month:8
every অগাস্ট	every_month:8
অগাস্ট e	month:8
অগাস্ট er shuru	month:8@som
অগাস্ট er shesh	month:8@eom
অগাস্ট er majhamajhi	month:8@mom
অগাস্ট মাসে	month:8
অগাস্ট মাসের শুরু	month:8@som
অগাস্ট মাসের শেষ	month:8@eom
অগাস্ট মাসের মাঝামাঝি	month:8@mom
অগাস্ট মাসের শুরুতে	month:8@som
অগাস্ট মাসের শেষে	month:8@eom
অগাস্টে	month:8
in অগাস্টে	month:8
this অগাস্টে	month:8
next অগাস্টে	next_month:8
last অগাস্টে	prev_month:8
end of অগাস্টে	month:8@eom
start of অগাস্টে	month:8@som
beginning of অগাস্টে	month:8@som
mid অগাস্টে	month:8@mom
mid-অগাস্টে	month:8@mom
early অগাস্টে	month:8@early
late অগাস্টে	month:8@late
by অগাস্টে	<month:8
before অগাস্টে	<month:8
after অগাস্টে	>month:8
every অগাস্টে	every_month:8
অগাস্টে e	month:8
অগাস্টে er shuru	month:8@som
অগাস্টে er shesh	month:8@eom
অগাস্টে er majhamajhi	month:8@mom
অগাস্টে মাসে	month:8
অগাস্টে মাসের শুরু	month:8@som
অগাস্টে মাসের শেষ	month:8@eom
অগাস্টে মাসের মাঝামাঝি	month:8@mom
অগাস্টে মাসের শুরুতে	month:8@som
অগাস্টে মাসের শেষে	month:8@eom
september	month:9
in september	month:9
this september	month:9
next september	next_month:9
last september	prev_month:9
end of september	month:9@eom
start of september	month:9@som
beginning of september	month:9@som
mid september	month:9@mom
mid-september	month:9@mom
early september	month:9@early
late september	month:9@late
by september	<month:9
before september	<month:9
after september	>month:9
every september	every_month:9
september e	month:9
september er shuru	month:9@som
september er shesh	month:9@eom
september er majhamajhi	month:9@mom
september মাসে	month:9
september মাসের শুরু	month:9@som
september মাসের শেষ	month:9@eom
september মাসের মাঝামাঝি	month:9@mom
september মাসের শুরুতে	month:9@som
september মাসের শেষে	month:9@eom
sep	month:9
in sep	month:9
this sep	month:9
next sep	next_month:9
last sep	prev_month:9
end of sep	month:9@eom
start of sep	month:9@som
beginning of sep	month:9@som
mid sep	month:9@mom
mid-sep	month:9@mom
early sep	month:9@early
late sep	month:9@late
by sep	<month:9
before sep	<month:9
after sep	>month:9
every sep	every_month:9
sep e	month:9
sep er shuru	month:9@som
sep er shesh	month:9@eom
sep er majhamajhi	month:9@mom
sep মাসে	month:9
sep মাসের শুরু	month:9@som
sep মাসের শেষ	month:9@eom
sep মাসের মাঝামাঝি	month:9@mom
sep মাসের শুরুতে	month:9@som
sep মাসের শেষে	month:9@eom
sept	month:9
in sept	month:9
this sept	month:9
next sept	next_month:9
last sept	prev_month:9
end of sept	month:9@eom
start of sept	month:9@som
beginning of sept	month:9@som
mid sept	month:9@mom
mid-sept	month:9@mom
early sept	month:9@early
late sept	month:9@late
by sept	<month:9
before sept	<month:9
after sept	>month:9
every sept	every_month:9
sept e	month:9
sept er shuru	month:9@som
sept er shesh	month:9@eom
sept er majhamajhi	month:9@mom
sept মাসে	month:9
sept মাসের শুরু	month:9@som
sept মাসের শেষ	month:9@eom
sept মাসের মাঝামাঝি	month:9@mom
sept মাসের শুরুতে	month:9@som
sept মাসের শেষে	month:9@eom
sept.	month:9
in sept.	month:9
this sept.	month:9
next sept.	next_month:9
last sept.	prev_month:9
end of sept.	month:9@eom
start of sept.	month:9@som
beginning of sept.	month:9@som
mid sept.	month:9@mom
mid-sept.	month:9@mom
early sept.	month:9@early
late sept.	month:9@late
by sept.	<month:9
before sept.	<month:9
after sept.	>month:9
every sept.	every_month:9
sept. e	month:9
sept. er shuru	month:9@som
sept. er shesh	month:9@eom
sept. er majhamajhi	month:9@mom
sept. মাসে	month:9
sept. মাসের শুরু	month:9@som
sept. মাসের শেষ	month:9@eom
sept. মাসের মাঝামাঝি	month:9@mom
sept. মাসের শুরুতে	month:9@som
sept. মাসের শেষে	month:9@eom
sep.	month:9
in sep.	month:9
this sep.	month:9
next sep.	next_month:9
last sep.	prev_month:9
end of sep.	month:9@eom
start of sep.	month:9@som
beginning of sep.	month:9@som
mid sep.	month:9@mom
mid-sep.	month:9@mom
early sep.	month:9@early
late sep.	month:9@late
by sep.	<month:9
before sep.	<month:9
after sep.	>month:9
every sep.	every_month:9
sep. e	month:9
sep. er shuru	month:9@som
sep. er shesh	month:9@eom
sep. er majhamajhi	month:9@mom
sep. মাসে	month:9
sep. মাসের শুরু	month:9@som
sep. মাসের শেষ	month:9@eom
sep. মাসের মাঝামাঝি	month:9@mom
sep. মাসের শুরুতে	month:9@som
sep. মাসের শেষে	month:9@eom
septemeber	month:9
in septemeber	month:9
this septemeber	month:9
next septemeber	next_month:9
last septemeber	prev_month:9
end of septemeber	month:9@eom
start of septemeber	month:9@som
beginning of septemeber	month:9@som
mid septemeber	month:9@mom
mid-septemeber	month:9@mom
early septemeber	month:9@early
late septemeber	month:9@late
by septemeber	<month:9
before septemeber	<month:9
after septemeber	>month:9
every septemeber	every_month:9
septemeber e	month:9
septemeber er shuru	month:9@som
septemeber er shesh	month:9@eom
septemeber er majhamajhi	month:9@mom
septemeber মাসে	month:9
septemeber মাসের শুরু	month:9@som
septemeber মাসের শেষ	month:9@eom
septemeber মাসের মাঝামাঝি	month:9@mom
septemeber মাসের শুরুতে	month:9@som
septemeber মাসের শেষে	month:9@eom
setember	month:9
in setember	month:9
this setember	month:9
next setember	next_month:9
last setember	prev_month:9
end of setember	month:9@eom
start of setember	month:9@som
beginning of setember	month:9@som
mid setember	month:9@mom
mid-setember	month:9@mom
early setember	month:9@early
late setember	month:9@late
by setember	<month:9
before setember	<month:9
after setember	>month:9
every setember	every_month:9
setember e	month:9
setember er shuru	month:9@som
setember er shesh	month:9@eom
setember er majhamajhi	month:9@mom
setember মাসে	month:9
setember মাসের শুরু	month:9@som
setember মাসের শেষ	month:9@eom
setember মাসের মাঝামাঝি	month:9@mom
setember মাসের শুরুতে	month:9@som
setember মাসের শেষে	month:9@eom
সেপ্টেম্বর	month:9
in সেপ্টেম্বর	month:9
this সেপ্টেম্বর	month:9
next সেপ্টেম্বর	next_month:9
last সেপ্টেম্বর	prev_month:9
end of সেপ্টেম্বর	month:9@eom
start of সেপ্টেম্বর	month:9@som
beginning of সেপ্টেম্বর	month:9@som
mid সেপ্টেম্বর	month:9@mom
mid-সেপ্টেম্বর	month:9@mom
early সেপ্টেম্বর	month:9@early
late সেপ্টেম্বর	month:9@late
by সেপ্টেম্বর	<month:9
before সেপ্টেম্বর	<month:9
after সেপ্টেম্বর	>month:9
every সেপ্টেম্বর	every_month:9
সেপ্টেম্বর e	month:9
সেপ্টেম্বর er shuru	month:9@som
সেপ্টেম্বর er shesh	month:9@eom
সেপ্টেম্বর er majhamajhi	month:9@mom
সেপ্টেম্বর মাসে	month:9
সেপ্টেম্বর মাসের শুরু	month:9@som
সেপ্টেম্বর মাসের শেষ	month:9@eom
সেপ্টেম্বর মাসের মাঝামাঝি	month:9@mom
সেপ্টেম্বর মাসের শুরুতে	month:9@som
সেপ্টেম্বর মাসের শেষে	month:9@eom
সেপ্টেম্বরে	month:9
in সেপ্টেম্বরে	month:9
this সেপ্টেম্বরে	month:9
next সেপ্টেম্বরে	next_month:9
last সেপ্টেম্বরে	prev_month:9
end of সেপ্টেম্বরে	month:9@eom
start of সেপ্টেম্বরে	month:9@som
beginning of সেপ্টেম্বরে	month:9@som
mid সেপ্টেম্বরে	month:9@mom
mid-সেপ্টেম্বরে	month:9@mom
early সেপ্টেম্বরে	month:9@early
late সেপ্টেম্বরে	month:9@late
by সেপ্টেম্বরে	<month:9
before সেপ্টেম্বরে	<month:9
after সেপ্টেম্বরে	>month:9
every সেপ্টেম্বরে	every_month:9
সেপ্টেম্বরে e	month:9
সেপ্টেম্বরে er shuru	month:9@som
সেপ্টেম্বরে er shesh	month:9@eom
সেপ্টেম্বরে er majhamajhi	month:9@mom
সেপ্টেম্বরে মাসে	month:9
সেপ্টেম্বরে মাসের শুরু	month:9@som
সেপ্টেম্বরে মাসের শেষ	month:9@eom
সেপ্টেম্বরে মাসের মাঝামাঝি	month:9@mom
সেপ্টেম্বরে মাসের শুরুতে	month:9@som
সেপ্টেম্বরে মাসের শেষে	month:9@eom
সেপ্টেম্বার	month:9
in সেপ্টেম্বার	month:9
this সেপ্টেম্বার	month:9
next সেপ্টেম্বার	next_month:9
last সেপ্টেম্বার	prev_month:9
end of সেপ্টেম্বার	month:9@eom
start of সেপ্টেম্বার	month:9@som
beginning of সেপ্টেম্বার	month:9@som
mid সেপ্টেম্বার	month:9@mom
mid-সেপ্টেম্বার	month:9@mom
early সেপ্টেম্বার	month:9@early
late সেপ্টেম্বার	month:9@late
by সেপ্টেম্বার	<month:9
before সেপ্টেম্বার	<month:9
after সেপ্টেম্বার	>month:9
every সেপ্টেম্বার	every_month:9
সেপ্টেম্বার e	month:9
সেপ্টেম্বার er shuru	month:9@som
সেপ্টেম্বার er shesh	month:9@eom
সেপ্টেম্বার er majhamajhi	month:9@mom
সেপ্টেম্বার মাসে	month:9
সেপ্টেম্বার মাসের শুরু	month:9@som
সেপ্টেম্বার মাসের শেষ	month:9@eom
সেপ্টেম্বার মাসের মাঝামাঝি	month:9@mom
সেপ্টেম্বার মাসের শুরুতে	month:9@som
সেপ্টেম্বার মাসের শেষে	month:9@eom
october	month:10
in october	month:10
this october	month:10
next october	next_month:10
last october	prev_month:10
end of october	month:10@eom
start of october	month:10@som
beginning of october	month:10@som
mid october	month:10@mom
mid-october	month:10@mom
early october	month:10@early
late october	month:10@late
by october	<month:10
before october	<month:10
after october	>month:10
every october	every_month:10
october e	month:10
october er shuru	month:10@som
october er shesh	month:10@eom
october er majhamajhi	month:10@mom
october মাসে	month:10
october মাসের শুরু	month:10@som
october মাসের শেষ	month:10@eom
october মাসের মাঝামাঝি	month:10@mom
october মাসের শুরুতে	month:10@som
october মাসের শেষে	month:10@eom
oct	month:10
in oct	month:10
this oct	month:10
next oct	next_month:10
last oct	prev_month:10
end of oct	month:10@eom
start of oct	month:10@som
beginning of oct	month:10@som
mid oct	month:10@mom
mid-oct	month:10@mom
early oct	month:10@early
late oct	month:10@late
by oct	<month:10
before oct	<month:10
after oct	>month:10
every oct	every_month:10
oct e	month:10
oct er shuru	month:10@som
oct er shesh	month:10@eom
oct er majhamajhi	month:10@mom
oct মাসে	month:10
oct মাসের শুরু	month:10@som
oct মাসের শেষ	month:10@eom
oct মাসের মাঝামাঝি	month:10@mom
oct মাসের শুরুতে	month:10@som
oct মাসের শেষে	month:10@eom
oct.	month:10
in oct.	month:10
this oct.	month:10
next oct.	next_month:10
last oct.	prev_month:10
end of oct.	month:10@eom
start of oct.	month:10@som
beginning of oct.	month:10@som
mid oct.	month:10@mom
mid-oct.	month:10@mom
early oct.	month:10@early
late oct.	month:10@late
by oct.	<month:10
before oct.	<month:10
after oct.	>month:10
every oct.	every_month:10
oct. e	month:10
oct. er shuru	month:10@som
oct. er shesh	month:10@eom
oct. er majhamajhi	month:10@mom
oct. মাসে	month:10
oct. মাসের শুরু	month:10@som
oct. মাসের শেষ	month:10@eom
oct. মাসের মাঝামাঝি	month:10@mom
oct. মাসের শুরুতে	month:10@som
oct. মাসের শেষে	month:10@eom
octobar	month:10
in octobar	month:10
this octobar	month:10
next octobar	next_month:10
last octobar	prev_month:10
end of octobar	month:10@eom
start of octobar	month:10@som
beginning of octobar	month:10@som
mid octobar	month:10@mom
mid-octobar	month:10@mom
early octobar	month:10@early
late octobar	month:10@late
by octobar	<month:10
before octobar	<month:10
after octobar	>month:10
every octobar	every_month:10
octobar e	month:10
octobar er shuru	month:10@som
octobar er shesh	month:10@eom
octobar er majhamajhi	month:10@mom
octobar মাসে	month:10
octobar মাসের শুরু	month:10@som
octobar মাসের শেষ	month:10@eom
octobar মাসের মাঝামাঝি	month:10@mom
octobar মাসের শুরুতে	month:10@som
octobar মাসের শেষে	month:10@eom
octobor	month:10
in octobor	month:10
this octobor	month:10
next octobor	next_month:10
last octobor	prev_month:10
end of octobor	month:10@eom
start of octobor	month:10@som
beginning of octobor	month:10@som
mid octobor	month:10@mom
mid-octobor	month:10@mom
early octobor	month:10@early
late octobor	month:10@late
by octobor	<month:10
before octobor	<month:10
after octobor	>month:10
every octobor	every_month:10
octobor e	month:10
octobor er shuru	month:10@som
octobor er shesh	month:10@eom
octobor er majhamajhi	month:10@mom
octobor মাসে	month:10
octobor মাসের শুরু	month:10@som
octobor মাসের শেষ	month:10@eom
octobor মাসের মাঝামাঝি	month:10@mom
octobor মাসের শুরুতে	month:10@som
octobor মাসের শেষে	month:10@eom
অক্টোবর	month:10
in অক্টোবর	month:10
this অক্টোবর	month:10
next অক্টোবর	next_month:10
last অক্টোবর	prev_month:10
end of অক্টোবর	month:10@eom
start of অক্টোবর	month:10@som
beginning of অক্টোবর	month:10@som
mid অক্টোবর	month:10@mom
mid-অক্টোবর	month:10@mom
early অক্টোবর	month:10@early
late অক্টোবর	month:10@late
by অক্টোবর	<month:10
before অক্টোবর	<month:10
after অক্টোবর	>month:10
every অক্টোবর	every_month:10
অক্টোবর e	month:10
অক্টোবর er shuru	month:10@som
অক্টোবর er shesh	month:10@eom
অক্টোবর er majhamajhi	month:10@mom
অক্টোবর মাসে	month:10
অক্টোবর মাসের শুরু	month:10@som
অক্টোবর মাসের শেষ	month:10@eom
অক্টোবর মাসের মাঝামাঝি	month:10@mom
অক্টোবর মাসের শুরুতে	month:10@som
অক্টোবর মাসের শেষে	month:10@eom
অক্টোবরে	month:10
in অক্টোবরে	month:10
this অক্টোবরে	month:10
next অক্টোবরে	next_month:10
last অক্টোবরে	prev_month:10
end of অক্টোবরে	month:10@eom
start of অক্টোবরে	month:10@som
beginning of অক্টোবরে	month:10@som
mid অক্টোবরে	month:10@mom
mid-অক্টোবরে	month:10@mom
early অক্টোবরে	month:10@early
late অক্টোবরে	month:10@late
by অক্টোবরে	<month:10
before অক্টোবরে	<month:10
after অক্টোবরে	>month:10
every অক্টোবরে	every_month:10
অক্টোবরে e	month:10
অক্টোবরে er shuru	month:10@som
অক্টোবরে er shesh	month:10@eom
অক্টোবরে er majhamajhi	month:10@mom
অক্টোবরে মাসে	month:10
অক্টোবরে মাসের শুরু	month:10@som
অক্টোবরে মাসের শেষ	month:10@eom
অক্টোবরে মাসের মাঝামাঝি	month:10@mom
অক্টোবরে মাসের শুরুতে	month:10@som
অক্টোবরে মাসের শেষে	month:10@eom
অক্টোবার	month:10
in অক্টোবার	month:10
this অক্টোবার	month:10
next অক্টোবার	next_month:10
last অক্টোবার	prev_month:10
end of অক্টোবার	month:10@eom
start of অক্টোবার	month:10@som
beginning of অক্টোবার	month:10@som
mid অক্টোবার	month:10@mom
mid-অক্টোবার	month:10@mom
early অক্টোবার	month:10@early
late অক্টোবার	month:10@late
by অক্টোবার	<month:10
before অক্টোবার	<month:10
after অক্টোবার	>month:10
every অক্টোবার	every_month:10
অক্টোবার e	month:10
অক্টোবার er shuru	month:10@som
অক্টোবার er shesh	month:10@eom
অক্টোবার er majhamajhi	month:10@mom
অক্টোবার মাসে	month:10
অক্টোবার মাসের শুরু	month:10@som
অক্টোবার মাসের শেষ	month:10@eom
অক্টোবার মাসের মাঝামাঝি	month:10@mom
অক্টোবার মাসের শুরুতে	month:10@som
অক্টোবার মাসের শেষে	month:10@eom
november	month:11
in november	month:11
this november	month:11
next november	next_month:11
last november	prev_month:11
end of november	month:11@eom
start of november	month:11@som
beginning of november	month:11@som
mid november	month:11@mom
mid-november	month:11@mom
early november	month:11@early
late november	month:11@late
by november	<month:11
before november	<month:11
after november	>month:11
every november	every_month:11
november e	month:11
november er shuru	month:11@som
november er shesh	month:11@eom
november er majhamajhi	month:11@mom
november মাসে	month:11
november মাসের শুরু	month:11@som
november মাসের শেষ	month:11@eom
november মাসের মাঝামাঝি	month:11@mom
november মাসের শুরুতে	month:11@som
november মাসের শেষে	month:11@eom
nov	month:11
in nov	month:11
this nov	month:11
next nov	next_month:11
last nov	prev_month:11
end of nov	month:11@eom
start of nov	month:11@som
beginning of nov	month:11@som
mid nov	month:11@mom
mid-nov	month:11@mom
early nov	month:11@early
late nov	month:11@late
by nov	<month:11
before nov	<month:11
after nov	>month:11
every nov	every_month:11
nov e	month:11
nov er shuru	month:11@som
nov er shesh	month:11@eom
nov er majhamajhi	month:11@mom
nov মাসে	month:11
nov মাসের শুরু	month:11@som
nov মাসের শেষ	month:11@eom
nov মাসের মাঝামাঝি	month:11@mom
nov মাসের শুরুতে	month:11@som
nov মাসের শেষে	month:11@eom
nov.	month:11
in nov.	month:11
this nov.	month:11
next nov.	next_month:11
last nov.	prev_month:11
end of nov.	month:11@eom
start of nov.	month:11@som
beginning of nov.	month:11@som
mid nov.	month:11@mom
mid-nov.	month:11@mom
early nov.	month:11@early
late nov.	month:11@late
by nov.	<month:11
before nov.	<month:11
after nov.	>month:11
every nov.	every_month:11
nov. e	month:11
nov. er shuru	month:11@som
nov. er shesh	month:11@eom
nov. er majhamajhi	month:11@mom
nov. মাসে	month:11
nov. মাসের শুরু	month:11@som
nov. মাসের শেষ	month:11@eom
nov. মাসের মাঝামাঝি	month:11@mom
nov. মাসের শুরুতে	month:11@som
nov. মাসের শেষে	month:11@eom
novembar	month:11
in novembar	month:11
this novembar	month:11
next novembar	next_month:11
last novembar	prev_month:11
end of novembar	month:11@eom
start of novembar	month:11@som
beginning of novembar	month:11@som
mid novembar	month:11@mom
mid-novembar	month:11@mom
early novembar	month:11@early
late novembar	month:11@late
by novembar	<month:11
before novembar	<month:11
after novembar	>month:11
every novembar	every_month:11
novembar e	month:11
novembar er shuru	month:11@som
novembar er shesh	month:11@eom
novembar er majhamajhi	month:11@mom
novembar মাসে	month:11
novembar মাসের শুরু	month:11@som
novembar মাসের শেষ	month:11@eom
novembar মাসের মাঝামাঝি	month:11@mom
novembar মাসের শুরুতে	month:11@som
novembar মাসের শেষে	month:11@eom
novemeber	month:11
in novemeber	month:11
this novemeber	month:11
next novemeber	next_month:11
last novemeber	prev_month:11
end of novemeber	month:11@eom
start of novemeber	month:11@som
beginning of novemeber	month:11@som
mid novemeber	month:11@mom
mid-novemeber	month:11@mom
early novemeber	month:11@early
late novemeber	month:11@late
by novemeber	<month:11
before novemeber	<month:11
after novemeber	>month:11
every novemeber	every_month:11
novemeber e	month:11
novemeber er shuru	month:11@som
novemeber er shesh	month:11@eom
novemeber er majhamajhi	month:11@mom
novemeber মাসে	month:11
novemeber মাসের শুরু	month:11@som
novemeber মাসের শেষ	month:11@eom
novemeber মাসের মাঝামাঝি	month:11@mom
novemeber মাসের শুরুতে	month:11@som
novemeber মাসের শেষে	month:11@eom
নভেম্বর	month:11
in নভেম্বর	month:11
this নভেম্বর	month:11
next নভেম্বর	next_month:11
last নভেম্বর	prev_month:11
end of নভেম্বর	month:11@eom
start of নভেম্বর	month:11@som
beginning of নভেম্বর	month:11@som
mid নভেম্বর	month:11@mom
mid-নভেম্বর	month:11@mom
early নভেম্বর	month:11@early
late নভেম্বর	month:11@late
by নভেম্বর	<month:11
before নভেম্বর	<month:11
after নভেম্বর	>month:11
every নভেম্বর	every_month:11
নভেম্বর e	month:11
নভেম্বর er shuru	month:11@som
নভেম্বর er shesh	month:11@eom
নভেম্বর er majhamajhi	month:11@mom
নভেম্বর মাসে	month:11
নভেম্বর মাসের শুরু	month:11@som
নভেম্বর মাসের শেষ	month:11@eom
নভেম্বর মাসের মাঝামাঝি	month:11@mom
নভেম্বর মাসের শুরুতে	month:11@som
নভেম্বর মাসের শেষে	month:11@eom
নভেম্বরে	month:11
in নভেম্বরে	month:11
this নভেম্বরে	month:11
next নভেম্বরে	next_month:11
last নভেম্বরে	prev_month:11
end of নভেম্বরে	month:11@eom
start of নভেম্বরে	month:11@som
beginning of নভেম্বরে	month:11@som
mid নভেম্বরে	month:11@mom
mid-নভেম্বরে	month:11@mom
early নভেম্বরে	month:11@early
late নভেম্বরে	month:11@late
by নভেম্বরে	<month:11
before নভেম্বরে	<month:11
after নভেম্বরে	>month:11
every নভেম্বরে	every_month:11
নভেম্বরে e	month:11
নভেম্বরে er shuru	month:11@som
নভেম্বরে er shesh	month:11@eom
নভেম্বরে er majhamajhi	month:11@mom
নভেম্বরে মাসে	month:11
নভেম্বরে মাসের শুরু	month:11@som
নভেম্বরে মাসের শেষ	month:11@eom
নভেম্বরে মাসের মাঝামাঝি	month:11@mom
নভেম্বরে মাসের শুরুতে	month:11@som
নভেম্বরে মাসের শেষে	month:11@eom
নভেম্বার	month:11
in নভেম্বার	month:11
this নভেম্বার	month:11
next নভেম্বার	next_month:11
last নভেম্বার	prev_month:11
end of নভেম্বার	month:11@eom
start of নভেম্বার	month:11@som
beginning of নভেম্বার	month:11@som
mid নভেম্বার	month:11@mom
mid-নভেম্বার	month:11@mom
early নভেম্বার	month:11@early
late নভেম্বার	month:11@late
by নভেম্বার	<month:11
before নভেম্বার	<month:11
after নভেম্বার	>month:11
every নভেম্বার	every_month:11
নভেম্বার e	month:11
নভেম্বার er shuru	month:11@som
নভেম্বার er shesh	month:11@eom
নভেম্বার er majhamajhi	month:11@mom
নভেম্বার মাসে	month:11
নভেম্বার মাসের শুরু	month:11@som
নভেম্বার মাসের শেষ	month:11@eom
নভেম্বার মাসের মাঝামাঝি	month:11@mom
নভেম্বার মাসের শুরুতে	month:11@som
নভেম্বার মাসের শেষে	month:11@eom
december	month:12
in december	month:12
this december	month:12
next december	next_month:12
last december	prev_month:12
start of december	month:12@som
beginning of december	month:12@som
mid december	month:12@mom
mid-december	month:12@mom
early december	month:12@early
late december	month:12@late
by december	<month:12
before december	<month:12
after december	>month:12
every december	every_month:12
december e	month:12
december er shuru	month:12@som
december er shesh	month:12@eom
december er majhamajhi	month:12@mom
december মাসে	month:12
december মাসের শুরু	month:12@som
december মাসের শেষ	month:12@eom
december মাসের মাঝামাঝি	month:12@mom
december মাসের শুরুতে	month:12@som
december মাসের শেষে	month:12@eom
dec	month:12
in dec	month:12
this dec	month:12
next dec	next_month:12
last dec	prev_month:12
start of dec	month:12@som
beginning of dec	month:12@som
mid dec	month:12@mom
mid-dec	month:12@mom
early dec	month:12@early
late dec	month:12@late
by dec	<month:12
before dec	<month:12
after dec	>month:12
every dec	every_month:12
dec e	month:12
dec er shuru	month:12@som
dec er shesh	month:12@eom
dec er majhamajhi	month:12@mom
dec মাসে	month:12
dec মাসের শুরু	month:12@som
dec মাসের শেষ	month:12@eom
dec মাসের মাঝামাঝি	month:12@mom
dec মাসের শুরুতে	month:12@som
dec মাসের শেষে	month:12@eom
dec.	month:12
in dec.	month:12
this dec.	month:12
next dec.	next_month:12
last dec.	prev_month:12
end of dec.	month:12@eom
start of dec.	month:12@som
beginning of dec.	month:12@som
mid dec.	month:12@mom
mid-dec.	month:12@mom
early dec.	month:12@early
late dec.	month:12@late
by dec.	<month:12
before dec.	<month:12
after dec.	>month:12
every dec.	every_month:12
dec. e	month:12
dec. er shuru	month:12@som
dec. er shesh	month:12@eom
dec. er majhamajhi	month:12@mom
dec. মাসে	month:12
dec. মাসের শুরু	month:12@som
dec. মাসের শেষ	month:12@eom
dec. মাসের মাঝামাঝি	month:12@mom
dec. মাসের শুরুতে	month:12@som
dec. মাসের শেষে	month:12@eom
decembar	month:12
in decembar	month:12
this decembar	month:12
next decembar	next_month:12
last decembar	prev_month:12
end of decembar	month:12@eom
start of decembar	month:12@som
beginning of decembar	month:12@som
mid decembar	month:12@mom
mid-decembar	month:12@mom
early decembar	month:12@early
late decembar	month:12@late
by decembar	<month:12
before decembar	<month:12
after decembar	>month:12
every decembar	every_month:12
decembar e	month:12
decembar er shuru	month:12@som
decembar er shesh	month:12@eom
decembar er majhamajhi	month:12@mom
decembar মাসে	month:12
decembar মাসের শুরু	month:12@som
decembar মাসের শেষ	month:12@eom
decembar মাসের মাঝামাঝি	month:12@mom
decembar মাসের শুরুতে	month:12@som
decembar মাসের শেষে	month:12@eom
decemeber	month:12
in decemeber	month:12
this decemeber	month:12
next decemeber	next_month:12
last decemeber	prev_month:12
end of decemeber	month:12@eom
start of decemeber	month:12@som
beginning of decemeber	month:12@som
mid decemeber	month:12@mom
mid-decemeber	month:12@mom
early decemeber	month:12@early
late decemeber	month:12@late
by decemeber	<month:12
before decemeber	<month:12
after decemeber	>month:12
every decemeber	every_month:12
decemeber e	month:12
decemeber er shuru	month:12@som
decemeber er shesh	month:12@eom
decemeber er majhamajhi	month:12@mom
decemeber মাসে	month:12
decemeber মাসের শুরু	month:12@som
decemeber মাসের শেষ	month:12@eom
decemeber মাসের মাঝামাঝি	month:12@mom
decemeber মাসের শুরুতে	month:12@som
decemeber মাসের শেষে	month:12@eom
ডিসেম্বর	month:12
in ডিসেম্বর	month:12
this ডিসেম্বর	month:12
next ডিসেম্বর	next_month:12
last ডিসেম্বর	prev_month:12
end of ডিসেম্বর	month:12@eom
start of ডিসেম্বর	month:12@som
beginning of ডিসেম্বর	month:12@som
mid ডিসেম্বর	month:12@mom
mid-ডিসেম্বর	month:12@mom
early ডিসেম্বর	month:12@early
late ডিসেম্বর	month:12@late
by ডিসেম্বর	<month:12
before ডিসেম্বর	<month:12
after ডিসেম্বর	>month:12
every ডিসেম্বর	every_month:12
ডিসেম্বর e	month:12
ডিসেম্বর er shuru	month:12@som
ডিসেম্বর er shesh	month:12@eom
ডিসেম্বর er majhamajhi	month:12@mom
ডিসেম্বর মাসে	month:12
ডিসেম্বর মাসের শুরু	month:12@som
ডিসেম্বর মাসের শেষ	month:12@eom
ডিসেম্বর মাসের মাঝামাঝি	month:12@mom
ডিসেম্বর মাসের শুরুতে	month:12@som
ডিসেম্বর মাসের শেষে	month:12@eom
ডিসেম্বরে	month:12
in ডিসেম্বরে	month:12
this ডিসেম্বরে	month:12
next ডিসেম্বরে	next_month:12
last ডিসেম্বরে	prev_month:12
end of ডিসেম্বরে	month:12@eom
start of ডিসেম্বরে	month:12@som
beginning of ডিসেম্বরে	month:12@som
mid ডিসেম্বরে	month:12@mom
mid-ডিসেম্বরে	month:12@mom
early ডিসেম্বরে	month:12@early
late ডিসেম্বরে	month:12@late
by ডিসেম্বরে	<month:12
before ডিসেম্বরে	<month:12
after ডিসেম্বরে	>month:12
every ডিসেম্বরে	every_month:12
ডিসেম্বরে e	month:12
ডিসেম্বরে er shuru	month:12@som
ডিসেম্বরে er shesh	month:12@eom
ডিসেম্বরে er majhamajhi	month:12@mom
ডিসেম্বরে মাসে	month:12
ডিসেম্বরে মাসের শুরু	month:12@som
ডিসেম্বরে মাসের শেষ	month:12@eom
ডিসেম্বরে মাসের মাঝামাঝি	month:12@mom
ডিসেম্বরে মাসের শুরুতে	month:12@som
ডিসেম্বরে মাসের শেষে	month:12@eom
ডিসেম্বার	month:12
in ডিসেম্বার	month:12
this ডিসেম্বার	month:12
next ডিসেম্বার	next_month:12
last ডিসেম্বার	prev_month:12
end of ডিসেম্বার	month:12@eom
start of ডিসেম্বার	month:12@som
beginning of ডিসেম্বার	month:12@som
mid ডিসেম্বার	month:12@mom
mid-ডিসেম্বার	month:12@mom
early ডিসেম্বার	month:12@early
late ডিসেম্বার	month:12@late
by ডিসেম্বার	<month:12
before ডিসেম্বার	<month:12
after ডিসেম্বার	>month:12
every ডিসেম্বার	every_month:12
ডিসেম্বার e	month:12
ডিসেম্বার er shuru	month:12@som
ডিসেম্বার er shesh	month:12@eom
ডিসেম্বার er majhamajhi	month:12@mom
ডিসেম্বার মাসে	month:12
ডিসেম্বার মাসের শুরু	month:12@som
ডিসেম্বার মাসের শেষ	month:12@eom
ডিসেম্বার মাসের মাঝামাঝি	month:12@mom
ডিসেম্বার মাসের শুরুতে	month:12@som
ডিসেম্বার মাসের শেষে	month:12@eom
boishakh	bn_month:boishakh
baishakh	bn_month:boishakh
boisakh	bn_month:boishakh
baisakh	bn_month:boishakh
বৈশাখ	bn_month:boishakh
বৈশাখে	bn_month:boishakh
বৈশাখ মাসে	bn_month:boishakh
joishtho	bn_month:joishtho
joistho	bn_month:joishtho
jyoishtho	bn_month:joishtho
jaishtha	bn_month:joishtho
jeshtho	bn_month:joishtho
জ্যৈষ্ঠ	bn_month:joishtho
জ্যৈষ্ঠে	bn_month:joishtho
জ্যৈষ্ঠ মাসে	bn_month:joishtho
asharh	bn_month:asharh
ashar	bn_month:asharh
asadh	bn_month:asharh
ashadh	bn_month:asharh
আষাঢ়	bn_month:asharh
আষাঢ়ে	bn_month:asharh
আষাঢ় মাসে	bn_month:asharh
আষাঢ	bn_month:asharh
shrabon	bn_month:shrabon
srabon	bn_month:shrabon
shraban	bn_month:shrabon
sraban	bn_month:shrabon
shaon	bn_month:shrabon
saon	bn_month:shrabon
শ্রাবণ	bn_month:shrabon
শ্রাবণে	bn_month:shrabon
শ্রাবণ মাসে	bn_month:shrabon
bhadro	bn_month:bhadro
bhadra	bn_month:bhadro
bhado	bn_month:bhadro
ভাদ্র	bn_month:bhadro
ভাদ্রে	bn_month:bhadro
ভাদ্র মাসে	bn_month:bhadro
ashwin	bn_month:ashwin
ashshin	bn_month:ashwin
ashin	bn_month:ashwin
ashsin	bn_month:ashwin
আশ্বিন	bn_month:ashwin
আশ্বিনে	bn_month:ashwin
আশ্বিন মাসে	bn_month:ashwin
kartik	bn_month:kartik
kartick	bn_month:kartik
karthik	bn_month:kartik
কার্তিক	bn_month:kartik
কার্তিকে	bn_month:kartik
কার্তিক মাসে	bn_month:kartik
ogrohayon	bn_month:ogrohayon
agrahayan	bn_month:ogrohayon
agrahayon	bn_month:ogrohayon
ograhayon	bn_month:ogrohayon
অগ্রহায়ণ	bn_month:ogrohayon
অগ্রহায়ণে	bn_month:ogrohayon
অগ্রহায়ণ মাসে	bn_month:ogrohayon
poush	bn_month:poush
paush	bn_month:poush
pous	bn_month:poush
পৌষ	bn_month:poush
পৌষে	bn_month:poush
পৌষ মাসে	bn_month:poush
magh	bn_month:magh
maagh	bn_month:magh
মাঘ	bn_month:magh
মাঘে	bn_month:magh
মাঘ মাসে	bn_month:magh
falgun	bn_month:falgun
phalgun	bn_month:falgun
fagun	bn_month:falgun
ফাল্গুন	bn_month:falgun
ফাল্গুনে	bn_month:falgun
ফাল্গুন মাসে	bn_month:falgun
ফাগুন	bn_month:falgun
choitro	bn_month:choitro
chaitra	bn_month:choitro
choitra	bn_month:choitro
chaitro	bn_month:choitro
চৈত্র	bn_month:choitro
চৈত্রে	bn_month:choitro
চৈত্র মাসে	bn_month:choitro
summer	season:summer
gorom kal	season:summer
gromokal	season:summer
grishmo	season:summer
grishmokal	season:summer
গ্রীষ্ম	season:summer
গ্রীষ্মকাল	season:summer
গ্রীষ্মে	season:summer
গরমকাল	season:summer
গরম কাল	season:summer
monsoon	season:monsoon
rainy season	season:monsoon
borsha	season:monsoon
borsha kal	season:monsoon
borshakal	season:monsoon
বর্ষা	season:monsoon
বর্ষাকাল	season:monsoon
বর্ষায়	season:monsoon
বর্ষা কাল	season:monsoon
autumn	season:autumn
sharot	season:autumn
sharat	season:autumn
sharot kal	season:autumn
sharotkal	season:autumn
শরৎ	season:autumn
শরৎকাল	season:autumn
শরতে	season:autumn
late autumn	season:late_autumn
hemonto	season:late_autumn
hemanta	season:late_autumn
hemonto kal	season:late_autumn
হেমন্ত	season:late_autumn
হেমন্তকাল	season:late_autumn
হেমন্তে	season:late_autumn
winter	season:winter
shit	season:winter
sheet	season:winter
shit kal	season:winter
sheet kal	season:winter
shitkal	season:winter
শীত	season:winter
শীতকাল	season:winter
শীতে	season:winter
শীত কাল	season:winter
spring	season:spring
boshonto	season:spring
basanta	season:spring
boshonto kal	season:spring
বসন্ত	season:spring
বসন্তকাল	season:spring
বসন্তে	season:spring
বসন্ত কাল	season:spring
1st	day:1
first	day:1
the 1st	day:1
the first	day:1
on the 1st	day:1
on 1st	day:1
by the 1st	<day:1
before the 1st	<day:1
after the 1st	>day:1
1 tarikh	day:1
1 tarikhe	day:1
1 tarik	day:1
1 date	day:1
1 er moddhe	<day:1
1 tarikher moddhe	<day:1
1 tarikher age	<day:1
1 tarikher por	>day:1
১ তারিখ	day:1
১ তারিখে	day:1
1 তারিখ	day:1
1 তারিখে	day:1
১ তারিখের মধ্যে	<day:1
১ তারিখের আগে	<day:1
১ তারিখের পর	>day:1
2nd	day:2
second	day:2
the 2nd	day:2
the second	day:2
on the 2nd	day:2
on 2nd	day:2
by the 2nd	<day:2
before the 2nd	<day:2
after the 2nd	>day:2
2 tarikh	day:2
2 tarikhe	day:2
2 tarik	day:2
2 date	day:2
2 er moddhe	<day:2
2 tarikher moddhe	<day:2
2 tarikher age	<day:2
2 tarikher por	>day:2
২ তারিখ	day:2
২ তারিখে	day:2
2 তারিখ	day:2
2 তারিখে	day:2
২ তারিখের মধ্যে	<day:2
২ তারিখের আগে	<day:2
২ তারিখের পর	>day:2
দোসরা	day:2
3rd	day:3
third	day:3
the 3rd	day:3
the third	day:3
on the 3rd	day:3
on 3rd	day:3
by the 3rd	<day:3
before the 3rd	<day:3
after the 3rd	>day:3
3 tarikh	day:3
3 tarikhe	day:3
3 tarik	day:3
3 date	day:3
3 er moddhe	<day:3
3 tarikher moddhe	<day:3
3 tarikher age	<day:3
3 tarikher por	>day:3
৩ তারিখ	day:3
৩ তারিখে	day:3
3 তারিখ	day:3
3 তারিখে	day:3
৩ তারিখের মধ্যে	<day:3
৩ তারিখের আগে	<day:3
৩ তারিখের পর	>day:3
তেসরা	day:3
4th	day:4
fourth	day:4
the 4th	day:4
the fourth	day:4
on the 4th	day:4
on 4th	day:4
by the 4th	<day:4
before the 4th	<day:4
after the 4th	>day:4
4 tarikh	day:4
4 tarikhe	day:4
4 tarik	day:4
4 date	day:4
4 er moddhe	<day:4
4 tarikher moddhe	<day:4
4 tarikher age	<day:4
4 tarikher por	>day:4
৪ তারিখ	day:4
৪ তারিখে	day:4
4 তারিখ	day:4
4 তারিখে	day:4
৪ তারিখের মধ্যে	<day:4
৪ তারিখের আগে	<day:4
৪ তারিখের পর	>day:4
চৌঠা	day:4
5th	day:5
fifth	day:5
the 5th	day:5
the fifth	day:5
on the 5th	day:5
on 5th	day:5
by the 5th	<day:5
before the 5th	<day:5
after the 5th	>day:5
5 tarikh	day:5
5 tarikhe	day:5
5 tarik	day:5
5 date	day:5
5 er moddhe	<day:5
5 tarikher moddhe	<day:5
5 tarikher age	<day:5
5 tarikher por	>day:5
৫ তারিখ	day:5
৫ তারিখে	day:5
5 তারিখ	day:5
5 তারিখে	day:5
৫ তারিখের মধ্যে	<day:5
৫ তারিখের আগে	<day:5
৫ তারিখের পর	>day:5
পাঁচই	day:5
6th	day:6
sixth	day:6
the 6th	day:6
the sixth	day:6
on the 6th	day:6
on 6th	day:6
by the 6th	<day:6
before the 6th	<day:6
after the 6th	>day:6
6 tarikh	day:6
6 tarikhe	day:6
6 tarik	day:6
6 date	day:6
6 er moddhe	<day:6
6 tarikher moddhe	<day:6
6 tarikher age	<day:6
6 tarikher por	>day:6
৬ তারিখ	day:6
৬ তারিখে	day:6
6 তারিখ	day:6
6 তারিখে	day:6
৬ তারিখের মধ্যে	<day:6
৬ তারিখের আগে	<day:6
৬ তারিখের পর	>day:6
ছয়ই	day:6
7th	day:7
seventh	day:7
the 7th	day:7
the seventh	day:7
on the 7th	day:7
on 7th	day:7
by the 7th	<day:7
before the 7th	<day:7
after the 7th	>day:7
7 tarikh	day:7
7 tarikhe	day:7
7 tarik	day:7
7 date	day:7
7 er moddhe	<day:7
7 tarikher moddhe	<day:7
7 tarikher age	<day:7
7 tarikher por	>day:7
৭ তারিখ	day:7
৭ তারিখে	day:7
7 তারিখ	day:7
7 তারিখে	day:7
৭ তারিখের মধ্যে	<day:7
৭ তারিখের আগে	<day:7
৭ তারিখের পর	>day:7
সাতই	day:7
8th	day:8
eighth	day:8
the 8th	day:8
the eighth	day:8
on the 8th	day:8
on 8th	day:8
by the 8th	<day:8
before the 8th	<day:8
after the 8th	>day:8
8 tarikh	day:8
8 tarikhe	day:8
8 tarik	day:8
8 date	day:8
8 er moddhe	<day:8
8 tarikher moddhe	<day:8
8 tarikher age	<day:8
8 tarikher por	>day:8
৮ তারিখ	day:8
৮ তারিখে	day:8
8 তারিখ	day:8
8 তারিখে	day:8
৮ তারিখের মধ্যে	<day:8
৮ তারিখের আগে	<day:8
৮ তারিখের পর	>day:8
আটই	day:8
9th	day:9
ninth	day:9
the 9th	day:9
the ninth	day:9
on the 9th	day:9
on 9th	day:9
by the 9th	<day:9
before the 9th	<day:9
after the 9th	>day:9
9 tarikh	day:9
9 tarikhe	day:9
9 tarik	day:9
9 date	day:9
9 er moddhe	<day:9
9 tarikher moddhe	<day:9
9 tarikher age	<day:9
9 tarikher por	>day:9
৯ তারিখ	day:9
৯ তারিখে	day:9
9 তারিখ	day:9
9 তারিখে	day:9
৯ তারিখের মধ্যে	<day:9
৯ তারিখের আগে	<day:9
৯ তারিখের পর	>day:9
নয়ই	day:9
10th	day:10
tenth	day:10
the 10th	day:10
the tenth	day:10
on the 10th	day:10
on 10th	day:10
by the 10th	<day:10
before the 10th	<day:10
after the 10th	>day:10
10 tarikh	day:10
10 tarikhe	day:10
10 tarik	day:10
10 date	day:10
10 er moddhe	<day:10
10 tarikher moddhe	<day:10
10 tarikher age	<day:10
10 tarikher por	>day:10
১০ তারিখ	day:10
১০ তারিখে	day:10
10 তারিখ	day:10
10 তারিখে	day:10
১০ তারিখের মধ্যে	<day:10
১০ তারিখের আগে	<day:10
১০ তারিখের পর	>day:10
দশই	day:10
11th	day:11
eleventh	day:11
the 11th	day:11
the eleventh	day:11
on the 11th	day:11
on 11th	day:11
by the 11th	<day:11
before the 11th	<day:11
after the 11th	>day:11
11 tarikh	day:11
11 tarikhe	day:11
11 tarik	day:11
11 date	day:11
11 er moddhe	<day:11
11 tarikher moddhe	<day:11
11 tarikher age	<day:11
11 tarikher por	>day:11
১১ তারিখ	day:11
১১ তারিখে	day:11
11 তারিখ	day:11
11 তারিখে	day:11
১১ তারিখের মধ্যে	<day:11
১১ তারিখের আগে	<day:11
১১ তারিখের পর	>day:11
এগারোই	day:11
12th	day:12
twelfth	day:12
the 12th	day:12
the twelfth	day:12
on the 12th	day:12
on 12th	day:12
by the 12th	<day:12
before the 12th	<day:12
after the 12th	>day:12
12 tarikh	day:12
12 tarikhe	day:12
12 tarik	day:12
12 date	day:12
12 er moddhe	<day:12
12 tarikher moddhe	<day:12
12 tarikher age	<day:12
12 tarikher por	>day:12
১২ তারিখ	day:12
১২ তারিখে	day:12
12 তারিখ	day:12
12 তারিখে	day:12
১২ তারিখের মধ্যে	<day:12
১২ তারিখের আগে	<day:12
১২ তারিখের পর	>day:12
বারোই	day:12
13th	day:13
thirteenth	day:13
the 13th	day:13
the thirteenth	day:13
on the 13th	day:13
on 13th	day:13
by the 13th	<day:13
before the 13th	<day:13
after the 13th	>day:13
13 tarikh	day:13
13 tarikhe	day:13
13 tarik	day:13
13 date	day:13
13 er moddhe	<day:13
13 tarikher moddhe	<day:13
13 tarikher age	<day:13
13 tarikher por	>day:13
১৩ তারিখ	day:13
১৩ তারিখে	day:13
13 তারিখ	day:13
13 তারিখে	day:13
১৩ তারিখের মধ্যে	<day:13
১৩ তারিখের আগে	<day:13
১৩ তারিখের পর	>day:13
তেরোই	day:13
14th	day:14
fourteenth	day:14
the 14th	day:14
the fourteenth	day:14
on the 14th	day:14
on 14th	day:14
by the 14th	<day:14
before the 14th	<day:14
after the 14th	>day:14
14 tarikh	day:14
14 tarikhe	day:14
14 tarik	day:14
14 date	day:14
14 er moddhe	<day:14
14 tarikher moddhe	<day:14
14 tarikher age	<day:14
14 tarikher por	>day:14
১৪ তারিখ	day:14
১৪ তারিখে	day:14
14 তারিখ	day:14
14 তারিখে	day:14
১৪ তারিখের মধ্যে	<day:14
১৪ তারিখের আগে	<day:14
১৪ তারিখের পর	>day:14
চৌদ্দই	day:14
15th	day:15
fifteenth	day:15
the 15th	day:15
the fifteenth	day:15
on the 15th	day:15
on 15th	day:15
by the 15th	<day:15
before the 15th	<day:15
after the 15th	>day:15
15 tarikh	day:15
15 tarikhe	day:15
15 tarik	day:15
15 date	day:15
15 er moddhe	<day:15
15 tarikher moddhe	<day:15
15 tarikher age	<day:15
15 tarikher por	>day:15
১৫ তারিখ	day:15
১৫ তারিখে	day:15
15 তারিখ	day:15
15 তারিখে	day:15
১৫ তারিখের মধ্যে	<day:15
১৫ তারিখের আগে	<day:15
১৫ তারিখের পর	>day:15
পনেরোই	day:15
16th	day:16
sixteenth	day:16
the 16th	day:16
the sixteenth	day:16
on the 16th	day:16
on 16th	day:16
by the 16th	<day:16
before the 16th	<day:16
after the 16th	>day:16
16 tarikh	day:16
16 tarikhe	day:16
16 tarik	day:16
16 date	day:16
16 er moddhe	<day:16
16 tarikher moddhe	<day:16
16 tarikher age	<day:16
16 tarikher por	>day:16
১৬ তারিখ	day:16
১৬ তারিখে	day:16
16 তারিখ	day:16
16 তারিখে	day:16
১৬ তারিখের মধ্যে	<day:16
১৬ তারিখের আগে	<day:16
১৬ তারিখের পর	>day:16
ষোলোই	day:16
17th	day:17
seventeenth	day:17
the 17th	day:17
the seventeenth	day:17
on the 17th	day:17
on 17th	day:17
by the 17th	<day:17
before the 17th	<day:17
after the 17th	>day:17
17 tarikh	day:17
17 tarikhe	day:17
17 tarik	day:17
17 date	day:17
17 er moddhe	<day:17
17 tarikher moddhe	<day:17
17 tarikher age	<day:17
17 tarikher por	>day:17
১৭ তারিখ	day:17
১৭ তারিখে	day:17
17 তারিখ	day:17
17 তারিখে	day:17
১৭ তারিখের মধ্যে	<day:17
১৭ তারিখের আগে	<day:17
১৭ তারিখের পর	>day:17
সতেরোই	day:17
18th	day:18
eighteenth	day:18
the 18th	day:18
the eighteenth	day:18
on the 18th	day:18
on 18th	day:18
by the 18th	<day:18
before the 18th	<day:18
after the 18th	>day:18
18 tarikh	day:18
18 tarikhe	day:18
18 tarik	day:18
18 date	day:18
18 er moddhe	<day:18
18 tarikher moddhe	<day:18
18 tarikher age	<day:18
18 tarikher por	>day:18
১৮ তারিখ	day:18
১৮ তারিখে	day:18
18 তারিখ	day:18
18 তারিখে	day:18
১৮ তারিখের মধ্যে	<day:18
১৮ তারিখের আগে	<day:18
১৮ তারিখের পর	>day:18
আঠারোই	day:18
19th	day:19
nineteenth	day:19
the 19th	day:19
the nineteenth	day:19
on the 19th	day:19
on 19th	day:19
by the 19th	<day:19
before the 19th	<day:19
after the 19th	>day:19
19 tarikh	day:19
19 tarikhe	day:19
19 tarik	day:19
19 date	day:19
19 er moddhe	<day:19
19 tarikher moddhe	<day:19
19 tarikher age	<day:19
19 tarikher por	>day:19
১৯ তারিখ	day:19
১৯ তারিখে	day:19
19 তারিখ	day:19
19 তারিখে	day:19
১৯ তারিখের মধ্যে	<day:19
১৯ তারিখের আগে	<day:19
১৯ তারিখের পর	>day:19
উনিশে	day:19
20th	day:20
twentieth	day:20
the 20th	day:20
the twentieth	day:20
on the 20th	day:20
on 20th	day:20
by the 20th	<day:20
before the 20th	<day:20
after the 20th	>day:20
20 tarikh	day:20
20 tarikhe	day:20
20 tarik	day:20
20 date	day:20
20 er moddhe	<day:20
20 tarikher moddhe	<day:20
20 tarikher age	<day:20
20 tarikher por	>day:20
২০ তারিখ	day:20
২০ তারিখে	day:20
20 তারিখ	day:20
20 তারিখে	day:20
২০ তারিখের মধ্যে	<day:20
২০ তারিখের আগে	<day:20
২০ তারিখের পর	>day:20
বিশে	day:20
21st	day:21
twenty first	day:21
the 21st	day:21
the twenty first	day:21
on the 21st	day:21
on 21st	day:21
by the 21st	<day:21
before the 21st	<day:21
after the 21st	>day:21
21 tarikh	day:21
21 tarikhe	day:21
21 tarik	day:21
21 date	day:21
21 er moddhe	<day:21
21 tarikher moddhe	<day:21
21 tarikher age	<day:21
21 tarikher por	>day:21
২১ তারিখ	day:21
২১ তারিখে	day:21
21 তারিখ	day:21
21 তারিখে	day:21
২১ তারিখের মধ্যে	<day:21
২১ তারিখের আগে	<day:21
২১ তারিখের পর	>day:21
22nd	day:22
twenty second	day:22
the 22nd	day:22
the twenty second	day:22
on the 22nd	day:22
on 22nd	day:22
by the 22nd	<day:22
before the 22nd	<day:22
after the 22nd	>day:22
22 tarikh	day:22
22 tarikhe	day:22
22 tarik	day:22
22 date	day:22
22 er moddhe	<day:22
22 tarikher moddhe	<day:22
22 tarikher age	<day:22
22 tarikher por	>day:22
২২ তারিখ	day:22
২২ তারিখে	day:22
22 তারিখ	day:22
22 তারিখে	day:22
২২ তারিখের মধ্যে	<day:22
২২ তারিখের আগে	<day:22
২২ তারিখের পর	>day:22
বাইশে	day:22
23rd	day:23
twenty third	day:23
the 23rd	day:23
the twenty third	day:23
on the 23rd	day:23
on 23rd	day:23
by the 23rd	<day:23
before the 23rd	<day:23
after the 23rd	>day:23
23 tarikh	day:23
23 tarikhe	day:23
23 tarik	day:23
23 date	day:23
23 er moddhe	<day:23
23 tarikher moddhe	<day:23
23 tarikher age	<day:23
23 tarikher por	>day:23
২৩ তারিখ	day:23
২৩ তারিখে	day:23
23 তারিখ	day:23
23 তারিখে	day:23
২৩ তারিখের মধ্যে	<day:23
২৩ তারিখের আগে	<day:23
২৩ তারিখের পর	>day:23
তেইশে	day:23
24th	day:24
twenty fourth	day:24
the 24th	day:24
the twenty fourth	day:24
on the 24th	day:24
on 24th	day:24
by the 24th	<day:24
before the 24th	<day:24
after the 24th	>day:24
24 tarikh	day:24
24 tarikhe	day:24
24 tarik	day:24
24 date	day:24
24 er moddhe	<day:24
24 tarikher moddhe	<day:24
24 tarikher age	<day:24
24 tarikher por	>day:24
২৪ তারিখ	day:24
২৪ তারিখে	day:24
24 তারিখ	day:24
24 তারিখে	day:24
২৪ তারিখের মধ্যে	<day:24
২৪ তারিখের আগে	<day:24
২৪ তারিখের পর	>day:24
চব্বিশে	day:24
25th	day:25
twenty fifth	day:25
the 25th	day:25
the twenty fifth	day:25
on the 25th	day:25
on 25th	day:25
by the 25th	<day:25
before the 25th	<day:25
after the 25th	>day:25
25 tarikh	day:25
25 tarikhe	day:25
25 tarik	day:25
25 date	day:25
25 er moddhe	<day:25
25 tarikher moddhe	<day:25
25 tarikher age	<day:25
25 tarikher por	>day:25
২৫ তারিখ	day:25
২৫ তারিখে	day:25
25 তারিখ	day:25
25 তারিখে	day:25
২৫ তারিখের মধ্যে	<day:25
২৫ তারিখের আগে	<day:25
২৫ তারিখের পর	>day:25
পঁচিশে	day:25
26th	day:26
twenty sixth	day:26
the 26th	day:26
the twenty sixth	day:26
on the 26th	day:26
on 26th	day:26
by the 26th	<day:26
before the 26th	<day:26
after the 26th	>day:26
26 tarikh	day:26
26 tarikhe	day:26
26 tarik	day:26
26 date	day:26
26 er moddhe	<day:26
26 tarikher moddhe	<day:26
26 tarikher age	<day:26
26 tarikher por	>day:26
২৬ তারিখ	day:26
২৬ তারিখে	day:26
26 তারিখ	day:26
26 তারিখে	day:26
২৬ তারিখের মধ্যে	<day:26
২৬ তারিখের আগে	<day:26
২৬ তারিখের পর	>day:26
ছাব্বিশে	day:26
27th	day:27
twenty seventh	day:27
the 27th	day:27
the twenty seventh	day:27
on the 27th	day:27
on 27th	day:27
by the 27th	<day:27
before the 27th	<day:27
after the 27th	>day:27
27 tarikh	day:27
27 tarikhe	day:27
27 tarik	day:27
27 date	day:27
27 er moddhe	<day:27
27 tarikher moddhe	<day:27
27 tarikher age	<day:27
27 tarikher por	>day:27
২৭ তারিখ	day:27
২৭ তারিখে	day:27
27 তারিখ	day:27
27 তারিখে	day:27
২৭ তারিখের মধ্যে	<day:27
২৭ তারিখের আগে	<day:27
২৭ তারিখের পর	>day:27
সাতাশে	day:27
28th	day:28
twenty eighth	day:28
the 28th	day:28
the twenty eighth	day:28
on the 28th	day:28
on 28th	day:28
by the 28th	<day:28
before the 28th	<day:28
after the 28th	>day:28
28 tarikh	day:28
28 tarikhe	day:28
28 tarik	day:28
28 date	day:28
28 er moddhe	<day:28
28 tarikher moddhe	<day:28
28 tarikher age	<day:28
28 tarikher por	>day:28
২৮ তারিখ	day:28
২৮ তারিখে	day:28
28 তারিখ	day:28
28 তারিখে	day:28
২৮ তারিখের মধ্যে	<day:28
২৮ তারিখের আগে	<day:28
২৮ তারিখের পর	>day:28
আটাশে	day:28
29th	day:29
twenty ninth	day:29
the 29th	day:29
the twenty ninth	day:29
on the 29th	day:29
on 29th	day:29
by the 29th	<day:29
before the 29th	<day:29
after the 29th	>day:29
29 tarikh	day:29
29 tarikhe	day:29
29 tarik	day:29
29 date	day:29
29 er moddhe	<day:29
29 tarikher moddhe	<day:29
29 tarikher age	<day:29
29 tarikher por	>day:29
২৯ তারিখ	day:29
২৯ তারিখে	day:29
29 তারিখ	day:29
29 তারিখে	day:29
২৯ তারিখের মধ্যে	<day:29
২৯ তারিখের আগে	<day:29
২৯ তারিখের পর	>day:29
উনত্রিশে	day:29
30th	day:30
thirtieth	day:30
the 30th	day:30
the thirtieth	day:30
on the 30th	day:30
on 30th	day:30
by the 30th	<day:30
before the 30th	<day:30
after the 30th	>day:30
30 tarikh	day:30
30 tarikhe	day:30
30 tarik	day:30
30 date	day:30
30 er moddhe	<day:30
30 tarikher moddhe	<day:30
30 tarikher age	<day:30
30 tarikher por	>day:30
৩০ তারিখ	day:30
৩০ তারিখে	day:30
30 তারিখ	day:30
30 তারিখে	day:30
৩০ তারিখের মধ্যে	<day:30
৩০ তারিখের আগে	<day:30
৩০ তারিখের পর	>day:30
ত্রিশে	day:30
31st	day:31
thirty first	day:31
the 31st	day:31
the thirty first	day:31
on the 31st	day:31
on 31st	day:31
by the 31st	<day:31
before the 31st	<day:31
after the 31st	>day:31
31 tarikh	day:31
31 tarikhe	day:31
31 tarik	day:31
31 date	day:31
31 er moddhe	<day:31
31 tarikher moddhe	<day:31
31 tarikher age	<day:31
31 tarikher por	>day:31
৩১ তারিখ	day:31
৩১ তারিখে	day:31
31 তারিখ	day:31
31 তারিখে	day:31
৩১ তারিখের মধ্যে	<day:31
৩১ তারিখের আগে	<day:31
৩১ তারিখের পর	>day:31
একত্রিশে	day:31
doshra	day:2
dosra	day:2
tesra	day:3
tesara	day:3
chouttha	day:4
chowtha	day:4
1 দিন পর	+1d
১ দিন পর	+1d
1 দিন পরে	+1d
১ দিন পরে	+1d
in 1 day	+1d
after 1 day	+1d
1 day later	+1d
1 day from now	+1d
within 1 day	<+1d
1 day ago	-1d
1 day before	-1d
in 1 days	+1d
after 1 days	+1d
1 days later	+1d
1 days from now	+1d
within 1 days	<+1d
1 days ago	-1d
1 days before	-1d
in 1 din	+1d
after 1 din	+1d
1 din later	+1d
1 din from now	+1d
within 1 din	<+1d
1 din ago	-1d
1 din before	-1d
1 diner por	+1d
1 diner pore	+1d
1 diner age	-1d
1 diner er moddhe	<+1d
1 dine por	+1d
1 dine pore	+1d
1 dine age	-1d
1 dine er moddhe	<+1d
1 সপ্তাহ পর	+1w
১ সপ্তাহ পর	+1w
1 সপ্তাহ পরে	+1w
১ সপ্তাহ পরে	+1w
1 week later	+1w
within 1 week	<+1w
1 week before	-1w
in 1 weeks	+1w
after 1 weeks	+1w
1 weeks later	+1w
1 weeks from now	+1w
within 1 weeks	<+1w
1 weeks ago	-1w
1 weeks before	-1w
in 1 wk	+1w
after 1 wk	+1w
1 wk later	+1w
1 wk from now	+1w
within 1 wk	<+1w
1 wk ago	-1w
1 wk before	-1w
1 wks por	+1w
1 wks pore	+1w
1 wks age	-1w
1 wks er moddhe	<+1w
1 soptaho por	+1w
1 soptaho pore	+1w
1 soptaho age	-1w
1 soptaho er moddhe	<+1w
1 soptah por	+1w
1 soptah pore	+1w
1 soptah age	-1w
1 soptah er moddhe	<+1w
1 saptah por	+1w
1 saptah pore	+1w
1 saptah age	-1w
1 saptah er moddhe	<+1w
1 soptaha por	+1w
1 soptaha pore	+1w
1 soptaha age	-1w
1 soptaha er moddhe	<+1w
1 মাস পর	+1m
১ মাস পর	+1m
1 মাস পরে	+1m
১ মাস পরে	+1m
1 month later	+1m
within 1 month	<+1m
1 month before	-1m
in 1 months	+1m
after 1 months	+1m
1 months later	+1m
1 months from now	+1m
within 1 months	<+1m
1 months ago	-1m
1 months before	-1m
in 1 mon	+1m
after 1 mon	+1m
1 mon later	+1m
1 mon from now	+1m
within 1 mon	<+1m
1 mon ago	-1m
1 mon before	-1m
1 mas por	+1m
1 mas pore	+1m
1 mas age	-1m
1 mas er moddhe	<+1m
1 mash por	+1m
1 mash pore	+1m
1 mash age	-1m
1 mash er moddhe	<+1m
1 maas por	+1m
1 maas pore	+1m
1 maas age	-1m
1 maas er moddhe	<+1m
1 বছর পর	+1y
১ বছর পর	+1y
1 বছর পরে	+1y
১ বছর পরে	+1y
1 year later	+1y
within 1 year	<+1y
1 year before	-1y
in 1 years	+1y
after 1 years	+1y
1 years later	+1y
1 years from now	+1y
within 1 years	<+1y
1 years ago	-1y
1 years before	-1y
in 1 yr	+1y
after 1 yr	+1y
1 yr later	+1y
1 yr from now	+1y
within 1 yr	<+1y
1 yr ago	-1y
1 yr before	-1y
1 yrs por	+1y
1 yrs pore	+1y
1 yrs age	-1y
1 yrs er moddhe	<+1y
1 bochor por	+1y
1 bochor pore	+1y
1 bochor age	-1y
1 bochor er moddhe	<+1y
1 bosor por	+1y
1 bosor pore	+1y
1 bosor age	-1y
1 bosor er moddhe	<+1y
1 bochhor por	+1y
1 bochhor pore	+1y
1 bochhor age	-1y
1 bochhor er moddhe	<+1y
1 ঘণ্টা পর	+1h
১ ঘণ্টা পর	+1h
1 ঘণ্টা পরে	+1h
১ ঘণ্টা পরে	+1h
in 1 hour	+1h
after 1 hour	+1h
1 hour later	+1h
1 hour from now	+1h
within 1 hour	<+1h
1 hour ago	-1h
1 hour before	-1h
in 1 hours	+1h
after 1 hours	+1h
1 hours later	+1h
1 hours from now	+1h
within 1 hours	<+1h
1 hours ago	-1h
1 hours before	-1h
in 1 hr	+1h
after 1 hr	+1h
1 hr later	+1h
1 hr from now	+1h
within 1 hr	<+1h
1 hr ago	-1h
1 hr before	-1h
1 hrs por	+1h
1 hrs pore	+1h
1 hrs age	-1h
1 hrs er moddhe	<+1h
1 ghonta por	+1h
1 ghonta pore	+1h
1 ghonta age	-1h
1 ghonta er moddhe	<+1h
1 ghanta por	+1h
1 ghanta pore	+1h
1 ghanta age	-1h
1 ghanta er moddhe	<+1h
1 মিনিট পর	+1min
১ মিনিট পর	+1min
1 মিনিট পরে	+1min
১ মিনিট পরে	+1min
in 1 minute	+1min
after 1 minute	+1min
1 minute later	+1min
1 minute from now	+1min
within 1 minute	<+1min
1 minute ago	-1min
1 minute before	-1min
in 1 minutes	+1min
after 1 minutes	+1min
1 minutes later	+1min
1 minutes from now	+1min
within 1 minutes	<+1min
1 minutes ago	-1min
1 minutes before	-1min
in 1 min	+1min
after 1 min	+1min
1 min later	+1min
1 min from now	+1min
within 1 min	<+1min
1 min ago	-1min
1 min before	-1min
1 mins por	+1min
1 mins pore	+1min
1 mins age	-1min
1 mins er moddhe	<+1min
1 minit por	+1min
1 minit pore	+1min
1 minit age	-1min
1 minit er moddhe	<+1min
1 minute por	+1min
1 minute pore	+1min
1 minute age	-1min
1 minute er moddhe	<+1min
2 দিন পর	+2d
2 দিন পরে	+2d
২ দিন পরে	+2d
in 2 day	+2d
after 2 day	+2d
2 day later	+2d
2 day from now	+2d
within 2 day	<+2d
2 day ago	-2d
2 day before	-2d
2 days later	+2d
within 2 days	<+2d
2 days before	-2d
in 2 din	+2d
after 2 din	+2d
2 din later	+2d
2 din from now	+2d
within 2 din	<+2d
2 din ago	-2d
2 din before	-2d
2 diner por	+2d
2 diner pore	+2d
2 diner age	-2d
2 diner er moddhe	<+2d
2 dine por	+2d
2 dine pore	+2d
2 dine age	-2d
2 dine er moddhe	<+2d
2 সপ্তাহ পর	+2w
2 সপ্তাহ পরে	+2w
২ সপ্তাহ পরে	+2w
in 2 week	+2w
after 2 week	+2w
2 week later	+2w
2 week from now	+2w
within 2 week	<+2w
2 week ago	-2w
2 week before	-2w
2 weeks later	+2w
within 2 weeks	<+2w
2 weeks before	-2w
in 2 wk	+2w
after 2 wk	+2w
2 wk later	+2w
2 wk from now	+2w
within 2 wk	<+2w
2 wk ago	-2w
2 wk before	-2w
2 wks por	+2w
2 wks pore	+2w
2 wks age	-2w
2 wks er moddhe	<+2w
2 soptaho pore	+2w
2 soptaho er moddhe	<+2w
2 soptah por	+2w
2 soptah pore	+2w
2 soptah age	-2w
2 soptah er moddhe	<+2w
2 saptah por	+2w
2 saptah pore	+2w
2 saptah age	-2w
2 saptah er moddhe	<+2w
2 soptaha por	+2w
2 soptaha pore	+2w
2 soptaha age	-2w
2 soptaha er moddhe	<+2w
2 মাস পর	+2m
2 মাস পরে	+2m
২ মাস পরে	+2m
in 2 month	+2m
after 2 month	+2m
2 month later	+2m
2 month from now	+2m
within 2 month	<+2m
2 month ago	-2m
2 month before	-2m
2 months later	+2m
within 2 months	<+2m
2 months before	-2m
in 2 mon	+2m
after 2 mon	+2m
2 mon later	+2m
2 mon from now	+2m
within 2 mon	<+2m
2 mon ago	-2m
2 mon before	-2m
2 mas pore	+2m
2 mas er moddhe	<+2m
2 mash por	+2m
2 mash pore	+2m
2 mash age	-2m
2 mash er moddhe	<+2m
2 maas por	+2m
2 maas pore	+2m
2 maas age	-2m
2 maas er moddhe	<+2m
2 বছর পর	+2y
2 বছর পরে	+2y
২ বছর পরে	+2y
in 2 year	+2y
after 2 year	+2y
2 year later	+2y
2 year from now	+2y
within 2 year	<+2y
2 year ago	-2y
2 year before	-2y
2 years later	+2y
within 2 years	<+2y
2 years before	-2y
in 2 yr	+2y
after 2 yr	+2y
2 yr later	+2y
2 yr from now	+2y
within 2 yr	<+2y
2 yr ago	-2y
2 yr before	-2y
2 yrs por	+2y
2 yrs pore	+2y
2 yrs age	-2y
2 yrs er moddhe	<+2y
2 bochor pore	+2y
2 bochor er moddhe	<+2y
2 bosor por	+2y
2 bosor pore	+2y
2 bosor age	-2y
2 bosor er moddhe	<+2y
2 bochhor por	+2y
2 bochhor pore	+2y
2 bochhor age	-2y
2 bochhor er moddhe	<+2y
2 ঘণ্টা পর	+2h
২ ঘণ্টা পর	+2h
2 ঘণ্টা পরে	+2h
২ ঘণ্টা পরে	+2h
in 2 hour	+2h
after 2 hour	+2h
2 hour later	+2h
2 hour from now	+2h
within 2 hour	<+2h
2 hour ago	-2h
2 hour before	-2h
in 2 hours	+2h
after 2 hours	+2h
2 hours later	+2h
2 hours from now	+2h
within 2 hours	<+2h
2 hours ago	-2h
2 hours before	-2h
in 2 hr	+2h
after 2 hr	+2h
2 hr later	+2h
2 hr from now	+2h
within 2 hr	<+2h
2 hr ago	-2h
2 hr before	-2h
2 hrs por	+2h
2 hrs pore	+2h
2 hrs age	-2h
2 hrs er moddhe	<+2h
2 ghonta por	+2h
2 ghonta pore	+2h
2 ghonta age	-2h
2 ghonta er moddhe	<+2h
2 ghanta por	+2h
2 ghanta pore	+2h
2 ghanta age	-2h
2 ghanta er moddhe	<+2h
2 মিনিট পর	+2min
২ মিনিট পর	+2min
2 মিনিট পরে	+2min
২ মিনিট পরে	+2min
in 2 minute	+2min
after 2 minute	+2min
2 minute later	+2min
2 minute from now	+2min
within 2 minute	<+2min
2 minute ago	-2min
2 minute before	-2min
in 2 minutes	+2min
after 2 minutes	+2min
2 minutes later	+2min
2 minutes from now	+2min
within 2 minutes	<+2min
2 minutes ago	-2min
2 minutes before	-2min
in 2 min	+2min
after 2 min	+2min
2 min later	+2min
2 min from now	+2min
within 2 min	<+2min
2 min ago	-2min
2 min before	-2min
2 mins por	+2min
2 mins pore	+2min
2 mins age	-2min
2 mins er moddhe	<+2min
2 minit por	+2min
2 minit pore	+2min
2 minit age	-2min
2 minit er moddhe	<+2min
2 minute por	+2min
2 minute pore	+2min
2 minute age	-2min
2 minute er moddhe	<+2min
3 দিন পর	+3d
3 দিন পরে	+3d
৩ দিন পরে	+3d
in 3 day	+3d
after 3 day	+3d
3 day later	+3d
3 day from now	+3d
within 3 day	<+3d
3 day ago	-3d
3 day before	-3d
3 days later	+3d
within 3 days	<+3d
3 days before	-3d
in 3 din	+3d
after 3 din	+3d
3 din later	+3d
3 din from now	+3d
within 3 din	<+3d
3 din ago	-3d
3 din before	-3d
3 diner por	+3d
3 diner pore	+3d
3 diner age	-3d
3 diner er moddhe	<+3d
3 dine por	+3d
3 dine pore	+3d
3 dine age	-3d
3 dine er moddhe	<+3d
3 সপ্তাহ পর	+3w
3 সপ্তাহ পরে	+3w
৩ সপ্তাহ পরে	+3w
in 3 week	+3w
after 3 week	+3w
3 week later	+3w
3 week from now	+3w
within 3 week	<+3w
3 week ago	-3w
3 week before	-3w
3 weeks later	+3w
within 3 weeks	<+3w
3 weeks ago	-3w
3 weeks before	-3w
in 3 wk	+3w
after 3 wk	+3w
3 wk later	+3w
3 wk from now	+3w
within 3 wk	<+3w
3 wk ago	-3w
3 wk before	-3w
3 wks por	+3w
3 wks pore	+3w
3 wks age	-3w
3 wks er moddhe	<+3w
3 soptaho por	+3w
3 soptaho pore	+3w
3 soptaho age	-3w
3 soptaho er moddhe	<+3w
3 soptah por	+3w
3 soptah pore	+3w
3 soptah age	-3w
3 soptah er moddhe	<+3w
3 saptah por	+3w
3 saptah pore	+3w
3 saptah age	-3w
3 saptah er moddhe	<+3w
3 soptaha por	+3w
3 soptaha pore	+3w
3 soptaha age	-3w
3 soptaha er moddhe	<+3w
3 মাস পর	+3m
3 মাস পরে	+3m
৩ মাস পরে	+3m
in 3 month	+3m
after 3 month	+3m
3 month later	+3m
3 month from now	+3m
within 3 month	<+3m
3 month ago	-3m
3 month before	-3m
3 months later	+3m
within 3 months	<+3m
3 months ago	-3m
3 months before	-3m
in 3 mon	+3m
after 3 mon	+3m
3 mon later	+3m
3 mon from now	+3m
within 3 mon	<+3m
3 mon ago	-3m
3 mon before	-3m
3 mas pore	+3m
3 mas age	-3m
3 mas er moddhe	<+3m
3 mash por	+3m
3 mash pore	+3m
3 mash age	-3m
3 mash er moddhe	<+3m
3 maas por	+3m
3 maas pore	+3m
3 maas age	-3m
3 maas er moddhe	<+3m
3 বছর পর	+3y
৩ বছর পর	+3y
3 বছর পরে	+3y
৩ বছর পরে	+3y
in 3 year	+3y
after 3 year	+3y
3 year later	+3y
3 year from now	+3y
within 3 year	<+3y
3 year ago	-3y
3 year before	-3y
in 3 years	+3y
after 3 years	+3y
3 years later	+3y
3 years from now	+3y
within 3 years	<+3y
3 years ago	-3y
3 years before	-3y
in 3 yr	+3y
after 3 yr	+3y
3 yr later	+3y
3 yr from now	+3y
within 3 yr	<+3y
3 yr ago	-3y
3 yr before	-3y
3 yrs por	+3y
3 yrs pore	+3y
3 yrs age	-3y
3 yrs er moddhe	<+3y
3 bochor por	+3y
3 bochor pore	+3y
3 bochor age	-3y
3 bochor er moddhe	<+3y
3 bosor por	+3y
3 bosor pore	+3y
3 bosor age	-3y
3 bosor er moddhe	<+3y
3 bochhor por	+3y
3 bochhor pore	+3y
3 bochhor age	-3y
3 bochhor er moddhe	<+3y
3 ঘণ্টা পর	+3h
৩ ঘণ্টা পর	+3h
3 ঘণ্টা পরে	+3h
৩ ঘণ্টা পরে	+3h
in 3 hour	+3h
after 3 hour	+3h
3 hour later	+3h
3 hour from now	+3h
within 3 hour	<+3h
3 hour ago	-3h
3 hour before	-3h
in 3 hours	+3h
after 3 hours	+3h
3 hours later	+3h
3 hours from now	+3h
within 3 hours	<+3h
3 hours ago	-3h
3 hours before	-3h
in 3 hr	+3h
after 3 hr	+3h
3 hr later	+3h
3 hr from now	+3h
within 3 hr	<+3h
3 hr ago	-3h
3 hr before	-3h
3 hrs por	+3h
3 hrs pore	+3h
3 hrs age	-3h
3 hrs er moddhe	<+3h
3 ghonta por	+3h
3 ghonta pore	+3h
3 ghonta age	-3h
3 ghonta er moddhe	<+3h
3 ghanta por	+3h
3 ghanta pore	+3h
3 ghanta age	-3h
3 ghanta er moddhe	<+3h
3 মিনিট পর	+3min
৩ মিনিট পর	+3min
3 মিনিট পরে	+3min
৩ মিনিট পরে	+3min
in 3 minute	+3min
after 3 minute	+3min
3 minute later	+3min
3 minute from now	+3min
within 3 minute	<+3min
3 minute ago	-3min
3 minute before	-3min
in 3 minutes	+3min
after 3 minutes	+3min
3 minutes later	+3min
3 minutes from now	+3min
within 3 minutes	<+3min
3 minutes ago	-3min
3 minutes before	-3min
in 3 min	+3min
after 3 min	+3min
3 min later	+3min
3 min from now	+3min
within 3 min	<+3min
3 min ago	-3min
3 min before	-3min
3 mins por	+3min
3 mins pore	+3min
3 mins age	-3min
3 mins er moddhe	<+3min
3 minit por	+3min
3 minit pore	+3min
3 minit age	-3min
3 minit er moddhe	<+3min
3 minute por	+3min
3 minute pore	+3min
3 minute age	-3min
3 minute er moddhe	<+3min
4 দিন পর	+4d
৪ দিন পর	+4d
4 দিন পরে	+4d
৪ দিন পরে	+4d
in 4 day	+4d
after 4 day	+4d
4 day later	+4d
4 day from now	+4d
within 4 day	<+4d
4 day ago	-4d
4 day before	-4d
in 4 days	+4d
after 4 days	+4d
4 days later	+4d
4 days from now	+4d
within 4 days	<+4d
4 days ago	-4d
4 days before	-4d
in 4 din	+4d
after 4 din	+4d
4 din later	+4d
4 din from now	+4d
within 4 din	<+4d
4 din ago	-4d
4 din before	-4d
4 diner por	+4d
4 diner pore	+4d
4 diner age	-4d
4 diner er moddhe	<+4d
4 dine por	+4d
4 dine pore	+4d
4 dine age	-4d
4 dine er moddhe	<+4d
4 সপ্তাহ পর	+4w
৪ সপ্তাহ পর	+4w
4 সপ্তাহ পরে	+4w
৪ সপ্তাহ পরে	+4w
in 4 week	+4w
after 4 week	+4w
4 week later	+4w
4 week from now	+4w
within 4 week	<+4w
4 week ago	-4w
4 week before	-4w
in 4 weeks	+4w
after 4 weeks	+4w
4 weeks later	+4w
4 weeks from now	+4w
within 4 weeks	<+4w
4 weeks ago	-4w
4 weeks before	-4w
in 4 wk	+4w
after 4 wk	+4w
4 wk later	+4w
4 wk from now	+4w
within 4 wk	<+4w
4 wk ago	-4w
4 wk before	-4w
4 wks por	+4w
4 wks pore	+4w
4 wks age	-4w
4 wks er moddhe	<+4w
4 soptaho por	+4w
4 soptaho pore	+4w
4 soptaho age	-4w
4 soptaho er moddhe	<+4w
4 soptah por	+4w
4 soptah pore	+4w
4 soptah age	-4w
4 soptah er moddhe	<+4w
4 saptah por	+4w
4 saptah pore	+4w
4 saptah age	-4w
4 saptah er moddhe	<+4w
4 soptaha por	+4w
4 soptaha pore	+4w
4 soptaha age	-4w
4 soptaha er moddhe	<+4w
4 মাস পর	+4m
৪ মাস পর	+4m
4 মাস পরে	+4m
৪ মাস পরে	+4m
in 4 month	+4m
after 4 month	+4m
4 month later	+4m
4 month from now	+4m
within 4 month	<+4m
4 month ago	-4m
4 month before	-4m
in 4 months	+4m
after 4 months	+4m
4 months later	+4m
4 months from now	+4m
within 4 months	<+4m
4 months ago	-4m
4 months before	-4m
in 4 mon	+4m
after 4 mon	+4m
4 mon later	+4m
4 mon from now	+4m
within 4 mon	<+4m
4 mon ago	-4m
4 mon before	-4m
4 mas por	+4m
4 mas pore	+4m
4 mas age	-4m
4 mas er moddhe	<+4m
4 mash por	+4m
4 mash pore	+4m
4 mash age	-4m
4 mash er moddhe	<+4m
4 maas por	+4m
4 maas pore	+4m
4 maas age	-4m
4 maas er moddhe	<+4m
4 বছর পর	+4y
৪ বছর পর	+4y
4 বছর পরে	+4y
৪ বছর পরে	+4y
in 4 year	+4y
after 4 year	+4y
4 year later	+4y
4 year from now	+4y
within 4 year	<+4y
4 year ago	-4y
4 year before	-4y
in 4 years	+4y
after 4 years	+4y
4 years later	+4y
4 years from now	+4y
within 4 years	<+4y
4 years ago	-4y
4 years before	-4y
in 4 yr	+4y
after 4 yr	+4y
4 yr later	+4y
4 yr from now	+4y
within 4 yr	<+4y
4 yr ago	-4y
4 yr before	-4y
4 yrs por	+4y
4 yrs pore	+4y
4 yrs age	-4y
4 yrs er moddhe	<+4y
4 bochor por	+4y
4 bochor pore	+4y
4 bochor age	-4y
4 bochor er moddhe	<+4y
4 bosor por	+4y
4 bosor pore	+4y
4 bosor age	-4y
4 bosor er moddhe	<+4y
4 bochhor por	+4y
4 bochhor pore	+4y
4 bochhor age	-4y
4 bochhor er moddhe	<+4y
4 ঘণ্টা পর	+4h
৪ ঘণ্টা পর	+4h
4 ঘণ্টা পরে	+4h
৪ ঘণ্টা পরে	+4h
in 4 hour	+4h
after 4 hour	+4h
4 hour later	+4h
4 hour from now	+4h
within 4 hour	<+4h
4 hour ago	-4h
4 hour before	-4h
in 4 hours	+4h
after 4 hours	+4h
4 hours later	+4h
4 hours from now	+4h
within 4 hours	<+4h
4 hours ago	-4h
4 hours before	-4h
in 4 hr	+4h
after 4 hr	+4h
4 hr later	+4h
4 hr from now	+4h
within 4 hr	<+4h
4 hr ago	-4h
4 hr before	-4h
4 hrs por	+4h
4 hrs pore	+4h
4 hrs age	-4h
4 hrs er moddhe	<+4h
4 ghonta por	+4h
4 ghonta pore	+4h
4 ghonta age	-4h
4 ghonta er moddhe	<+4h
4 ghanta por	+4h
4 ghanta pore	+4h
4 ghanta age	-4h
4 ghanta er moddhe	<+4h
4 মিনিট পর	+4min
৪ মিনিট পর	+4min
4 মিনিট পরে	+4min
৪ মিনিট পরে	+4min
in 4 minute	+4min
after 4 minute	+4min
4 minute later	+4min
4 minute from now	+4min
within 4 minute	<+4min
4 minute ago	-4min
4 minute before	-4min
in 4 minutes	+4min
after 4 minutes	+4min
4 minutes later	+4min
4 minutes from now	+4min
within 4 minutes	<+4min
4 minutes ago	-4min
4 minutes before	-4min
in 4 min	+4min
after 4 min	+4min
4 min later	+4min
4 min from now	+4min
within 4 min	<+4min
4 min ago	-4min
4 min before	-4min
4 mins por	+4min
4 mins pore	+4min
4 mins age	-4min
4 mins er moddhe	<+4min
4 minit por	+4min
4 minit pore	+4min
4 minit age	-4min
4 minit er moddhe	<+4min
4 minute por	+4min
4 minute pore	+4min
4 minute age	-4min
4 minute er moddhe	<+4min
5 দিন পর	+5d
৫ দিন পর	+5d
5 দিন পরে	+5d
৫ দিন পরে	+5d
in 5 day	+5d
after 5 day	+5d
5 day later	+5d
5 day from now	+5d
within 5 day	<+5d
5 day ago	-5d
5 day before	-5d
in 5 days	+5d
after 5 days	+5d
5 days later	+5d
5 days from now	+5d
within 5 days	<+5d
5 days ago	-5d
5 days before	-5d
in 5 din	+5d
after 5 din	+5d
5 din later	+5d
5 din from now	+5d
within 5 din	<+5d
5 din ago	-5d
5 din before	-5d
5 diner por	+5d
5 diner pore	+5d
5 diner age	-5d
5 diner er moddhe	<+5d
5 dine por	+5d
5 dine pore	+5d
5 dine age	-5d
5 dine er moddhe	<+5d
5 সপ্তাহ পর	+5w
৫ সপ্তাহ পর	+5w
5 সপ্তাহ পরে	+5w
৫ সপ্তাহ পরে	+5w
in 5 week	+5w
after 5 week	+5w
5 week later	+5w
5 week from now	+5w
within 5 week	<+5w
5 week ago	-5w
5 week before	-5w
in 5 weeks	+5w
after 5 weeks	+5w
5 weeks later	+5w
5 weeks from now	+5w
within 5 weeks	<+5w
5 weeks ago	-5w
5 weeks before	-5w
in 5 wk	+5w
after 5 wk	+5w
5 wk later	+5w
5 wk from now	+5w
within 5 wk	<+5w
5 wk ago	-5w
5 wk before	-5w
5 wks por	+5w
5 wks pore	+5w
5 wks age	-5w
5 wks er moddhe	<+5w
5 soptaho por	+5w
5 soptaho pore	+5w
5 soptaho age	-5w
5 soptaho er moddhe	<+5w
5 soptah por	+5w
5 soptah pore	+5w
5 soptah age	-5w
5 soptah er moddhe	<+5w
5 saptah por	+5w
5 saptah pore	+5w
5 saptah age	-5w
5 saptah er moddhe	<+5w
5 soptaha por	+5w
5 soptaha pore	+5w
5 soptaha age	-5w
5 soptaha er moddhe	<+5w
5 মাস পর	+5m
৫ মাস পর	+5m
5 মাস পরে	+5m
৫ মাস পরে	+5m
in 5 month	+5m
after 5 month	+5m
5 month later	+5m
5 month from now	+5m
within 5 month	<+5m
5 month ago	-5m
5 month before	-5m
in 5 months	+5m
after 5 months	+5m
5 months later	+5m
5 months from now	+5m
within 5 months	<+5m
5 months ago	-5m
5 months before	-5m
in 5 mon	+5m
after 5 mon	+5m
5 mon later	+5m
5 mon from now	+5m
within 5 mon	<+5m
5 mon ago	-5m
5 mon before	-5m
5 mas por	+5m
5 mas pore	+5m
5 mas age	-5m
5 mas er moddhe	<+5m
5 mash por	+5m
5 mash pore	+5m
5 mash age	-5m
5 mash er moddhe	<+5m
5 maas por	+5m
5 maas pore	+5m
5 maas age	-5m
5 maas er moddhe	<+5m
5 বছর পর	+5y
৫ বছর পর	+5y
5 বছর পরে	+5y
৫ বছর পরে	+5y
in 5 year	+5y
after 5 year	+5y
5 year later	+5y
5 year from now	+5y
within 5 year	<+5y
5 year ago	-5y
5 year before	-5y
in 5 years	+5y
after 5 years	+5y
5 years later	+5y
5 years from now	+5y
within 5 years	<+5y
5 years ago	-5y
5 years before	-5y
in 5 yr	+5y
after 5 yr	+5y
5 yr later	+5y
5 yr from now	+5y
within 5 yr	<+5y
5 yr ago	-5y
5 yr before	-5y
5 yrs por	+5y
5 yrs pore	+5y
5 yrs age	-5y
5 yrs er moddhe	<+5y
5 bochor por	+5y
5 bochor pore	+5y
5 bochor age	-5y
5 bochor er moddhe	<+5y
5 bosor por	+5y
5 bosor pore	+5y
5 bosor age	-5y
5 bosor er moddhe	<+5y
5 bochhor por	+5y
5 bochhor pore	+5y
5 bochhor age	-5y
5 bochhor er moddhe	<+5y
5 ঘণ্টা পর	+5h
৫ ঘণ্টা পর	+5h
5 ঘণ্টা পরে	+5h
৫ ঘণ্টা পরে	+5h
in 5 hour	+5h
after 5 hour	+5h
5 hour later	+5h
5 hour from now	+5h
within 5 hour	<+5h
5 hour ago	-5h
5 hour before	-5h
in 5 hours	+5h
after 5 hours	+5h
5 hours later	+5h
5 hours from now	+5h
within 5 hours	<+5h
5 hours ago	-5h
5 hours before	-5h
in 5 hr	+5h
after 5 hr	+5h
5 hr later	+5h
5 hr from now	+5h
within 5 hr	<+5h
5 hr ago	-5h
5 hr before	-5h
5 hrs por	+5h
5 hrs pore	+5h
5 hrs age	-5h
5 hrs er moddhe	<+5h
5 ghonta por	+5h
5 ghonta pore	+5h
5 ghonta age	-5h
5 ghonta er moddhe	<+5h
5 ghanta por	+5h
5 ghanta pore	+5h
5 ghanta age	-5h
5 ghanta er moddhe	<+5h
5 মিনিট পর	+5min
৫ মিনিট পর	+5min
5 মিনিট পরে	+5min
৫ মিনিট পরে	+5min
in 5 minute	+5min
after 5 minute	+5min
5 minute later	+5min
5 minute from now	+5min
within 5 minute	<+5min
5 minute ago	-5min
5 minute before	-5min
in 5 minutes	+5min
after 5 minutes	+5min
5 minutes later	+5min
5 minutes from now	+5min
within 5 minutes	<+5min
5 minutes ago	-5min
5 minutes before	-5min
in 5 min	+5min
after 5 min	+5min
5 min later	+5min
5 min from now	+5min
within 5 min	<+5min
5 min ago	-5min
5 min before	-5min
5 mins por	+5min
5 mins pore	+5min
5 mins age	-5min
5 mins er moddhe	<+5min
5 minit por	+5min
5 minit pore	+5min
5 minit age	-5min
5 minit er moddhe	<+5min
5 minute por	+5min
5 minute pore	+5min
5 minute age	-5min
5 minute er moddhe	<+5min
6 দিন পর	+6d
৬ দিন পর	+6d
6 দিন পরে	+6d
৬ দিন পরে	+6d
in 6 day	+6d
after 6 day	+6d
6 day later	+6d
6 day from now	+6d
within 6 day	<+6d
6 day ago	-6d
6 day before	-6d
in 6 days	+6d
after 6 days	+6d
6 days later	+6d
6 days from now	+6d
within 6 days	<+6d
6 days ago	-6d
6 days before	-6d
in 6 din	+6d
after 6 din	+6d
6 din later	+6d
6 din from now	+6d
within 6 din	<+6d
6 din ago	-6d
6 din before	-6d
6 diner por	+6d
6 diner pore	+6d
6 diner age	-6d
6 diner er moddhe	<+6d
6 dine por	+6d
6 dine pore	+6d
6 dine age	-6d
6 dine er moddhe	<+6d
6 সপ্তাহ পর	+6w
৬ সপ্তাহ পর	+6w
6 সপ্তাহ পরে	+6w
৬ সপ্তাহ পরে	+6w
in 6 week	+6w
after 6 week	+6w
6 week later	+6w
6 week from now	+6w
within 6 week	<+6w
6 week ago	-6w
6 week before	-6w
in 6 weeks	+6w
after 6 weeks	+6w
6 weeks later	+6w
6 weeks from now	+6w
within 6 weeks	<+6w
6 weeks ago	-6w
6 weeks before	-6w
in 6 wk	+6w
after 6 wk	+6w
6 wk later	+6w
6 wk from now	+6w
within 6 wk	<+6w
6 wk ago	-6w
6 wk before	-6w
6 wks por	+6w
6 wks pore	+6w
6 wks age	-6w
6 wks er moddhe	<+6w
6 soptaho por	+6w
6 soptaho pore	+6w
6 soptaho age	-6w
6 soptaho er moddhe	<+6w
6 soptah por	+6w
6 soptah pore	+6w
6 soptah age	-6w
6 soptah er moddhe	<+6w
6 saptah por	+6w
6 saptah pore	+6w
6 saptah age	-6w
6 saptah er moddhe	<+6w
6 soptaha por	+6w
6 soptaha pore	+6w
6 soptaha age	-6w
6 soptaha er moddhe	<+6w
6 মাস পর	+6m
6 মাস পরে	+6m
৬ মাস পরে	+6m
in 6 month	+6m
after 6 month	+6m
6 month later	+6m
6 month from now	+6m
within 6 month	<+6m
6 month ago	-6m
6 month before	-6m
6 months later	+6m
within 6 months	<+6m
6 months ago	-6m
6 months before	-6m
in 6 mon	+6m
after 6 mon	+6m
6 mon later	+6m
6 mon from now	+6m
within 6 mon	<+6m
6 mon ago	-6m
6 mon before	-6m
6 mas pore	+6m
6 mas age	-6m
6 mas er moddhe	<+6m
6 mash por	+6m
6 mash pore	+6m
6 mash age	-6m
6 mash er moddhe	<+6m
6 maas por	+6m
6 maas pore	+6m
6 maas age	-6m
6 maas er moddhe	<+6m
6 বছর পর	+6y
৬ বছর পর	+6y
6 বছর পরে	+6y
৬ বছর পরে	+6y
in 6 year	+6y
after 6 year	+6y
6 year later	+6y
6 year from now	+6y
within 6 year	<+6y
6 year ago	-6y
6 year before	-6y
in 6 years	+6y
after 6 years	+6y
6 years later	+6y
6 years from now	+6y
within 6 years	<+6y
6 years ago	-6y
6 years before	-6y
in 6 yr	+6y
after 6 yr	+6y
6 yr later	+6y
6 yr from now	+6y
within 6 yr	<+6y
6 yr ago	-6y
6 yr before	-6y
6 yrs por	+6y
6 yrs pore	+6y
6 yrs age	-6y
6 yrs er moddhe	<+6y
6 bochor por	+6y
6 bochor pore	+6y
6 bochor age	-6y
6 bochor er moddhe	<+6y
6 bosor por	+6y
6 bosor pore	+6y
6 bosor age	-6y
6 bosor er moddhe	<+6y
6 bochhor por	+6y
6 bochhor pore	+6y
6 bochhor age	-6y
6 bochhor er moddhe	<+6y
6 ঘণ্টা পর	+6h
৬ ঘণ্টা পর	+6h
6 ঘণ্টা পরে	+6h
৬ ঘণ্টা পরে	+6h
in 6 hour	+6h
after 6 hour	+6h
6 hour later	+6h
6 hour from now	+6h
within 6 hour	<+6h
6 hour ago	-6h
6 hour before	-6h
in 6 hours	+6h
after 6 hours	+6h
6 hours later	+6h
6 hours from now	+6h
within 6 hours	<+6h
6 hours ago	-6h
6 hours before	-6h
in 6 hr	+6h
after 6 hr	+6h
6 hr later	+6h
6 hr from now	+6h
within 6 hr	<+6h
6 hr ago	-6h
6 hr before	-6h
6 hrs por	+6h
6 hrs pore	+6h
6 hrs age	-6h
6 hrs er moddhe	<+6h
6 ghonta por	+6h
6 ghonta pore	+6h
6 ghonta age	-6h
6 ghonta er moddhe	<+6h
6 ghanta por	+6h
6 ghanta pore	+6h
6 ghanta age	-6h
6 ghanta er moddhe	<+6h
6 মিনিট পর	+6min
৬ মিনিট পর	+6min
6 মিনিট পরে	+6min
৬ মিনিট পরে	+6min
in 6 minute	+6min
after 6 minute	+6min
6 minute later	+6min
6 minute from now	+6min
within 6 minute	<+6min
6 minute ago	-6min
6 minute before	-6min
in 6 minutes	+6min
after 6 minutes	+6min
6 minutes later	+6min
6 minutes from now	+6min
within 6 minutes	<+6min
6 minutes ago	-6min
6 minutes before	-6min
in 6 min	+6min
after 6 min	+6min
6 min later	+6min
6 min from now	+6min
within 6 min	<+6min
6 min ago	-6min
6 min before	-6min
6 mins por	+6min
6 mins pore	+6min
6 mins age	-6min
6 mins er moddhe	<+6min
6 minit por	+6min
6 minit pore	+6min
6 minit age	-6min
6 minit er moddhe	<+6min
6 minute por	+6min
6 minute pore	+6min
6 minute age	-6min
6 minute er moddhe	<+6min
7 দিন পর	+7d
7 দিন পরে	+7d
৭ দিন পরে	+7d
in 7 day	+7d
after 7 day	+7d
7 day later	+7d
7 day from now	+7d
within 7 day	<+7d
7 day ago	-7d
7 day before	-7d
in 7 days	+7d
after 7 days	+7d
7 days later	+7d
7 days from now	+7d
within 7 days	<+7d
7 days ago	-7d
7 days before	-7d
in 7 din	+7d
after 7 din	+7d
7 din later	+7d
7 din from now	+7d
within 7 din	<+7d
7 din ago	-7d
7 din before	-7d
7 diner por	+7d
7 diner pore	+7d
7 diner age	-7d
7 diner er moddhe	<+7d
7 dine por	+7d
7 dine pore	+7d
7 dine age	-7d
7 dine er moddhe	<+7d
7 সপ্তাহ পর	+7w
৭ সপ্তাহ পর	+7w
7 সপ্তাহ পরে	+7w
৭ সপ্তাহ পরে	+7w
in 7 week	+7w
after 7 week	+7w
7 week later	+7w
7 week from now	+7w
within 7 week	<+7w
7 week ago	-7w
7 week before	-7w
in 7 weeks	+7w
after 7 weeks	+7w
7 weeks later	+7w
7 weeks from now	+7w
within 7 weeks	<+7w
7 weeks ago	-7w
7 weeks before	-7w
in 7 wk	+7w
after 7 wk	+7w
7 wk later	+7w
7 wk from now	+7w
within 7 wk	<+7w
7 wk ago	-7w
7 wk before	-7w
7 wks por	+7w
7 wks pore	+7w
7 wks age	-7w
7 wks er moddhe	<+7w
7 soptaho por	+7w
7 soptaho pore	+7w
7 soptaho age	-7w
7 soptaho er moddhe	<+7w
7 soptah por	+7w
7 soptah pore	+7w
7 soptah age	-7w
7 soptah er moddhe	<+7w
7 saptah por	+7w
7 saptah pore	+7w
7 saptah age	-7w
7 saptah er moddhe	<+7w
7 soptaha por	+7w
7 soptaha pore	+7w
7 soptaha age	-7w
7 soptaha er moddhe	<+7w
7 মাস পর	+7m
৭ মাস পর	+7m
7 মাস পরে	+7m
৭ মাস পরে	+7m
in 7 month	+7m
after 7 month	+7m
7 month later	+7m
7 month from now	+7m
within 7 month	<+7m
7 month ago	-7m
7 month before	-7m
in 7 months	+7m
after 7 months	+7m
7 months later	+7m
7 months from now	+7m
within 7 months	<+7m
7 months ago	-7m
7 months before	-7m
in 7 mon	+7m
after 7 mon	+7m
7 mon later	+7m
7 mon from now	+7m
within 7 mon	<+7m
7 mon ago	-7m
7 mon before	-7m
7 mas por	+7m
7 mas pore	+7m
7 mas age	-7m
7 mas er moddhe	<+7m
7 mash por	+7m
7 mash pore	+7m
7 mash age	-7m
7 mash er moddhe	<+7m
7 maas por	+7m
7 maas pore	+7m
7 maas age	-7m
7 maas er moddhe	<+7m
7 বছর পর	+7y
৭ বছর পর	+7y
7 বছর পরে	+7y
৭ বছর পরে	+7y
in 7 year	+7y
after 7 year	+7y
7 year later	+7y
7 year from now	+7y
within 7 year	<+7y
7 year ago	-7y
7 year before	-7y
in 7 years	+7y
after 7 years	+7y
7 years later	+7y
7 years from now	+7y
within 7 years	<+7y
7 years ago	-7y
7 years before	-7y
in 7 yr	+7y
after 7 yr	+7y
7 yr later	+7y
7 yr from now	+7y
within 7 yr	<+7y
7 yr ago	-7y
7 yr before	-7y
7 yrs por	+7y
7 yrs pore	+7y
7 yrs age	-7y
7 yrs er moddhe	<+7y
7 bochor por	+7y
7 bochor pore	+7y
7 bochor age	-7y
7 bochor er moddhe	<+7y
7 bosor por	+7y
7 bosor pore	+7y
7 bosor age	-7y
7 bosor er moddhe	<+7y
7 bochhor por	+7y
7 bochhor pore	+7y
7 bochhor age	-7y
7 bochhor er moddhe	<+7y
7 ঘণ্টা পর	+7h
৭ ঘণ্টা পর	+7h
7 ঘণ্টা পরে	+7h
৭ ঘণ্টা পরে	+7h
in 7 hour	+7h
after 7 hour	+7h
7 hour later	+7h
7 hour from now	+7h
within 7 hour	<+7h
7 hour ago	-7h
7 hour before	-7h
in 7 hours	+7h
after 7 hours	+7h
7 hours later	+7h
7 hours from now	+7h
within 7 hours	<+7h
7 hours ago	-7h
7 hours before	-7h
in 7 hr	+7h
after 7 hr	+7h
7 hr later	+7h
7 hr from now	+7h
within 7 hr	<+7h
7 hr ago	-7h
7 hr before	-7h
7 hrs por	+7h
7 hrs pore	+7h
7 hrs age	-7h
7 hrs er moddhe	<+7h
7 ghonta por	+7h
7 ghonta pore	+7h
7 ghonta age	-7h
7 ghonta er moddhe	<+7h
7 ghanta por	+7h
7 ghanta pore	+7h
7 ghanta age	-7h
7 ghanta er moddhe	<+7h
7 মিনিট পর	+7min
৭ মিনিট পর	+7min
7 মিনিট পরে	+7min
৭ মিনিট পরে	+7min
in 7 minute	+7min
after 7 minute	+7min
7 minute later	+7min
7 minute from now	+7min
within 7 minute	<+7min
7 minute ago	-7min
7 minute before	-7min
in 7 minutes	+7min
after 7 minutes	+7min
7 minutes later	+7min
7 minutes from now	+7min
within 7 minutes	<+7min
7 minutes ago	-7min
7 minutes before	-7min
in 7 min	+7min
after 7 min	+7min
7 min later	+7min
7 min from now	+7min
within 7 min	<+7min
7 min ago	-7min
7 min before	-7min
7 mins por	+7min
7 mins pore	+7min
7 mins age	-7min
7 mins er moddhe	<+7min
7 minit por	+7min
7 minit pore	+7min
7 minit age	-7min
7 minit er moddhe	<+7min
7 minute por	+7min
7 minute pore	+7min
7 minute age	-7min
7 minute er moddhe	<+7min
8 দিন পর	+8d
৮ দিন পর	+8d
8 দিন পরে	+8d
৮ দিন পরে	+8d
in 8 day	+8d
after 8 day	+8d
8 day later	+8d
8 day from now	+8d
within 8 day	<+8d
8 day ago	-8d
8 day before	-8d
in 8 days	+8d
after 8 days	+8d
8 days later	+8d
8 days from now	+8d
within 8 days	<+8d
8 days ago	-8d
8 days before	-8d
in 8 din	+8d
after 8 din	+8d
8 din later	+8d
8 din from now	+8d
within 8 din	<+8d
8 din ago	-8d
8 din before	-8d
8 diner por	+8d
8 diner pore	+8d
8 diner age	-8d
8 diner er moddhe	<+8d
8 dine por	+8d
8 dine pore	+8d
8 dine age	-8d
8 dine er moddhe	<+8d
8 সপ্তাহ পর	+8w
৮ সপ্তাহ পর	+8w
8 সপ্তাহ পরে	+8w
৮ সপ্তাহ পরে	+8w
in 8 week	+8w
after 8 week	+8w
8 week later	+8w
8 week from now	+8w
within 8 week	<+8w
8 week ago	-8w
8 week before	-8w
in 8 weeks	+8w
after 8 weeks	+8w
8 weeks later	+8w
8 weeks from now	+8w
within 8 weeks	<+8w
8 weeks ago	-8w
8 weeks before	-8w
in 8 wk	+8w
after 8 wk	+8w
8 wk later	+8w
8 wk from now	+8w
within 8 wk	<+8w
8 wk ago	-8w
8 wk before	-8w
8 wks por	+8w
8 wks pore	+8w
8 wks age	-8w
8 wks er moddhe	<+8w
8 soptaho por	+8w
8 soptaho pore	+8w
8 soptaho age	-8w
8 soptaho er moddhe	<+8w
8 soptah por	+8w
8 soptah pore	+8w
8 soptah age	-8w
8 soptah er moddhe	<+8w
8 saptah por	+8w
8 saptah pore	+8w
8 saptah age	-8w
8 saptah er moddhe	<+8w
8 soptaha por	+8w
8 soptaha pore	+8w
8 soptaha age	-8w
8 soptaha er moddhe	<+8w
8 মাস পর	+8m
৮ মাস পর	+8m
8 মাস পরে	+8m
৮ মাস পরে	+8m
in 8 month	+8m
after 8 month	+8m
8 month later	+8m
8 month from now	+8m
within 8 month	<+8m
8 month ago	-8m
8 month before	-8m
in 8 months	+8m
after 8 months	+8m
8 months later	+8m
8 months from now	+8m
within 8 months	<+8m
8 months ago	-8m
8 months before	-8m
in 8 mon	+8m
after 8 mon	+8m
8 mon later	+8m
8 mon from now	+8m
within 8 mon	<+8m
8 mon ago	-8m
8 mon before	-8m
8 mas por	+8m
8 mas pore	+8m
8 mas age	-8m
8 mas er moddhe	<+8m
8 mash por	+8m
8 mash pore	+8m
8 mash age	-8m
8 mash er moddhe	<+8m
8 maas por	+8m
8 maas pore	+8m
8 maas age	-8m
8 maas er moddhe	<+8m
8 বছর পর	+8y
৮ বছর পর	+8y
8 বছর পরে	+8y
৮ বছর পরে	+8y
in 8 year	+8y
after 8 year	+8y
8 year later	+8y
8 year from now	+8y
within 8 year	<+8y
8 year ago	-8y
8 year before	-8y
in 8 years	+8y
after 8 years	+8y
8 years later	+8y
8 years from now	+8y
within 8 years	<+8y
8 years ago	-8y
8 years before	-8y
in 8 yr	+8y
after 8 yr	+8y
8 yr later	+8y
8 yr from now	+8y
within 8 yr	<+8y
8 yr ago	-8y
8 yr before	-8y
8 yrs por	+8y
8 yrs pore	+8y
8 yrs age	-8y
8 yrs er moddhe	<+8y
8 bochor por	+8y
8 bochor pore	+8y
8 bochor age	-8y
8 bochor er moddhe	<+8y
8 bosor por	+8y
8 bosor pore	+8y
8 bosor age	-8y
8 bosor er moddhe	<+8y
8 bochhor por	+8y
8 bochhor pore	+8y
8 bochhor age	-8y
8 bochhor er moddhe	<+8y
8 ঘণ্টা পর	+8h
৮ ঘণ্টা পর	+8h
8 ঘণ্টা পরে	+8h
৮ ঘণ্টা পরে	+8h
in 8 hour	+8h
after 8 hour	+8h
8 hour later	+8h
8 hour from now	+8h
within 8 hour	<+8h
8 hour ago	-8h
8 hour before	-8h
in 8 hours	+8h
after 8 hours	+8h
8 hours later	+8h
8 hours from now	+8h
within 8 hours	<+8h
8 hours ago	-8h
8 hours before	-8h
in 8 hr	+8h
after 8 hr	+8h
8 hr later	+8h
8 hr from now	+8h
within 8 hr	<+8h
8 hr ago	-8h
8 hr before	-8h
8 hrs por	+8h
8 hrs pore	+8h
8 hrs age	-8h
8 hrs er moddhe	<+8h
8 ghonta por	+8h
8 ghonta pore	+8h
8 ghonta age	-8h
8 ghonta er moddhe	<+8h
8 ghanta por	+8h
8 ghanta pore	+8h
8 ghanta age	-8h
8 ghanta er moddhe	<+8h
8 মিনিট পর	+8min
৮ মিনিট পর	+8min
8 মিনিট পরে	+8min
৮ মিনিট পরে	+8min
in 8 minute	+8min
after 8 minute	+8min
8 minute later	+8min
8 minute from now	+8min
within 8 minute	<+8min
8 minute ago	-8min
8 minute before	-8min
in 8 minutes	+8min
after 8 minutes	+8min
8 minutes later	+8min
8 minutes from now	+8min
within 8 minutes	<+8min
8 minutes ago	-8min
8 minutes before	-8min
in 8 min	+8min
after 8 min	+8min
8 min later	+8min
8 min from now	+8min
within 8 min	<+8min
8 min ago	-8min
8 min before	-8min
8 mins por	+8min
8 mins pore	+8min
8 mins age	-8min
8 mins er moddhe	<+8min
8 minit por	+8min
8 minit pore	+8min
8 minit age	-8min
8 minit er moddhe	<+8min
8 minute por	+8min
8 minute pore	+8min
8 minute age	-8min
8 minute er moddhe	<+8min
9 দিন পর	+9d
৯ দিন পর	+9d
9 দিন পরে	+9d
৯ দিন পরে	+9d
in 9 day	+9d
after 9 day	+9d
9 day later	+9d
9 day from now	+9d
within 9 day	<+9d
9 day ago	-9d
9 day before	-9d
in 9 days	+9d
after 9 days	+9d
9 days later	+9d
9 days from now	+9d
within 9 days	<+9d
9 days ago	-9d
9 days before	-9d
in 9 din	+9d
after 9 din	+9d
9 din later	+9d
9 din from now	+9d
within 9 din	<+9d
9 din ago	-9d
9 din before	-9d
9 diner por	+9d
9 diner pore	+9d
9 diner age	-9d
9 diner er moddhe	<+9d
9 dine por	+9d
9 dine pore	+9d
9 dine age	-9d
9 dine er moddhe	<+9d
9 সপ্তাহ পর	+9w
৯ সপ্তাহ পর	+9w
9 সপ্তাহ পরে	+9w
৯ সপ্তাহ পরে	+9w
in 9 week	+9w
after 9 week	+9w
9 week later	+9w
9 week from now	+9w
within 9 week	<+9w
9 week ago	-9w
9 week before	-9w
in 9 weeks	+9w
after 9 weeks	+9w
9 weeks later	+9w
9 weeks from now	+9w
within 9 weeks	<+9w
9 weeks ago	-9w
9 weeks before	-9w
in 9 wk	+9w
after 9 wk	+9w
9 wk later	+9w
9 wk from now	+9w
within 9 wk	<+9w
9 wk ago	-9w
9 wk before	-9w
9 wks por	+9w
9 wks pore	+9w
9 wks age	-9w
9 wks er moddhe	<+9w
9 soptaho por	+9w
9 soptaho pore	+9w
9 soptaho age	-9w
9 soptaho er moddhe	<+9w
9 soptah por	+9w
9 soptah pore	+9w
9 soptah age	-9w
9 soptah er moddhe	<+9w
9 saptah por	+9w
9 saptah pore	+9w
9 saptah age	-9w
9 saptah er moddhe	<+9w
9 soptaha por	+9w
9 soptaha pore	+9w
9 soptaha age	-9w
9 soptaha er moddhe	<+9w
9 মাস পর	+9m
৯ মাস পর	+9m
9 মাস পরে	+9m
৯ মাস পরে	+9m
in 9 month	+9m
after 9 month	+9m
9 month later	+9m
9 month from now	+9m
within 9 month	<+9m
9 month ago	-9m
9 month before	-9m
in 9 months	+9m
after 9 months	+9m
9 months later	+9m
9 months from now	+9m
within 9 months	<+9m
9 months ago	-9m
9 months before	-9m
in 9 mon	+9m
after 9 mon	+9m
9 mon later	+9m
9 mon from now	+9m
within 9 mon	<+9m
9 mon ago	-9m
9 mon before	-9m
9 mas por	+9m
9 mas pore	+9m
9 mas age	-9m
9 mas er moddhe	<+9m
9 mash por	+9m
9 mash pore	+9m
9 mash age	-9m
9 mash er moddhe	<+9m
9 maas por	+9m
9 maas pore	+9m
9 maas age	-9m
9 maas er moddhe	<+9m
9 বছর পর	+9y
৯ বছর পর	+9y
9 বছর পরে	+9y
৯ বছর পরে	+9y
in 9 year	+9y
after 9 year	+9y
9 year later	+9y
9 year from now	+9y
within 9 year	<+9y
9 year ago	-9y
9 year before	-9y
in 9 years	+9y
after 9 years	+9y
9 years later	+9y
9 years from now	+9y
within 9 years	<+9y
9 years ago	-9y
9 years before	-9y
in 9 yr	+9y
after 9 yr	+9y
9 yr later	+9y
9 yr from now	+9y
within 9 yr	<+9y
9 yr ago	-9y
9 yr before	-9y
9 yrs por	+9y
9 yrs pore	+9y
9 yrs age	-9y
9 yrs er moddhe	<+9y
9 bochor por	+9y
9 bochor pore	+9y
9 bochor age	-9y
9 bochor er moddhe	<+9y
9 bosor por	+9y
9 bosor pore	+9y
9 bosor age	-9y
9 bosor er moddhe	<+9y
9 bochhor por	+9y
9 bochhor pore	+9y
9 bochhor age	-9y
9 bochhor er moddhe	<+9y
9 ঘণ্টা পর	+9h
৯ ঘণ্টা পর	+9h
9 ঘণ্টা পরে	+9h
৯ ঘণ্টা পরে	+9h
in 9 hour	+9h
after 9 hour	+9h
9 hour later	+9h
9 hour from now	+9h
within 9 hour	<+9h
9 hour ago	-9h
9 hour before	-9h
in 9 hours	+9h
after 9 hours	+9h
9 hours later	+9h
9 hours from now	+9h
within 9 hours	<+9h
9 hours ago	-9h
9 hours before	-9h
in 9 hr	+9h
after 9 hr	+9h
9 hr later	+9h
9 hr from now	+9h
within 9 hr	<+9h
9 hr ago	-9h
9 hr before	-9h
9 hrs por	+9h
9 hrs pore	+9h
9 hrs age	-9h
9 hrs er moddhe	<+9h
9 ghonta por	+9h
9 ghonta pore	+9h
9 ghonta age	-9h
9 ghonta er moddhe	<+9h
9 ghanta por	+9h
9 ghanta pore	+9h
9 ghanta age	-9h
9 ghanta er moddhe	<+9h
9 মিনিট পর	+9min
৯ মিনিট পর	+9min
9 মিনিট পরে	+9min
৯ মিনিট পরে	+9min
in 9 minute	+9min
after 9 minute	+9min
9 minute later	+9min
9 minute from now	+9min
within 9 minute	<+9min
9 minute ago	-9min
9 minute before	-9min
in 9 minutes	+9min
after 9 minutes	+9min
9 minutes later	+9min
9 minutes from now	+9min
within 9 minutes	<+9min
9 minutes ago	-9min
9 minutes before	-9min
in 9 min	+9min
after 9 min	+9min
9 min later	+9min
9 min from now	+9min
within 9 min	<+9min
9 min ago	-9min
9 min before	-9min
9 mins por	+9min
9 mins pore	+9min
9 mins age	-9min
9 mins er moddhe	<+9min
9 minit por	+9min
9 minit pore	+9min
9 minit age	-9min
9 minit er moddhe	<+9min
9 minute por	+9min
9 minute pore	+9min
9 minute age	-9min
9 minute er moddhe	<+9min
10 দিন পর	+10d
১০ দিন পর	+10d
10 দিন পরে	+10d
১০ দিন পরে	+10d
in 10 day	+10d
after 10 day	+10d
10 day later	+10d
10 day from now	+10d
within 10 day	<+10d
10 day ago	-10d
10 day before	-10d
in 10 days	+10d
after 10 days	+10d
10 days later	+10d
10 days from now	+10d
within 10 days	<+10d
10 days ago	-10d
10 days before	-10d
in 10 din	+10d
after 10 din	+10d
10 din later	+10d
10 din from now	+10d
within 10 din	<+10d
10 din ago	-10d
10 din before	-10d
10 diner por	+10d
10 diner pore	+10d
10 diner age	-10d
10 diner er moddhe	<+10d
10 dine por	+10d
10 dine pore	+10d
10 dine age	-10d
10 dine er moddhe	<+10d
10 সপ্তাহ পর	+10w
১০ সপ্তাহ পর	+10w
10 সপ্তাহ পরে	+10w
১০ সপ্তাহ পরে	+10w
in 10 week	+10w
after 10 week	+10w
10 week later	+10w
10 week from now	+10w
within 10 week	<+10w
10 week ago	-10w
10 week before	-10w
in 10 weeks	+10w
after 10 weeks	+10w
10 weeks later	+10w
10 weeks from now	+10w
within 10 weeks	<+10w
10 weeks ago	-10w
10 weeks before	-10w
in 10 wk	+10w
after 10 wk	+10w
10 wk later	+10w
10 wk from now	+10w
within 10 wk	<+10w
10 wk ago	-10w
10 wk before	-10w
10 wks por	+10w
10 wks pore	+10w
10 wks age	-10w
10 wks er moddhe	<+10w
10 soptaho por	+10w
10 soptaho pore	+10w
10 soptaho age	-10w
10 soptaho er moddhe	<+10w
10 soptah por	+10w
10 soptah pore	+10w
10 soptah age	-10w
10 soptah er moddhe	<+10w
10 saptah por	+10w
10 saptah pore	+10w
10 saptah age	-10w
10 saptah er moddhe	<+10w
10 soptaha por	+10w
10 soptaha pore	+10w
10 soptaha age	-10w
10 soptaha er moddhe	<+10w
10 মাস পর	+10m
১০ মাস পর	+10m
10 মাস পরে	+10m
১০ মাস পরে	+10m
in 10 month	+10m
after 10 month	+10m
10 month later	+10m
10 month from now	+10m
within 10 month	<+10m
10 month ago	-10m
10 month before	-10m
in 10 months	+10m
after 10 months	+10m
10 months later	+10m
10 months from now	+10m
within 10 months	<+10m
10 months ago	-10m
10 months before	-10m
in 10 mon	+10m
after 10 mon	+10m
10 mon later	+10m
10 mon from now	+10m
within 10 mon	<+10m
10 mon ago	-10m
10 mon before	-10m
10 mas por	+10m
10 mas pore	+10m
10 mas age	-10m
10 mas er moddhe	<+10m
10 mash por	+10m
10 mash pore	+10m
10 mash age	-10m
10 mash er moddhe	<+10m
10 maas por	+10m
10 maas pore	+10m
10 maas age	-10m
10 maas er moddhe	<+10m
10 বছর পর	+10y
১০ বছর পর	+10y
10 বছর পরে	+10y
১০ বছর পরে	+10y
in 10 year	+10y
after 10 year	+10y
10 year later	+10y
10 year from now	+10y
within 10 year	<+10y
10 year ago	-10y
10 year before	-10y
in 10 years	+10y
after 10 years	+10y
10 years later	+10y
10 years from now	+10y
within 10 years	<+10y
10 years ago	-10y
10 years before	-10y
in 10 yr	+10y
after 10 yr	+10y
10 yr later	+10y
10 yr from now	+10y
within 10 yr	<+10y
10 yr ago	-10y
10 yr before	-10y
10 yrs por	+10y
10 yrs pore	+10y
10 yrs age	-10y
10 yrs er moddhe	<+10y
10 bochor por	+10y
10 bochor pore	+10y
10 bochor age	-10y
10 bochor er moddhe	<+10y
10 bosor por	+10y
10 bosor pore	+10y
10 bosor age	-10y
10 bosor er moddhe	<+10y
10 bochhor por	+10y
10 bochhor pore	+10y
10 bochhor age	-10y
10 bochhor er moddhe	<+10y
10 ঘণ্টা পর	+10h
১০ ঘণ্টা পর	+10h
10 ঘণ্টা পরে	+10h
১০ ঘণ্টা পরে	+10h
in 10 hour	+10h
after 10 hour	+10h
10 hour later	+10h
10 hour from now	+10h
within 10 hour	<+10h
10 hour ago	-10h
10 hour before	-10h
in 10 hours	+10h
after 10 hours	+10h
10 hours later	+10h
10 hours from now	+10h
within 10 hours	<+10h
10 hours ago	-10h
10 hours before	-10h
in 10 hr	+10h
after 10 hr	+10h
10 hr later	+10h
10 hr from now	+10h
within 10 hr	<+10h
10 hr ago	-10h
10 hr before	-10h
10 hrs por	+10h
10 hrs pore	+10h
10 hrs age	-10h
10 hrs er moddhe	<+10h
10 ghonta por	+10h
10 ghonta pore	+10h
10 ghonta age	-10h
10 ghonta er moddhe	<+10h
10 ghanta por	+10h
10 ghanta pore	+10h
10 ghanta age	-10h
10 ghanta er moddhe	<+10h
10 মিনিট পর	+10min
১০ মিনিট পর	+10min
10 মিনিট পরে	+10min
১০ মিনিট পরে	+10min
in 10 minute	+10min
after 10 minute	+10min
10 minute later	+10min
10 minute from now	+10min
within 10 minute	<+10min
10 minute ago	-10min
10 minute before	-10min
in 10 minutes	+10min
after 10 minutes	+10min
10 minutes later	+10min
10 minutes from now	+10min
within 10 minutes	<+10min
10 minutes ago	-10min
10 minutes before	-10min
in 10 min	+10min
after 10 min	+10min
10 min later	+10min
10 min from now	+10min
within 10 min	<+10min
10 min ago	-10min
10 min before	-10min
10 mins por	+10min
10 mins pore	+10min
10 mins age	-10min
10 mins er moddhe	<+10min
10 minit por	+10min
10 minit pore	+10min
10 minit age	-10min
10 minit er moddhe	<+10min
10 minute por	+10min
10 minute pore	+10min
10 minute age	-10min
10 minute er moddhe	<+10min
11 দিন পর	+11d
১১ দিন পর	+11d
11 দিন পরে	+11d
১১ দিন পরে	+11d
in 11 day	+11d
after 11 day	+11d
11 day later	+11d
11 day from now	+11d
within 11 day	<+11d
11 day ago	-11d
11 day before	-11d
in 11 days	+11d
after 11 days	+11d
11 days later	+11d
11 days from now	+11d
within 11 days	<+11d
11 days ago	-11d
11 days before	-11d
in 11 din	+11d
after 11 din	+11d
11 din later	+11d
11 din from now	+11d
within 11 din	<+11d
11 din ago	-11d
11 din before	-11d
11 diner por	+11d
11 diner pore	+11d
11 diner age	-11d
11 diner er moddhe	<+11d
11 dine por	+11d
11 dine pore	+11d
11 dine age	-11d
11 dine er moddhe	<+11d
11 সপ্তাহ পর	+11w
১১ সপ্তাহ পর	+11w
11 সপ্তাহ পরে	+11w
১১ সপ্তাহ পরে	+11w
in 11 week	+11w
after 11 week	+11w
11 week later	+11w
11 week from now	+11w
within 11 week	<+11w
11 week ago	-11w
11 week before	-11w
in 11 weeks	+11w
after 11 weeks	+11w
11 weeks later	+11w
11 weeks from now	+11w
within 11 weeks	<+11w
11 weeks ago	-11w
11 weeks before	-11w
in 11 wk	+11w
after 11 wk	+11w
11 wk later	+11w
11 wk from now	+11w
within 11 wk	<+11w
11 wk ago	-11w
11 wk before	-11w
11 wks por	+11w
11 wks pore	+11w
11 wks age	-11w
11 wks er moddhe	<+11w
11 soptaho por	+11w
11 soptaho pore	+11w
11 soptaho age	-11w
11 soptaho er moddhe	<+11w
11 soptah por	+11w
11 soptah pore	+11w
11 soptah age	-11w
11 soptah er moddhe	<+11w
11 saptah por	+11w
11 saptah pore	+11w
11 saptah age	-11w
11 saptah er moddhe	<+11w
11 soptaha por	+11w
11 soptaha pore	+11w
11 soptaha age	-11w
11 soptaha er moddhe	<+11w
11 মাস পর	+11m
১১ মাস পর	+11m
11 মাস পরে	+11m
১১ মাস পরে	+11m
in 11 month	+11m
after 11 month	+11m
11 month later	+11m
11 month from now	+11m
within 11 month	<+11m
11 month ago	-11m
11 month before	-11m
in 11 months	+11m
after 11 months	+11m
11 months later	+11m
11 months from now	+11m
within 11 months	<+11m
11 months ago	-11m
11 months before	-11m
in 11 mon	+11m
after 11 mon	+11m
11 mon later	+11m
11 mon from now	+11m
within 11 mon	<+11m
11 mon ago	-11m
11 mon before	-11m
11 mas por	+11m
11 mas pore	+11m
11 mas age	-11m
11 mas er moddhe	<+11m
11 mash por	+11m
11 mash pore	+11m
11 mash age	-11m
11 mash er moddhe	<+11m
11 maas por	+11m
11 maas pore	+11m
11 maas age	-11m
11 maas er moddhe	<+11m
11 বছর পর	+11y
১১ বছর পর	+11y
11 বছর পরে	+11y
১১ বছর পরে	+11y
in 11 year	+11y
after 11 year	+11y
11 year later	+11y
11 year from now	+11y
within 11 year	<+11y
11 year ago	-11y
11 year before	-11y
in 11 years	+11y
after 11 years	+11y
11 years later	+11y
11 years from now	+11y
within 11 years	<+11y
11 years ago	-11y
11 years before	-11y
in 11 yr	+11y
after 11 yr	+11y
11 yr later	+11y
11 yr from now	+11y
within 11 yr	<+11y
11 yr ago	-11y
11 yr before	-11y
11 yrs por	+11y
11 yrs pore	+11y
11 yrs age	-11y
11 yrs er moddhe	<+11y
11 bochor por	+11y
11 bochor pore	+11y
11 bochor age	-11y
11 bochor er moddhe	<+11y
11 bosor por	+11y
11 bosor pore	+11y
11 bosor age	-11y
11 bosor er moddhe	<+11y
11 bochhor por	+11y
11 bochhor pore	+11y
11 bochhor age	-11y
11 bochhor er moddhe	<+11y
11 ঘণ্টা পর	+11h
১১ ঘণ্টা পর	+11h
11 ঘণ্টা পরে	+11h
১১ ঘণ্টা পরে	+11h
in 11 hour	+11h
after 11 hour	+11h
11 hour later	+11h
11 hour from now	+11h
within 11 hour	<+11h
11 hour ago	-11h
11 hour before	-11h
in 11 hours	+11h
after 11 hours	+11h
11 hours later	+11h
11 hours from now	+11h
within 11 hours	<+11h
11 hours ago	-11h
11 hours before	-11h
in 11 hr	+11h
after 11 hr	+11h
11 hr later	+11h
11 hr from now	+11h
within 11 hr	<+11h
11 hr ago	-11h
11 hr before	-11h
11 hrs por	+11h
11 hrs pore	+11h
11 hrs age	-11h
11 hrs er moddhe	<+11h
11 ghonta por	+11h
11 ghonta pore	+11h
11 ghonta age	-11h
11 ghonta er moddhe	<+11h
11 ghanta por	+11h
11 ghanta pore	+11h
11 ghanta age	-11h
11 ghanta er moddhe	<+11h
11 মিনিট পর	+11min
১১ মিনিট পর	+11min
11 মিনিট পরে	+11min
১১ মিনিট পরে	+11min
in 11 minute	+11min
after 11 minute	+11min
11 minute later	+11min
11 minute from now	+11min
within 11 minute	<+11min
11 minute ago	-11min
11 minute before	-11min
in 11 minutes	+11min
after 11 minutes	+11min
11 minutes later	+11min
11 minutes from now	+11min
within 11 minutes	<+11min
11 minutes ago	-11min
11 minutes before	-11min
in 11 min	+11min
after 11 min	+11min
11 min later	+11min
11 min from now	+11min
within 11 min	<+11min
11 min ago	-11min
11 min before	-11min
11 mins por	+11min
11 mins pore	+11min
11 mins age	-11min
11 mins er moddhe	<+11min
11 minit por	+11min
11 minit pore	+11min
11 minit age	-11min
11 minit er moddhe	<+11min
11 minute por	+11min
11 minute pore	+11min
11 minute age	-11min
11 minute er moddhe	<+11min
12 দিন পর	+12d
১২ দিন পর	+12d
12 দিন পরে	+12d
১২ দিন পরে	+12d
in 12 day	+12d
after 12 day	+12d
12 day later	+12d
12 day from now	+12d
within 12 day	<+12d
12 day ago	-12d
12 day before	-12d
in 12 days	+12d
after 12 days	+12d
12 days later	+12d
12 days from now	+12d
within 12 days	<+12d
12 days ago	-12d
12 days before	-12d
in 12 din	+12d
after 12 din	+12d
12 din later	+12d
12 din from now	+12d
within 12 din	<+12d
12 din ago	-12d
12 din before	-12d
12 diner por	+12d
12 diner pore	+12d
12 diner age	-12d
12 diner er moddhe	<+12d
12 dine por	+12d
12 dine pore	+12d
12 dine age	-12d
12 dine er moddhe	<+12d
12 সপ্তাহ পর	+12w
১২ সপ্তাহ পর	+12w
12 সপ্তাহ পরে	+12w
১২ সপ্তাহ পরে	+12w
in 12 week	+12w
after 12 week	+12w
12 week later	+12w
12 week from now	+12w
within 12 week	<+12w
12 week ago	-12w
12 week before	-12w
in 12 weeks	+12w
after 12 weeks	+12w
12 weeks later	+12w
12 weeks from now	+12w
within 12 weeks	<+12w
12 weeks ago	-12w
12 weeks before	-12w
in 12 wk	+12w
after 12 wk	+12w
12 wk later	+12w
12 wk from now	+12w
within 12 wk	<+12w
12 wk ago	-12w
12 wk before	-12w
12 wks por	+12w
12 wks pore	+12w
12 wks age	-12w
12 wks er moddhe	<+12w
12 soptaho por	+12w
12 soptaho pore	+12w
12 soptaho age	-12w
12 soptaho er moddhe	<+12w
12 soptah por	+12w
12 soptah pore	+12w
12 soptah age	-12w
12 soptah er moddhe	<+12w
12 saptah por	+12w
12 saptah pore	+12w
12 saptah age	-12w
12 saptah er moddhe	<+12w
12 soptaha por	+12w
12 soptaha pore	+12w
12 soptaha age	-12w
12 soptaha er moddhe	<+12w
12 মাস পর	+12m
১২ মাস পর	+12m
12 মাস পরে	+12m
১২ মাস পরে	+12m
in 12 month	+12m
after 12 month	+12m
12 month later	+12m
12 month from now	+12m
within 12 month	<+12m
12 month ago	-12m
12 month before	-12m
in 12 months	+12m
after 12 months	+12m
12 months later	+12m
12 months from now	+12m
within 12 months	<+12m
12 months ago	-12m
12 months before	-12m
in 12 mon	+12m
after 12 mon	+12m
12 mon later	+12m
12 mon from now	+12m
within 12 mon	<+12m
12 mon ago	-12m
12 mon before	-12m
12 mas por	+12m
12 mas pore	+12m
12 mas age	-12m
12 mas er moddhe	<+12m
12 mash por	+12m
12 mash pore	+12m
12 mash age	-12m
12 mash er moddhe	<+12m
12 maas por	+12m
12 maas pore	+12m
12 maas age	-12m
12 maas er moddhe	<+12m
12 বছর পর	+12y
১২ বছর পর	+12y
12 বছর পরে	+12y
১২ বছর পরে	+12y
in 12 year	+12y
after 12 year	+12y
12 year later	+12y
12 year from now	+12y
within 12 year	<+12y
12 year ago	-12y
12 year before	-12y
in 12 years	+12y
after 12 years	+12y
12 years later	+12y
12 years from now	+12y
within 12 years	<+12y
12 years ago	-12y
12 years before	-12y
in 12 yr	+12y
after 12 yr	+12y
12 yr later	+12y
12 yr from now	+12y
within 12 yr	<+12y
12 yr ago	-12y
12 yr before	-12y
12 yrs por	+12y
12 yrs pore	+12y
12 yrs age	-12y
12 yrs er moddhe	<+12y
12 bochor por	+12y
12 bochor pore	+12y
12 bochor age	-12y
12 bochor er moddhe	<+12y
12 bosor por	+12y
12 bosor pore	+12y
12 bosor age	-12y
12 bosor er moddhe	<+12y
12 bochhor por	+12y
12 bochhor pore	+12y
12 bochhor age	-12y
12 bochhor er moddhe	<+12y
12 ঘণ্টা পর	+12h
১২ ঘণ্টা পর	+12h
12 ঘণ্টা পরে	+12h
১২ ঘণ্টা পরে	+12h
in 12 hour	+12h
after 12 hour	+12h
12 hour later	+12h
12 hour from now	+12h
within 12 hour	<+12h
12 hour ago	-12h
12 hour before	-12h
in 12 hours	+12h
after 12 hours	+12h
12 hours later	+12h
12 hours from now	+12h
within 12 hours	<+12h
12 hours ago	-12h
12 hours before	-12h
in 12 hr	+12h
after 12 hr	+12h
12 hr later	+12h
12 hr from now	+12h
within 12 hr	<+12h
12 hr ago	-12h
12 hr before	-12h
12 hrs por	+12h
12 hrs pore	+12h
12 hrs age	-12h
12 hrs er moddhe	<+12h
12 ghonta por	+12h
12 ghonta pore	+12h
12 ghonta age	-12h
12 ghonta er moddhe	<+12h
12 ghanta por	+12h
12 ghanta pore	+12h
12 ghanta age	-12h
12 ghanta er moddhe	<+12h
12 মিনিট পর	+12min
১২ মিনিট পর	+12min
12 মিনিট পরে	+12min
১২ মিনিট পরে	+12min
in 12 minute	+12min
after 12 minute	+12min
12 minute later	+12min
12 minute from now	+12min
within 12 minute	<+12min
12 minute ago	-12min
12 minute before	-12min
in 12 minutes	+12min
after 12 minutes	+12min
12 minutes later	+12min
12 minutes from now	+12min
within 12 minutes	<+12min
12 minutes ago	-12min
12 minutes before	-12min
in 12 min	+12min
after 12 min	+12min
12 min later	+12min
12 min from now	+12min
within 12 min	<+12min
12 min ago	-12min
12 min before	-12min
12 mins por	+12min
12 mins pore	+12min
12 mins age	-12min
12 mins er moddhe	<+12min
12 minit por	+12min
12 minit pore	+12min
12 minit age	-12min
12 minit er moddhe	<+12min
12 minute por	+12min
12 minute pore	+12min
12 minute age	-12min
12 minute er moddhe	<+12min
13 দিন পর	+13d
১৩ দিন পর	+13d
13 দিন পরে	+13d
১৩ দিন পরে	+13d
in 13 day	+13d
after 13 day	+13d
13 day later	+13d
13 day from now	+13d
within 13 day	<+13d
13 day ago	-13d
13 day before	-13d
in 13 days	+13d
after 13 days	+13d
13 days later	+13d
13 days from now	+13d
within 13 days	<+13d
13 days ago	-13d
13 days before	-13d
in 13 din	+13d
after 13 din	+13d
13 din later	+13d
13 din from now	+13d
within 13 din	<+13d
13 din ago	-13d
13 din before	-13d
13 diner por	+13d
13 diner pore	+13d
13 diner age	-13d
13 diner er moddhe	<+13d
13 dine por	+13d
13 dine pore	+13d
13 dine age	-13d
13 dine er moddhe	<+13d
13 ঘণ্টা পর	+13h
১৩ ঘণ্টা পর	+13h
13 ঘণ্টা পরে	+13h
১৩ ঘণ্টা পরে	+13h
in 13 hour	+13h
after 13 hour	+13h
13 hour later	+13h
13 hour from now	+13h
within 13 hour	<+13h
13 hour ago	-13h
13 hour before	-13h
in 13 hours	+13h
after 13 hours	+13h
13 hours later	+13h
13 hours from now	+13h
within 13 hours	<+13h
13 hours ago	-13h
13 hours before	-13h
in 13 hr	+13h
after 13 hr	+13h
13 hr later	+13h
13 hr from now	+13h
within 13 hr	<+13h
13 hr ago	-13h
13 hr before	-13h
13 hrs por	+13h
13 hrs pore	+13h
13 hrs age	-13h
13 hrs er moddhe	<+13h
13 ghonta por	+13h
13 ghonta pore	+13h
13 ghonta age	-13h
13 ghonta er moddhe	<+13h
13 ghanta por	+13h
13 ghanta pore	+13h
13 ghanta age	-13h
13 ghanta er moddhe	<+13h
13 মিনিট পর	+13min
১৩ মিনিট পর	+13min
13 মিনিট পরে	+13min
১৩ মিনিট পরে	+13min
in 13 minute	+13min
after 13 minute	+13min
13 minute later	+13min
13 minute from now	+13min
within 13 minute	<+13min
13 minute ago	-13min
13 minute before	-13min
in 13 minutes	+13min
after 13 minutes	+13min
13 minutes later	+13min
13 minutes from now	+13min
within 13 minutes	<+13min
13 minutes ago	-13min
13 minutes before	-13min
in 13 min	+13min
after 13 min	+13min
13 min later	+13min
13 min from now	+13min
within 13 min	<+13min
13 min ago	-13min
13 min before	-13min
13 mins por	+13min
13 mins pore	+13min
13 mins age	-13min
13 mins er moddhe	<+13min
13 minit por	+13min
13 minit pore	+13min
13 minit age	-13min
13 minit er moddhe	<+13min
13 minute por	+13min
13 minute pore	+13min
13 minute age	-13min
13 minute er moddhe	<+13min
14 দিন পর	+14d
১৪ দিন পর	+14d
14 দিন পরে	+14d
১৪ দিন পরে	+14d
in 14 day	+14d
after 14 day	+14d
14 day later	+14d
14 day from now	+14d
within 14 day	<+14d
14 day ago	-14d
14 day before	-14d
in 14 days	+14d
after 14 days	+14d
14 days later	+14d
14 days from now	+14d
within 14 days	<+14d
14 days ago	-14d
14 days before	-14d
in 14 din	+14d
after 14 din	+14d
14 din later	+14d
14 din from now	+14d
within 14 din	<+14d
14 din ago	-14d
14 din before	-14d
14 diner por	+14d
14 diner pore	+14d
14 diner age	-14d
14 diner er moddhe	<+14d
14 dine por	+14d
14 dine pore	+14d
14 dine age	-14d
14 dine er moddhe	<+14d
14 ঘণ্টা পর	+14h
১৪ ঘণ্টা পর	+14h
14 ঘণ্টা পরে	+14h
১৪ ঘণ্টা পরে	+14h
in 14 hour	+14h
after 14 hour	+14h
14 hour later	+14h
14 hour from now	+14h
within 14 hour	<+14h
14 hour ago	-14h
14 hour before	-14h
in 14 hours	+14h
after 14 hours	+14h
14 hours later	+14h
14 hours from now	+14h
within 14 hours	<+14h
14 hours ago	-14h
14 hours before	-14h
in 14 hr	+14h
after 14 hr	+14h
14 hr later	+14h
14 hr from now	+14h
within 14 hr	<+14h
14 hr ago	-14h
14 hr before	-14h
14 hrs por	+14h
14 hrs pore	+14h
14 hrs age	-14h
14 hrs er moddhe	<+14h
14 ghonta por	+14h
14 ghonta pore	+14h
14 ghonta age	-14h
14 ghonta er moddhe	<+14h
14 ghanta por	+14h
14 ghanta pore	+14h
14 ghanta age	-14h
14 ghanta er moddhe	<+14h
14 মিনিট পর	+14min
১৪ মিনিট পর	+14min
14 মিনিট পরে	+14min
১৪ মিনিট পরে	+14min
in 14 minute	+14min
after 14 minute	+14min
14 minute later	+14min
14 minute from now	+14min
within 14 minute	<+14min
14 minute ago	-14min
14 minute before	-14min
in 14 minutes	+14min
after 14 minutes	+14min
14 minutes later	+14min
14 minutes from now	+14min
within 14 minutes	<+14min
14 minutes ago	-14min
14 minutes before	-14min
in 14 min	+14min
after 14 min	+14min
14 min later	+14min
14 min from now	+14min
within 14 min	<+14min
14 min ago	-14min
14 min before	-14min
14 mins por	+14min
14 mins pore	+14min
14 mins age	-14min
14 mins er moddhe	<+14min
14 minit por	+14min
14 minit pore	+14min
14 minit age	-14min
14 minit er moddhe	<+14min
14 minute por	+14min
14 minute pore	+14min
14 minute age	-14min
14 minute er moddhe	<+14min
15 দিন পর	+15d
15 দিন পরে	+15d
১৫ দিন পরে	+15d
in 15 day	+15d
after 15 day	+15d
15 day later	+15d
15 day from now	+15d
within 15 day	<+15d
15 day ago	-15d
15 day before	-15d
in 15 days	+15d
after 15 days	+15d
15 days later	+15d
15 days from now	+15d
within 15 days	<+15d
15 days ago	-15d
15 days before	-15d
in 15 din	+15d
after 15 din	+15d
15 din later	+15d
15 din from now	+15d
within 15 din	<+15d
15 din ago	-15d
15 din before	-15d
15 diner por	+15d
15 diner pore	+15d
15 diner age	-15d
15 diner er moddhe	<+15d
15 dine por	+15d
15 dine pore	+15d
15 dine age	-15d
15 dine er moddhe	<+15d
15 ঘণ্টা পর	+15h
১৫ ঘণ্টা পর	+15h
15 ঘণ্টা পরে	+15h
১৫ ঘণ্টা পরে	+15h
in 15 hour	+15h
after 15 hour	+15h
15 hour later	+15h
15 hour from now	+15h
within 15 hour	<+15h
15 hour ago	-15h
15 hour before	-15h
in 15 hours	+15h
after 15 hours	+15h
15 hours later	+15h
15 hours from now	+15h
within 15 hours	<+15h
15 hours ago	-15h
15 hours before	-15h
in 15 hr	+15h
after 15 hr	+15h
15 hr later	+15h
15 hr from now	+15h
within 15 hr	<+15h
15 hr ago	-15h
15 hr before	-15h
15 hrs por	+15h
15 hrs pore	+15h
15 hrs age	-15h
15 hrs er moddhe	<+15h
15 ghonta por	+15h
15 ghonta pore	+15h
15 ghonta age	-15h
15 ghonta er moddhe	<+15h
15 ghanta por	+15h
15 ghanta pore	+15h
15 ghanta age	-15h
15 ghanta er moddhe	<+15h
15 মিনিট পর	+15min
১৫ মিনিট পর	+15min
15 মিনিট পরে	+15min
১৫ মিনিট পরে	+15min
in 15 minute	+15min
after 15 minute	+15min
15 minute later	+15min
15 minute from now	+15min
within 15 minute	<+15min
15 minute ago	-15min
15 minute before	-15min
in 15 minutes	+15min
after 15 minutes	+15min
15 minutes later	+15min
15 minutes from now	+15min
within 15 minutes	<+15min
15 minutes ago	-15min
15 minutes before	-15min
in 15 min	+15min
after 15 min	+15min
15 min later	+15min
15 min from now	+15min
within 15 min	<+15min
15 min ago	-15min
15 min before	-15min
15 mins por	+15min
15 mins pore	+15min
15 mins age	-15min
15 mins er moddhe	<+15min
15 minit por	+15min
15 minit pore	+15min
15 minit age	-15min
15 minit er moddhe	<+15min
15 minute por	+15min
15 minute pore	+15min
15 minute age	-15min
15 minute er moddhe	<+15min
16 দিন পর	+16d
১৬ দিন পর	+16d
16 দিন পরে	+16d
১৬ দিন পরে	+16d
in 16 day	+16d
after 16 day	+16d
16 day later	+16d
16 day from now	+16d
within 16 day	<+16d
16 day ago	-16d
16 day before	-16d
in 16 days	+16d
after 16 days	+16d
16 days later	+16d
16 days from now	+16d
within 16 days	<+16d
16 days ago	-16d
16 days before	-16d
in 16 din	+16d
after 16 din	+16d
16 din later	+16d
16 din from now	+16d
within 16 din	<+16d
16 din ago	-16d
16 din before	-16d
16 diner por	+16d
16 diner pore	+16d
16 diner age	-16d
16 diner er moddhe	<+16d
16 dine por	+16d
16 dine pore	+16d
16 dine age	-16d
16 dine er moddhe	<+16d
16 ঘণ্টা পর	+16h
১৬ ঘণ্টা পর	+16h
16 ঘণ্টা পরে	+16h
১৬ ঘণ্টা পরে	+16h
in 16 hour	+16h
after 16 hour	+16h
16 hour later	+16h
16 hour from now	+16h
within 16 hour	<+16h
16 hour ago	-16h
16 hour before	-16h
in 16 hours	+16h
after 16 hours	+16h
16 hours later	+16h
16 hours from now	+16h
within 16 hours	<+16h
16 hours ago	-16h
16 hours before	-16h
in 16 hr	+16h
after 16 hr	+16h
16 hr later	+16h
16 hr from now	+16h
within 16 hr	<+16h
16 hr ago	-16h
16 hr before	-16h
16 hrs por	+16h
16 hrs pore	+16h
16 hrs age	-16h
16 hrs er moddhe	<+16h
16 ghonta por	+16h
16 ghonta pore	+16h
16 ghonta age	-16h
16 ghonta er moddhe	<+16h
16 ghanta por	+16h
16 ghanta pore	+16h
16 ghanta age	-16h
16 ghanta er moddhe	<+16h
16 মিনিট পর	+16min
১৬ মিনিট পর	+16min
16 মিনিট পরে	+16min
১৬ মিনিট পরে	+16min
in 16 minute	+16min
after 16 minute	+16min
16 minute later	+16min
16 minute from now	+16min
within 16 minute	<+16min
16 minute ago	-16min
16 minute before	-16min
in 16 minutes	+16min
after 16 minutes	+16min
16 minutes later	+16min
16 minutes from now	+16min
within 16 minutes	<+16min
16 minutes ago	-16min
16 minutes before	-16min
in 16 min	+16min
after 16 min	+16min
16 min later	+16min
16 min from now	+16min
within 16 min	<+16min
16 min ago	-16min
16 min before	-16min
16 mins por	+16min
16 mins pore	+16min
16 mins age	-16min
16 mins er moddhe	<+16min
16 minit por	+16min
16 minit pore	+16min
16 minit age	-16min
16 minit er moddhe	<+16min
16 minute por	+16min
16 minute pore	+16min
16 minute age	-16min
16 minute er moddhe	<+16min
17 দিন পর	+17d
১৭ দিন পর	+17d
17 দিন পরে	+17d
১৭ দিন পরে	+17d
in 17 day	+17d
after 17 day	+17d
17 day later	+17d
17 day from now	+17d
within 17 day	<+17d
17 day ago	-17d
17 day before	-17d
in 17 days	+17d
after 17 days	+17d
17 days later	+17d
17 days from now	+17d
within 17 days	<+17d
17 days ago	-17d
17 days before	-17d
in 17 din	+17d
after 17 din	+17d
17 din later	+17d
17 din from now	+17d
within 17 din	<+17d
17 din ago	-17d
17 din before	-17d
17 diner por	+17d
17 diner pore	+17d
17 diner age	-17d
17 diner er moddhe	<+17d
17 dine por	+17d
17 dine pore	+17d
17 dine age	-17d
17 dine er moddhe	<+17d
17 ঘণ্টা পর	+17h
১৭ ঘণ্টা পর	+17h
17 ঘণ্টা পরে	+17h
১৭ ঘণ্টা পরে	+17h
in 17 hour	+17h
after 17 hour	+17h
17 hour later	+17h
17 hour from now	+17h
within 17 hour	<+17h
17 hour ago	-17h
17 hour before	-17h
in 17 hours	+17h
after 17 hours	+17h
17 hours later	+17h
17 hours from now	+17h
within 17 hours	<+17h
17 hours ago	-17h
17 hours before	-17h
in 17 hr	+17h
after 17 hr	+17h
17 hr later	+17h
17 hr from now	+17h
within 17 hr	<+17h
17 hr ago	-17h
17 hr before	-17h
17 hrs por	+17h
17 hrs pore	+17h
17 hrs age	-17h
17 hrs er moddhe	<+17h
17 ghonta por	+17h
17 ghonta pore	+17h
17 ghonta age	-17h
17 ghonta er moddhe	<+17h
17 ghanta por	+17h
17 ghanta pore	+17h
17 ghanta age	-17h
17 ghanta er moddhe	<+17h
17 মিনিট পর	+17min
১৭ মিনিট পর	+17min
17 মিনিট পরে	+17min
১৭ মিনিট পরে	+17min
in 17 minute	+17min
after 17 minute	+17min
17 minute later	+17min
17 minute from now	+17min
within 17 minute	<+17min
17 minute ago	-17min
17 minute before	-17min
in 17 minutes	+17min
after 17 minutes	+17min
17 minutes later	+17min
17 minutes from now	+17min
within 17 minutes	<+17min
17 minutes ago	-17min
17 minutes before	-17min
in 17 min	+17min
after 17 min	+17min
17 min later	+17min
17 min from now	+17min
within 17 min	<+17min
17 min ago	-17min
17 min before	-17min
17 mins por	+17min
17 mins pore	+17min
17 mins age	-17min
17 mins er moddhe	<+17min
17 minit por	+17min
17 minit pore	+17min
17 minit age	-17min
17 minit er moddhe	<+17min
17 minute por	+17min
17 minute pore	+17min
17 minute age	-17min
17 minute er moddhe	<+17min
18 দিন পর	+18d
১৮ দিন পর	+18d
18 দিন পরে	+18d
১৮ দিন পরে	+18d
in 18 day	+18d
after 18 day	+18d
18 day later	+18d
18 day from now	+18d
within 18 day	<+18d
18 day ago	-18d
18 day before	-18d
in 18 days	+18d
after 18 days	+18d
18 days later	+18d
18 days from now	+18d
within 18 days	<+18d
18 days ago	-18d
18 days before	-18d
in 18 din	+18d
after 18 din	+18d
18 din later	+18d
18 din from now	+18d
within 18 din	<+18d
18 din ago	-18d
18 din before	-18d
18 diner por	+18d
18 diner pore	+18d
18 diner age	-18d
18 diner er moddhe	<+18d
18 dine por	+18d
18 dine pore	+18d
18 dine age	-18d
18 dine er moddhe	<+18d
18 ঘণ্টা পর	+18h
১৮ ঘণ্টা পর	+18h
18 ঘণ্টা পরে	+18h
১৮ ঘণ্টা পরে	+18h
in 18 hour	+18h
after 18 hour	+18h
18 hour later	+18h
18 hour from now	+18h
within 18 hour	<+18h
18 hour ago	-18h
18 hour before	-18h
in 18 hours	+18h
after 18 hours	+18h
18 hours later	+18h
18 hours from now	+18h
within 18 hours	<+18h
18 hours ago	-18h
18 hours before	-18h
in 18 hr	+18h
after 18 hr	+18h
18 hr later	+18h
18 hr from now	+18h
within 18 hr	<+18h
18 hr ago	-18h
18 hr before	-18h
18 hrs por	+18h
18 hrs pore	+18h
18 hrs age	-18h
18 hrs er moddhe	<+18h
18 ghonta por	+18h
18 ghonta pore	+18h
18 ghonta age	-18h
18 ghonta er moddhe	<+18h
18 ghanta por	+18h
18 ghanta pore	+18h
18 ghanta age	-18h
18 ghanta er moddhe	<+18h
18 মিনিট পর	+18min
১৮ মিনিট পর	+18min
18 মিনিট পরে	+18min
১৮ মিনিট পরে	+18min
in 18 minute	+18min
after 18 minute	+18min
18 minute later	+18min
18 minute from now	+18min
within 18 minute	<+18min
18 minute ago	-18min
18 minute before	-18min
in 18 minutes	+18min
after 18 minutes	+18min
18 minutes later	+18min
18 minutes from now	+18min
within 18 minutes	<+18min
18 minutes ago	-18min
18 minutes before	-18min
in 18 min	+18min
after 18 min	+18min
18 min later	+18min
18 min from now	+18min
within 18 min	<+18min
18 min ago	-18min
18 min before	-18min
18 mins por	+18min
18 mins pore	+18min
18 mins age	-18min
18 mins er moddhe	<+18min
18 minit por	+18min
18 minit pore	+18min
18 minit age	-18min
18 minit er moddhe	<+18min
18 minute por	+18min
18 minute pore	+18min
18 minute age	-18min
18 minute er moddhe	<+18min
19 দিন পর	+19d
১৯ দিন পর	+19d
19 দিন পরে	+19d
১৯ দিন পরে	+19d
in 19 day	+19d
after 19 day	+19d
19 day later	+19d
19 day from now	+19d
within 19 day	<+19d
19 day ago	-19d
19 day before	-19d
in 19 days	+19d
after 19 days	+19d
19 days later	+19d
19 days from now	+19d
within 19 days	<+19d
19 days ago	-19d
19 days before	-19d
in 19 din	+19d
after 19 din	+19d
19 din later	+19d
19 din from now	+19d
within 19 din	<+19d
19 din ago	-19d
19 din before	-19d
19 diner por	+19d
19 diner pore	+19d
19 diner age	-19d
19 diner er moddhe	<+19d
19 dine por	+19d
19 dine pore	+19d
19 dine age	-19d
19 dine er moddhe	<+19d
19 ঘণ্টা পর	+19h
১৯ ঘণ্টা পর	+19h
19 ঘণ্টা পরে	+19h
১৯ ঘণ্টা পরে	+19h
in 19 hour	+19h
after 19 hour	+19h
19 hour later	+19h
19 hour from now	+19h
within 19 hour	<+19h
19 hour ago	-19h
19 hour before	-19h
in 19 hours	+19h
after 19 hours	+19h
19 hours later	+19h
19 hours from now	+19h
within 19 hours	<+19h
19 hours ago	-19h
19 hours before	-19h
in 19 hr	+19h
after 19 hr	+19h
19 hr later	+19h
19 hr from now	+19h
within 19 hr	<+19h
19 hr ago	-19h
19 hr before	-19h
19 hrs por	+19h
19 hrs pore	+19h
19 hrs age	-19h
19 hrs er moddhe	<+19h
19 ghonta por	+19h
19 ghonta pore	+19h
19 ghonta age	-19h
19 ghonta er moddhe	<+19h
19 ghanta por	+19h
19 ghanta pore	+19h
19 ghanta age	-19h
19 ghanta er moddhe	<+19h
19 মিনিট পর	+19min
১৯ মিনিট পর	+19min
19 মিনিট পরে	+19min
১৯ মিনিট পরে	+19min
in 19 minute	+19min
after 19 minute	+19min
19 minute later	+19min
19 minute from now	+19min
within 19 minute	<+19min
19 minute ago	-19min
19 minute before	-19min
in 19 minutes	+19min
after 19 minutes	+19min
19 minutes later	+19min
19 minutes from now	+19min
within 19 minutes	<+19min
19 minutes ago	-19min
19 minutes before	-19min
in 19 min	+19min
after 19 min	+19min
19 min later	+19min
19 min from now	+19min
within 19 min	<+19min
19 min ago	-19min
19 min before	-19min
19 mins por	+19min
19 mins pore	+19min
19 mins age	-19min
19 mins er moddhe	<+19min
19 minit por	+19min
19 minit pore	+19min
19 minit age	-19min
19 minit er moddhe	<+19min
19 minute por	+19min
19 minute pore	+19min
19 minute age	-19min
19 minute er moddhe	<+19min
20 দিন পর	+20d
২০ দিন পর	+20d
20 দিন পরে	+20d
২০ দিন পরে	+20d
in 20 day	+20d
after 20 day	+20d
20 day later	+20d
20 day from now	+20d
within 20 day	<+20d
20 day ago	-20d
20 day before	-20d
in 20 days	+20d
after 20 days	+20d
20 days later	+20d
20 days from now	+20d
within 20 days	<+20d
20 days ago	-20d
20 days before	-20d
in 20 din	+20d
after 20 din	+20d
20 din later	+20d
20 din from now	+20d
within 20 din	<+20d
20 din ago	-20d
20 din before	-20d
20 diner por	+20d
20 diner pore	+20d
20 diner age	-20d
20 diner er moddhe	<+20d
20 dine por	+20d
20 dine pore	+20d
20 dine age	-20d
20 dine er moddhe	<+20d
20 ঘণ্টা পর	+20h
২০ ঘণ্টা পর	+20h
20 ঘণ্টা পরে	+20h
২০ ঘণ্টা পরে	+20h
in 20 hour	+20h
after 20 hour	+20h
20 hour later	+20h
20 hour from now	+20h
within 20 hour	<+20h
20 hour ago	-20h
20 hour before	-20h
in 20 hours	+20h
after 20 hours	+20h
20 hours later	+20h
20 hours from now	+20h
within 20 hours	<+20h
20 hours ago	-20h
20 hours before	-20h
in 20 hr	+20h
after 20 hr	+20h
20 hr later	+20h
20 hr from now	+20h
within 20 hr	<+20h
20 hr ago	-20h
20 hr before	-20h
20 hrs por	+20h
20 hrs pore	+20h
20 hrs age	-20h
20 hrs er moddhe	<+20h
20 ghonta por	+20h
20 ghonta pore	+20h
20 ghonta age	-20h
20 ghonta er moddhe	<+20h
20 ghanta por	+20h
20 ghanta pore	+20h
20 ghanta age	-20h
20 ghanta er moddhe	<+20h
20 মিনিট পর	+20min
২০ মিনিট পর	+20min
20 মিনিট পরে	+20min
২০ মিনিট পরে	+20min
in 20 minute	+20min
after 20 minute	+20min
20 minute later	+20min
20 minute from now	+20min
within 20 minute	<+20min
20 minute ago	-20min
20 minute before	-20min
in 20 minutes	+20min
after 20 minutes	+20min
20 minutes later	+20min
20 minutes from now	+20min
within 20 minutes	<+20min
20 minutes ago	-20min
20 minutes before	-20min
in 20 min	+20min
after 20 min	+20min
20 min later	+20min
20 min from now	+20min
within 20 min	<+20min
20 min ago	-20min
20 min before	-20min
20 mins por	+20min
20 mins pore	+20min
20 mins age	-20min
20 mins er moddhe	<+20min
20 minit por	+20min
20 minit pore	+20min
20 minit age	-20min
20 minit er moddhe	<+20min
20 minute por	+20min
20 minute pore	+20min
20 minute age	-20min
20 minute er moddhe	<+20min
21 দিন পর	+21d
২১ দিন পর	+21d
21 দিন পরে	+21d
২১ দিন পরে	+21d
in 21 day	+21d
after 21 day	+21d
21 day later	+21d
21 day from now	+21d
within 21 day	<+21d
21 day ago	-21d
21 day before	-21d
in 21 days	+21d
after 21 days	+21d
21 days later	+21d
21 days from now	+21d
within 21 days	<+21d
21 days ago	-21d
21 days before	-21d
in 21 din	+21d
after 21 din	+21d
21 din later	+21d
21 din from now	+21d
within 21 din	<+21d
21 din ago	-21d
21 din before	-21d
21 diner por	+21d
21 diner pore	+21d
21 diner age	-21d
21 diner er moddhe	<+21d
21 dine por	+21d
21 dine pore	+21d
21 dine age	-21d
21 dine er moddhe	<+21d
21 ঘণ্টা পর	+21h
২১ ঘণ্টা পর	+21h
21 ঘণ্টা পরে	+21h
২১ ঘণ্টা পরে	+21h
in 21 hour	+21h
after 21 hour	+21h
21 hour later	+21h
21 hour from now	+21h
within 21 hour	<+21h
21 hour ago	-21h
21 hour before	-21h
in 21 hours	+21h
after 21 hours	+21h
21 hours later	+21h
21 hours from now	+21h
within 21 hours	<+21h
21 hours ago	-21h
21 hours before	-21h
in 21 hr	+21h
after 21 hr	+21h
21 hr later	+21h
21 hr from now	+21h
within 21 hr	<+21h
21 hr ago	-21h
21 hr before	-21h
21 hrs por	+21h
21 hrs pore	+21h
21 hrs age	-21h
21 hrs er moddhe	<+21h
21 ghonta por	+21h
21 ghonta pore	+21h
21 ghonta age	-21h
21 ghonta er moddhe	<+21h
21 ghanta por	+21h
21 ghanta pore	+21h
21 ghanta age	-21h
21 ghanta er moddhe	<+21h
21 মিনিট পর	+21min
২১ মিনিট পর	+21min
21 মিনিট পরে	+21min
২১ মিনিট পরে	+21min
in 21 minute	+21min
after 21 minute	+21min
21 minute later	+21min
21 minute from now	+21min
within 21 minute	<+21min
21 minute ago	-21min
21 minute before	-21min
in 21 minutes	+21min
after 21 minutes	+21min
21 minutes later	+21min
21 minutes from now	+21min
within 21 minutes	<+21min
21 minutes ago	-21min
21 minutes before	-21min
in 21 min	+21min
after 21 min	+21min
21 min later	+21min
21 min from now	+21min
within 21 min	<+21min
21 min ago	-21min
21 min before	-21min
21 mins por	+21min
21 mins pore	+21min
21 mins age	-21min
21 mins er moddhe	<+21min
21 minit por	+21min
21 minit pore	+21min
21 minit age	-21min
21 minit er moddhe	<+21min
21 minute por	+21min
21 minute pore	+21min
21 minute age	-21min
21 minute er moddhe	<+21min
22 দিন পর	+22d
২২ দিন পর	+22d
22 দিন পরে	+22d
২২ দিন পরে	+22d
in 22 day	+22d
after 22 day	+22d
22 day later	+22d
22 day from now	+22d
within 22 day	<+22d
22 day ago	-22d
22 day before	-22d
in 22 days	+22d
after 22 days	+22d
22 days later	+22d
22 days from now	+22d
within 22 days	<+22d
22 days ago	-22d
22 days before	-22d
in 22 din	+22d
after 22 din	+22d
22 din later	+22d
22 din from now	+22d
within 22 din	<+22d
22 din ago	-22d
22 din before	-22d
22 diner por	+22d
22 diner pore	+22d
22 diner age	-22d
22 diner er moddhe	<+22d
22 dine por	+22d
22 dine pore	+22d
22 dine age	-22d
22 dine er moddhe	<+22d
22 ঘণ্টা পর	+22h
২২ ঘণ্টা পর	+22h
22 ঘণ্টা পরে	+22h
২২ ঘণ্টা পরে	+22h
in 22 hour	+22h
after 22 hour	+22h
22 hour later	+22h
22 hour from now	+22h
within 22 hour	<+22h
22 hour ago	-22h
22 hour before	-22h
in 22 hours	+22h
after 22 hours	+22h
22 hours later	+22h
22 hours from now	+22h
within 22 hours	<+22h
22 hours ago	-22h
22 hours before	-22h
in 22 hr	+22h
after 22 hr	+22h
22 hr later	+22h
22 hr from now	+22h
within 22 hr	<+22h
22 hr ago	-22h
22 hr before	-22h
22 hrs por	+22h
22 hrs pore	+22h
22 hrs age	-22h
22 hrs er moddhe	<+22h
22 ghonta por	+22h
22 ghonta pore	+22h
22 ghonta age	-22h
22 ghonta er moddhe	<+22h
22 ghanta por	+22h
22 ghanta pore	+22h
22 ghanta age	-22h
22 ghanta er moddhe	<+22h
22 মিনিট পর	+22min
২২ মিনিট পর	+22min
22 মিনিট পরে	+22min
২২ মিনিট পরে	+22min
in 22 minute	+22min
after 22 minute	+22min
22 minute later	+22min
22 minute from now	+22min
within 22 minute	<+22min
22 minute ago	-22min
22 minute before	-22min
in 22 minutes	+22min
after 22 minutes	+22min
22 minutes later	+22min
22 minutes from now	+22min
within 22 minutes	<+22min
22 minutes ago	-22min
22 minutes before	-22min
in 22 min	+22min
after 22 min	+22min
22 min later	+22min
22 min from now	+22min
within 22 min	<+22min
22 min ago	-22min
22 min before	-22min
22 mins por	+22min
22 mins pore	+22min
22 mins age	-22min
22 mins er moddhe	<+22min
22 minit por	+22min
22 minit pore	+22min
22 minit age	-22min
22 minit er moddhe	<+22min
22 minute por	+22min
22 minute pore	+22min
22 minute age	-22min
22 minute er moddhe	<+22min
23 দিন পর	+23d
২৩ দিন পর	+23d
23 দিন পরে	+23d
২৩ দিন পরে	+23d
in 23 day	+23d
after 23 day	+23d
23 day later	+23d
23 day from now	+23d
within 23 day	<+23d
23 day ago	-23d
23 day before	-23d
in 23 days	+23d
after 23 days	+23d
23 days later	+23d
23 days from now	+23d
within 23 days	<+23d
23 days ago	-23d
23 days before	-23d
in 23 din	+23d
after 23 din	+23d
23 din later	+23d
23 din from now	+23d
within 23 din	<+23d
23 din ago	-23d
23 din before	-23d
23 diner por	+23d
23 diner pore	+23d
23 diner age	-23d
23 diner er moddhe	<+23d
23 dine por	+23d
23 dine pore	+23d
23 dine age	-23d
23 dine er moddhe	<+23d
23 ঘণ্টা পর	+23h
২৩ ঘণ্টা পর	+23h
23 ঘণ্টা পরে	+23h
২৩ ঘণ্টা পরে	+23h
in 23 hour	+23h
after 23 hour	+23h
23 hour later	+23h
23 hour from now	+23h
within 23 hour	<+23h
23 hour ago	-23h
23 hour before	-23h
in 23 hours	+23h
after 23 hours	+23h
23 hours later	+23h
23 hours from now	+23h
within 23 hours	<+23h
23 hours ago	-23h
23 hours before	-23h
in 23 hr	+23h
after 23 hr	+23h
23 hr later	+23h
23 hr from now	+23h
within 23 hr	<+23h
23 hr ago	-23h
23 hr before	-23h
23 hrs por	+23h
23 hrs pore	+23h
23 hrs age	-23h
23 hrs er moddhe	<+23h
23 ghonta por	+23h
23 ghonta pore	+23h
23 ghonta age	-23h
23 ghonta er moddhe	<+23h
23 ghanta por	+23h
23 ghanta pore	+23h
23 ghanta age	-23h
23 ghanta er moddhe	<+23h
23 মিনিট পর	+23min
২৩ মিনিট পর	+23min
23 মিনিট পরে	+23min
২৩ মিনিট পরে	+23min
in 23 minute	+23min
after 23 minute	+23min
23 minute later	+23min
23 minute from now	+23min
within 23 minute	<+23min
23 minute ago	-23min
23 minute before	-23min
in 23 minutes	+23min
after 23 minutes	+23min
23 minutes later	+23min
23 minutes from now	+23min
within 23 minutes	<+23min
23 minutes ago	-23min
23 minutes before	-23min
in 23 min	+23min
after 23 min	+23min
23 min later	+23min
23 min from now	+23min
within 23 min	<+23min
23 min ago	-23min
23 min before	-23min
23 mins por	+23min
23 mins pore	+23min
23 mins age	-23min
23 mins er moddhe	<+23min
23 minit por	+23min
23 minit pore	+23min
23 minit age	-23min
23 minit er moddhe	<+23min
23 minute por	+23min
23 minute pore	+23min
23 minute age	-23min
23 minute er moddhe	<+23min
24 দিন পর	+24d
২৪ দিন পর	+24d
24 দিন পরে	+24d
২৪ দিন পরে	+24d
in 24 day	+24d
after 24 day	+24d
24 day later	+24d
24 day from now	+24d
within 24 day	<+24d
24 day ago	-24d
24 day before	-24d
in 24 days	+24d
after 24 days	+24d
24 days later	+24d
24 days from now	+24d
within 24 days	<+24d
24 days ago	-24d
24 days before	-24d
in 24 din	+24d
after 24 din	+24d
24 din later	+24d
24 din from now	+24d
within 24 din	<+24d
24 din ago	-24d
24 din before	-24d
24 diner por	+24d
24 diner pore	+24d
24 diner age	-24d
24 diner er moddhe	<+24d
24 dine por	+24d
24 dine pore	+24d
24 dine age	-24d
24 dine er moddhe	<+24d
24 ঘণ্টা পর	+24h
২৪ ঘণ্টা পর	+24h
24 ঘণ্টা পরে	+24h
২৪ ঘণ্টা পরে	+24h
in 24 hour	+24h
after 24 hour	+24h
24 hour later	+24h
24 hour from now	+24h
within 24 hour	<+24h
24 hour ago	-24h
24 hour before	-24h
in 24 hours	+24h
after 24 hours	+24h
24 hours later	+24h
24 hours from now	+24h
within 24 hours	<+24h
24 hours ago	-24h
24 hours before	-24h
in 24 hr	+24h
after 24 hr	+24h
24 hr later	+24h
24 hr from now	+24h
within 24 hr	<+24h
24 hr ago	-24h
24 hr before	-24h
24 hrs por	+24h
24 hrs pore	+24h
24 hrs age	-24h
24 hrs er moddhe	<+24h
24 ghonta por	+24h
24 ghonta pore	+24h
24 ghonta age	-24h
24 ghonta er moddhe	<+24h
24 ghanta por	+24h
24 ghanta pore	+24h
24 ghanta age	-24h
24 ghanta er moddhe	<+24h
24 মিনিট পর	+24min
২৪ মিনিট পর	+24min
24 মিনিট পরে	+24min
২৪ মিনিট পরে	+24min
in 24 minute	+24min
after 24 minute	+24min
24 minute later	+24min
24 minute from now	+24min
within 24 minute	<+24min
24 minute ago	-24min
24 minute before	-24min
in 24 minutes	+24min
after 24 minutes	+24min
24 minutes later	+24min
24 minutes from now	+24min
within 24 minutes	<+24min
24 minutes ago	-24min
24 minutes before	-24min
in 24 min	+24min
after 24 min	+24min
24 min later	+24min
24 min from now	+24min
within 24 min	<+24min
24 min ago	-24min
24 min before	-24min
24 mins por	+24min
24 mins pore	+24min
24 mins age	-24min
24 mins er moddhe	<+24min
24 minit por	+24min
24 minit pore	+24min
24 minit age	-24min
24 minit er moddhe	<+24min
24 minute por	+24min
24 minute pore	+24min
24 minute age	-24min
24 minute er moddhe	<+24min
25 দিন পর	+25d
২৫ দিন পর	+25d
25 দিন পরে	+25d
২৫ দিন পরে	+25d
in 25 day	+25d
after 25 day	+25d
25 day later	+25d
25 day from now	+25d
within 25 day	<+25d
25 day ago	-25d
25 day before	-25d
in 25 days	+25d
after 25 days	+25d
25 days later	+25d
25 days from now	+25d
within 25 days	<+25d
25 days ago	-25d
25 days before	-25d
in 25 din	+25d
after 25 din	+25d
25 din later	+25d
25 din from now	+25d
within 25 din	<+25d
25 din ago	-25d
25 din before	-25d
25 diner por	+25d
25 diner pore	+25d
25 diner age	-25d
25 diner er moddhe	<+25d
25 dine por	+25d
25 dine pore	+25d
25 dine age	-25d
25 dine er moddhe	<+25d
25 ঘণ্টা পর	+25h
২৫ ঘণ্টা পর	+25h
25 ঘণ্টা পরে	+25h
২৫ ঘণ্টা পরে	+25h
in 25 hour	+25h
after 25 hour	+25h
25 hour later	+25h
25 hour from now	+25h
within 25 hour	<+25h
25 hour ago	-25h
25 hour before	-25h
in 25 hours	+25h
after 25 hours	+25h
25 hours later	+25h
25 hours from now	+25h
within 25 hours	<+25h
25 hours ago	-25h
25 hours before	-25h
in 25 hr	+25h
after 25 hr	+25h
25 hr later	+25h
25 hr from now	+25h
within 25 hr	<+25h
25 hr ago	-25h
25 hr before	-25h
25 hrs por	+25h
25 hrs pore	+25h
25 hrs age	-25h
25 hrs er moddhe	<+25h
25 ghonta por	+25h
25 ghonta pore	+25h
25 ghonta age	-25h
25 ghonta er moddhe	<+25h
25 ghanta por	+25h
25 ghanta pore	+25h
25 ghanta age	-25h
25 ghanta er moddhe	<+25h
25 মিনিট পর	+25min
২৫ মিনিট পর	+25min
25 মিনিট পরে	+25min
২৫ মিনিট পরে	+25min
in 25 minute	+25min
after 25 minute	+25min
25 minute later	+25min
25 minute from now	+25min
within 25 minute	<+25min
25 minute ago	-25min
25 minute before	-25min
in 25 minutes	+25min
after 25 minutes	+25min
25 minutes later	+25min
25 minutes from now	+25min
within 25 minutes	<+25min
25 minutes ago	-25min
25 minutes before	-25min
in 25 min	+25min
after 25 min	+25min
25 min later	+25min
25 min from now	+25min
within 25 min	<+25min
25 min ago	-25min
25 min before	-25min
25 mins por	+25min
25 mins pore	+25min
25 mins age	-25min
25 mins er moddhe	<+25min
25 minit por	+25min
25 minit pore	+25min
25 minit age	-25min
25 minit er moddhe	<+25min
25 minute por	+25min
25 minute pore	+25min
25 minute age	-25min
25 minute er moddhe	<+25min
26 দিন পর	+26d
২৬ দিন পর	+26d
26 দিন পরে	+26d
২৬ দিন পরে	+26d
in 26 day	+26d
after 26 day	+26d
26 day later	+26d
26 day from now	+26d
within 26 day	<+26d
26 day ago	-26d
26 day before	-26d
in 26 days	+26d
after 26 days	+26d
26 days later	+26d
26 days from now	+26d
within 26 days	<+26d
26 days ago	-26d
26 days before	-26d
in 26 din	+26d
after 26 din	+26d
26 din later	+26d
26 din from now	+26d
within 26 din	<+26d
26 din ago	-26d
26 din before	-26d
26 diner por	+26d
26 diner pore	+26d
26 diner age	-26d
26 diner er moddhe	<+26d
26 dine por	+26d
26 dine pore	+26d
26 dine age	-26d
26 dine er moddhe	<+26d
26 ঘণ্টা পর	+26h
২৬ ঘণ্টা পর	+26h
26 ঘণ্টা পরে	+26h
২৬ ঘণ্টা পরে	+26h
in 26 hour	+26h
after 26 hour	+26h
26 hour later	+26h
26 hour from now	+26h
within 26 hour	<+26h
26 hour ago	-26h
26 hour before	-26h
in 26 hours	+26h
after 26 hours	+26h
26 hours later	+26h
26 hours from now	+26h
within 26 hours	<+26h
26 hours ago	-26h
26 hours before	-26h
in 26 hr	+26h
after 26 hr	+26h
26 hr later	+26h
26 hr from now	+26h
within 26 hr	<+26h
26 hr ago	-26h
26 hr before	-26h
26 hrs por	+26h
26 hrs pore	+26h
26 hrs age	-26h
26 hrs er moddhe	<+26h
26 ghonta por	+26h
26 ghonta pore	+26h
26 ghonta age	-26h
26 ghonta er moddhe	<+26h
26 ghanta por	+26h
26 ghanta pore	+26h
26 ghanta age	-26h
26 ghanta er moddhe	<+26h
26 মিনিট পর	+26min
২৬ মিনিট পর	+26min
26 মিনিট পরে	+26min
২৬ মিনিট পরে	+26min
in 26 minute	+26min
after 26 minute	+26min
26 minute later	+26min
26 minute from now	+26min
within 26 minute	<+26min
26 minute ago	-26min
26 minute before	-26min
in 26 minutes	+26min
after 26 minutes	+26min
26 minutes later	+26min
26 minutes from now	+26min
within 26 minutes	<+26min
26 minutes ago	-26min
26 minutes before	-26min
in 26 min	+26min
after 26 min	+26min
26 min later	+26min
26 min from now	+26min
within 26 min	<+26min
26 min ago	-26min
26 min before	-26min
26 mins por	+26min
26 mins pore	+26min
26 mins age	-26min
26 mins er moddhe	<+26min
26 minit por	+26min
26 minit pore	+26min
26 minit age	-26min
26 minit er moddhe	<+26min
26 minute por	+26min
26 minute pore	+26min
26 minute age	-26min
26 minute er moddhe	<+26min
27 দিন পর	+27d
২৭ দিন পর	+27d
27 দিন পরে	+27d
২৭ দিন পরে	+27d
in 27 day	+27d
after 27 day	+27d
27 day later	+27d
27 day from now	+27d
within 27 day	<+27d
27 day ago	-27d
27 day before	-27d
in 27 days	+27d
after 27 days	+27d
27 days later	+27d
27 days from now	+27d
within 27 days	<+27d
27 days ago	-27d
27 days before	-27d
in 27 din	+27d
after 27 din	+27d
27 din later	+27d
27 din from now	+27d
within 27 din	<+27d
27 din ago	-27d
27 din before	-27d
27 diner por	+27d
27 diner pore	+27d
27 diner age	-27d
27 diner er moddhe	<+27d
27 dine por	+27d
27 dine pore	+27d
27 dine age	-27d
27 dine er moddhe	<+27d
27 ঘণ্টা পর	+27h
২৭ ঘণ্টা পর	+27h
27 ঘণ্টা পরে	+27h
২৭ ঘণ্টা পরে	+27h
in 27 hour	+27h
after 27 hour	+27h
27 hour later	+27h
27 hour from now	+27h
within 27 hour	<+27h
27 hour ago	-27h
27 hour before	-27h
in 27 hours	+27h
after 27 hours	+27h
27 hours later	+27h
27 hours from now	+27h
within 27 hours	<+27h
27 hours ago	-27h
27 hours before	-27h
in 27 hr	+27h
after 27 hr	+27h
27 hr later	+27h
27 hr from now	+27h
within 27 hr	<+27h
27 hr ago	-27h
27 hr before	-27h
27 hrs por	+27h
27 hrs pore	+27h
27 hrs age	-27h
27 hrs er moddhe	<+27h
27 ghonta por	+27h
27 ghonta pore	+27h
27 ghonta age	-27h
27 ghonta er moddhe	<+27h
27 ghanta por	+27h
27 ghanta pore	+27h
27 ghanta age	-27h
27 ghanta er moddhe	<+27h
27 মিনিট পর	+27min
২৭ মিনিট পর	+27min
27 মিনিট পরে	+27min
২৭ মিনিট পরে	+27min
in 27 minute	+27min
after 27 minute	+27min
27 minute later	+27min
27 minute from now	+27min
within 27 minute	<+27min
27 minute ago	-27min
27 minute before	-27min
in 27 minutes	+27min
after 27 minutes	+27min
27 minutes later	+27min
27 minutes from now	+27min
within 27 minutes	<+27min
27 minutes ago	-27min
27 minutes before	-27min
in 27 min	+27min
after 27 min	+27min
27 min later	+27min
27 min from now	+27min
within 27 min	<+27min
27 min ago	-27min
27 min before	-27min
27 mins por	+27min
27 mins pore	+27min
27 mins age	-27min
27 mins er moddhe	<+27min
27 minit por	+27min
27 minit pore	+27min
27 minit age	-27min
27 minit er moddhe	<+27min
27 minute por	+27min
27 minute pore	+27min
27 minute age	-27min
27 minute er moddhe	<+27min
28 দিন পর	+28d
২৮ দিন পর	+28d
28 দিন পরে	+28d
২৮ দিন পরে	+28d
in 28 day	+28d
after 28 day	+28d
28 day later	+28d
28 day from now	+28d
within 28 day	<+28d
28 day ago	-28d
28 day before	-28d
in 28 days	+28d
after 28 days	+28d
28 days later	+28d
28 days from now	+28d
within 28 days	<+28d
28 days ago	-28d
28 days before	-28d
in 28 din	+28d
after 28 din	+28d
28 din later	+28d
28 din from now	+28d
within 28 din	<+28d
28 din ago	-28d
28 din before	-28d
28 diner por	+28d
28 diner pore	+28d
28 diner age	-28d
28 diner er moddhe	<+28d
28 dine por	+28d
28 dine pore	+28d
28 dine age	-28d
28 dine er moddhe	<+28d
28 ঘণ্টা পর	+28h
২৮ ঘণ্টা পর	+28h
28 ঘণ্টা পরে	+28h
২৮ ঘণ্টা পরে	+28h
in 28 hour	+28h
after 28 hour	+28h
28 hour later	+28h
28 hour from now	+28h
within 28 hour	<+28h
28 hour ago	-28h
28 hour before	-28h
in 28 hours	+28h
after 28 hours	+28h
28 hours later	+28h
28 hours from now	+28h
within 28 hours	<+28h
28 hours ago	-28h
28 hours before	-28h
in 28 hr	+28h
after 28 hr	+28h
28 hr later	+28h
28 hr from now	+28h
within 28 hr	<+28h
28 hr ago	-28h
28 hr before	-28h
28 hrs por	+28h
28 hrs pore	+28h
28 hrs age	-28h
28 hrs er moddhe	<+28h
28 ghonta por	+28h
28 ghonta pore	+28h
28 ghonta age	-28h
28 ghonta er moddhe	<+28h
28 ghanta por	+28h
28 ghanta pore	+28h
28 ghanta age	-28h
28 ghanta er moddhe	<+28h
28 মিনিট পর	+28min
২৮ মিনিট পর	+28min
28 মিনিট পরে	+28min
২৮ মিনিট পরে	+28min
in 28 minute	+28min
after 28 minute	+28min
28 minute later	+28min
28 minute from now	+28min
within 28 minute	<+28min
28 minute ago	-28min
28 minute before	-28min
in 28 minutes	+28min
after 28 minutes	+28min
28 minutes later	+28min
28 minutes from now	+28min
within 28 minutes	<+28min
28 minutes ago	-28min
28 minutes before	-28min
in 28 min	+28min
after 28 min	+28min
28 min later	+28min
28 min from now	+28min
within 28 min	<+28min
28 min ago	-28min
28 min before	-28min
28 mins por	+28min
28 mins pore	+28min
28 mins age	-28min
28 mins er moddhe	<+28min
28 minit por	+28min
28 minit pore	+28min
28 minit age	-28min
28 minit er moddhe	<+28min
28 minute por	+28min
28 minute pore	+28min
28 minute age	-28min
28 minute er moddhe	<+28min
29 দিন পর	+29d
২৯ দিন পর	+29d
29 দিন পরে	+29d
২৯ দিন পরে	+29d
in 29 day	+29d
after 29 day	+29d
29 day later	+29d
29 day from now	+29d
within 29 day	<+29d
29 day ago	-29d
29 day before	-29d
in 29 days	+29d
after 29 days	+29d
29 days later	+29d
29 days from now	+29d
within 29 days	<+29d
29 days ago	-29d
29 days before	-29d
in 29 din	+29d
after 29 din	+29d
29 din later	+29d
29 din from now	+29d
within 29 din	<+29d
29 din ago	-29d
29 din before	-29d
29 diner por	+29d
29 diner pore	+29d
29 diner age	-29d
29 diner er moddhe	<+29d
29 dine por	+29d
29 dine pore	+29d
29 dine age	-29d
29 dine er moddhe	<+29d
29 ঘণ্টা পর	+29h
২৯ ঘণ্টা পর	+29h
29 ঘণ্টা পরে	+29h
২৯ ঘণ্টা পরে	+29h
in 29 hour	+29h
after 29 hour	+29h
29 hour later	+29h
29 hour from now	+29h
within 29 hour	<+29h
29 hour ago	-29h
29 hour before	-29h
in 29 hours	+29h
after 29 hours	+29h
29 hours later	+29h
29 hours from now	+29h
within 29 hours	<+29h
29 hours ago	-29h
29 hours before	-29h
in 29 hr	+29h
after 29 hr	+29h
29 hr later	+29h
29 hr from now	+29h
within 29 hr	<+29h
29 hr ago	-29h
29 hr before	-29h
29 hrs por	+29h
29 hrs pore	+29h
29 hrs age	-29h
29 hrs er moddhe	<+29h
29 ghonta por	+29h
29 ghonta pore	+29h
29 ghonta age	-29h
29 ghonta er moddhe	<+29h
29 ghanta por	+29h
29 ghanta pore	+29h
29 ghanta age	-29h
29 ghanta er moddhe	<+29h
29 মিনিট পর	+29min
২৯ মিনিট পর	+29min
29 মিনিট পরে	+29min
২৯ মিনিট পরে	+29min
in 29 minute	+29min
after 29 minute	+29min
29 minute later	+29min
29 minute from now	+29min
within 29 minute	<+29min
29 minute ago	-29min
29 minute before	-29min
in 29 minutes	+29min
after 29 minutes	+29min
29 minutes later	+29min
29 minutes from now	+29min
within 29 minutes	<+29min
29 minutes ago	-29min
29 minutes before	-29min
in 29 min	+29min
after 29 min	+29min
29 min later	+29min
29 min from now	+29min
within 29 min	<+29min
29 min ago	-29min
29 min before	-29min
29 mins por	+29min
29 mins pore	+29min
29 mins age	-29min
29 mins er moddhe	<+29min
29 minit por	+29min
29 minit pore	+29min
29 minit age	-29min
29 minit er moddhe	<+29min
29 minute por	+29min
29 minute pore	+29min
29 minute age	-29min
29 minute er moddhe	<+29min
30 দিন পর	+30d
30 দিন পরে	+30d
৩০ দিন পরে	+30d
in 30 day	+30d
after 30 day	+30d
30 day later	+30d
30 day from now	+30d
within 30 day	<+30d
30 day ago	-30d
30 day before	-30d
30 days later	+30d
30 days from now	+30d
within 30 days	<+30d
30 days ago	-30d
30 days before	-30d
in 30 din	+30d
after 30 din	+30d
30 din later	+30d
30 din from now	+30d
within 30 din	<+30d
30 din ago	-30d
30 din before	-30d
30 diner por	+30d
30 diner pore	+30d
30 diner age	-30d
30 diner er moddhe	<+30d
30 dine por	+30d
30 dine pore	+30d
30 dine age	-30d
30 dine er moddhe	<+30d
30 ঘণ্টা পর	+30h
৩০ ঘণ্টা পর	+30h
30 ঘণ্টা পরে	+30h
৩০ ঘণ্টা পরে	+30h
in 30 hour	+30h
after 30 hour	+30h
30 hour later	+30h
30 hour from now	+30h
within 30 hour	<+30h
30 hour ago	-30h
30 hour before	-30h
in 30 hours	+30h
after 30 hours	+30h
30 hours later	+30h
30 hours from now	+30h
within 30 hours	<+30h
30 hours ago	-30h
30 hours before	-30h
in 30 hr	+30h
after 30 hr	+30h
30 hr later	+30h
30 hr from now	+30h
within 30 hr	<+30h
30 hr ago	-30h
30 hr before	-30h
30 hrs por	+30h
30 hrs pore	+30h
30 hrs age	-30h
30 hrs er moddhe	<+30h
30 ghonta por	+30h
30 ghonta pore	+30h
30 ghonta age	-30h
30 ghonta er moddhe	<+30h
30 ghanta por	+30h
30 ghanta pore	+30h
30 ghanta age	-30h
30 ghanta er moddhe	<+30h
30 মিনিট পর	+30min
৩০ মিনিট পর	+30min
30 মিনিট পরে	+30min
৩০ মিনিট পরে	+30min
in 30 minute	+30min
after 30 minute	+30min
30 minute later	+30min
30 minute from now	+30min
within 30 minute	<+30min
30 minute ago	-30min
30 minute before	-30min
in 30 minutes	+30min
after 30 minutes	+30min
30 minutes later	+30min
30 minutes from now	+30min
within 30 minutes	<+30min
30 minutes ago	-30min
30 minutes before	-30min
in 30 min	+30min
after 30 min	+30min
30 min later	+30min
30 min from now	+30min
within 30 min	<+30min
30 min ago	-30min
30 min before	-30min
30 mins por	+30min
30 mins pore	+30min
30 mins age	-30min
30 mins er moddhe	<+30min
30 minit por	+30min
30 minit pore	+30min
30 minit age	-30min
30 minit er moddhe	<+30min
30 minute por	+30min
30 minute pore	+30min
30 minute age	-30min
30 minute er moddhe	<+30min
35 দিন পর	+35d
৩৫ দিন পর	+35d
35 দিন পরে	+35d
৩৫ দিন পরে	+35d
in 35 day	+35d
after 35 day	+35d
35 day later	+35d
35 day from now	+35d
within 35 day	<+35d
35 day ago	-35d
35 day before	-35d
in 35 days	+35d
after 35 days	+35d
35 days later	+35d
35 days from now	+35d
within 35 days	<+35d
35 days ago	-35d
35 days before	-35d
in 35 din	+35d
after 35 din	+35d
35 din later	+35d
35 din from now	+35d
within 35 din	<+35d
35 din ago	-35d
35 din before	-35d
35 diner por	+35d
35 diner pore	+35d
35 diner age	-35d
35 diner er moddhe	<+35d
35 dine por	+35d
35 dine pore	+35d
35 dine age	-35d
35 dine er moddhe	<+35d
35 ঘণ্টা পর	+35h
৩৫ ঘণ্টা পর	+35h
35 ঘণ্টা পরে	+35h
৩৫ ঘণ্টা পরে	+35h
in 35 hour	+35h
after 35 hour	+35h
35 hour later	+35h
35 hour from now	+35h
within 35 hour	<+35h
35 hour ago	-35h
35 hour before	-35h
in 35 hours	+35h
after 35 hours	+35h
35 hours later	+35h
35 hours from now	+35h
within 35 hours	<+35h
35 hours ago	-35h
35 hours before	-35h
in 35 hr	+35h
after 35 hr	+35h
35 hr later	+35h
35 hr from now	+35h
within 35 hr	<+35h
35 hr ago	-35h
35 hr before	-35h
35 hrs por	+35h
35 hrs pore	+35h
35 hrs age	-35h
35 hrs er moddhe	<+35h
35 ghonta por	+35h
35 ghonta pore	+35h
35 ghonta age	-35h
35 ghonta er moddhe	<+35h
35 ghanta por	+35h
35 ghanta pore	+35h
35 ghanta age	-35h
35 ghanta er moddhe	<+35h
35 মিনিট পর	+35min
৩৫ মিনিট পর	+35min
35 মিনিট পরে	+35min
৩৫ মিনিট পরে	+35min
in 35 minute	+35min
after 35 minute	+35min
35 minute later	+35min
35 minute from now	+35min
within 35 minute	<+35min
35 minute ago	-35min
35 minute before	-35min
in 35 minutes	+35min
after 35 minutes	+35min
35 minutes later	+35min
35 minutes from now	+35min
within 35 minutes	<+35min
35 minutes ago	-35min
35 minutes before	-35min
in 35 min	+35min
after 35 min	+35min
35 min later	+35min
35 min from now	+35min
within 35 min	<+35min
35 min ago	-35min
35 min before	-35min
35 mins por	+35min
35 mins pore	+35min
35 mins age	-35min
35 mins er moddhe	<+35min
35 minit por	+35min
35 minit pore	+35min
35 minit age	-35min
35 minit er moddhe	<+35min
35 minute por	+35min
35 minute pore	+35min
35 minute age	-35min
35 minute er moddhe	<+35min
40 দিন পর	+40d
৪০ দিন পর	+40d
40 দিন পরে	+40d
৪০ দিন পরে	+40d
in 40 day	+40d
after 40 day	+40d
40 day later	+40d
40 day from now	+40d
within 40 day	<+40d
40 day ago	-40d
40 day before	-40d
in 40 days	+40d
after 40 days	+40d
40 days later	+40d
40 days from now	+40d
within 40 days	<+40d
40 days ago	-40d
40 days before	-40d
in 40 din	+40d
after 40 din	+40d
40 din later	+40d
40 din from now	+40d
within 40 din	<+40d
40 din ago	-40d
40 din before	-40d
40 diner por	+40d
40 diner pore	+40d
40 diner age	-40d
40 diner er moddhe	<+40d
40 dine por	+40d
40 dine pore	+40d
40 dine age	-40d
40 dine er moddhe	<+40d
40 ঘণ্টা পর	+40h
৪০ ঘণ্টা পর	+40h
40 ঘণ্টা পরে	+40h
৪০ ঘণ্টা পরে	+40h
in 40 hour	+40h
after 40 hour	+40h
40 hour later	+40h
40 hour from now	+40h
within 40 hour	<+40h
40 hour ago	-40h
40 hour before	-40h
in 40 hours	+40h
after 40 hours	+40h
40 hours later	+40h
40 hours from now	+40h
within 40 hours	<+40h
40 hours ago	-40h
40 hours before	-40h
in 40 hr	+40h
after 40 hr	+40h
40 hr later	+40h
40 hr from now	+40h
within 40 hr	<+40h
40 hr ago	-40h
40 hr before	-40h
40 hrs por	+40h
40 hrs pore	+40h
40 hrs age	-40h
40 hrs er moddhe	<+40h
40 ghonta por	+40h
40 ghonta pore	+40h
40 ghonta age	-40h
40 ghonta er moddhe	<+40h
40 ghanta por	+40h
40 ghanta pore	+40h
40 ghanta age	-40h
40 ghanta er moddhe	<+40h
40 মিনিট পর	+40min
৪০ মিনিট পর	+40min
40 মিনিট পরে	+40min
৪০ মিনিট পরে	+40min
in 40 minute	+40min
after 40 minute	+40min
40 minute later	+40min
40 minute from now	+40min
within 40 minute	<+40min
40 minute ago	-40min
40 minute before	-40min
in 40 minutes	+40min
after 40 minutes	+40min
40 minutes later	+40min
40 minutes from now	+40min
within 40 minutes	<+40min
40 minutes ago	-40min
40 minutes before	-40min
in 40 min	+40min
after 40 min	+40min
40 min later	+40min
40 min from now	+40min
within 40 min	<+40min
40 min ago	-40min
40 min before	-40min
40 mins por	+40min
40 mins pore	+40min
40 mins age	-40min
40 mins er moddhe	<+40min
40 minit por	+40min
40 minit pore	+40min
40 minit age	-40min
40 minit er moddhe	<+40min
40 minute por	+40min
40 minute pore	+40min
40 minute age	-40min
40 minute er moddhe	<+40min
45 দিন পর	+45d
৪৫ দিন পর	+45d
45 দিন পরে	+45d
৪৫ দিন পরে	+45d
in 45 day	+45d
after 45 day	+45d
45 day later	+45d
45 day from now	+45d
within 45 day	<+45d
45 day ago	-45d
45 day before	-45d
in 45 days	+45d
after 45 days	+45d
45 days later	+45d
45 days from now	+45d
within 45 days	<+45d
45 days ago	-45d
45 days before	-45d
in 45 din	+45d
after 45 din	+45d
45 din later	+45d
45 din from now	+45d
within 45 din	<+45d
45 din ago	-45d
45 din before	-45d
45 diner por	+45d
45 diner pore	+45d
45 diner age	-45d
45 diner er moddhe	<+45d
45 dine por	+45d
45 dine pore	+45d
45 dine age	-45d
45 dine er moddhe	<+45d
45 ঘণ্টা পর	+45h
৪৫ ঘণ্টা পর	+45h
45 ঘণ্টা পরে	+45h
৪৫ ঘণ্টা পরে	+45h
in 45 hour	+45h
after 45 hour	+45h
45 hour later	+45h
45 hour from now	+45h
within 45 hour	<+45h
45 hour ago	-45h
45 hour before	-45h
in 45 hours	+45h
after 45 hours	+45h
45 hours later	+45h
45 hours from now	+45h
within 45 hours	<+45h
45 hours ago	-45h
45 hours before	-45h
in 45 hr	+45h
after 45 hr	+45h
45 hr later	+45h
45 hr from now	+45h
within 45 hr	<+45h
45 hr ago	-45h
45 hr before	-45h
45 hrs por	+45h
45 hrs pore	+45h
45 hrs age	-45h
45 hrs er moddhe	<+45h
45 ghonta por	+45h
45 ghonta pore	+45h
45 ghonta age	-45h
45 ghonta er moddhe	<+45h
45 ghanta por	+45h
45 ghanta pore	+45h
45 ghanta age	-45h
45 ghanta er moddhe	<+45h
45 মিনিট পর	+45min
৪৫ মিনিট পর	+45min
45 মিনিট পরে	+45min
৪৫ মিনিট পরে	+45min
in 45 minute	+45min
after 45 minute	+45min
45 minute later	+45min
45 minute from now	+45min
within 45 minute	<+45min
45 minute ago	-45min
45 minute before	-45min
in 45 minutes	+45min
after 45 minutes	+45min
45 minutes later	+45min
45 minutes from now	+45min
within 45 minutes	<+45min
45 minutes ago	-45min
45 minutes before	-45min
in 45 min	+45min
after 45 min	+45min
45 min later	+45min
45 min from now	+45min
within 45 min	<+45min
45 min ago	-45min
45 min before	-45min
45 mins por	+45min
45 mins pore	+45min
45 mins age	-45min
45 mins er moddhe	<+45min
45 minit por	+45min
45 minit pore	+45min
45 minit age	-45min
45 minit er moddhe	<+45min
45 minute por	+45min
45 minute pore	+45min
45 minute age	-45min
45 minute er moddhe	<+45min
50 দিন পর	+50d
৫০ দিন পর	+50d
50 দিন পরে	+50d
৫০ দিন পরে	+50d
in 50 day	+50d
after 50 day	+50d
50 day later	+50d
50 day from now	+50d
within 50 day	<+50d
50 day ago	-50d
50 day before	-50d
in 50 days	+50d
after 50 days	+50d
50 days later	+50d
50 days from now	+50d
within 50 days	<+50d
50 days ago	-50d
50 days before	-50d
in 50 din	+50d
after 50 din	+50d
50 din later	+50d
50 din from now	+50d
within 50 din	<+50d
50 din ago	-50d
50 din before	-50d
50 diner por	+50d
50 diner pore	+50d
50 diner age	-50d
50 diner er moddhe	<+50d
50 dine por	+50d
50 dine pore	+50d
50 dine age	-50d
50 dine er moddhe	<+50d
50 ঘণ্টা পর	+50h
৫০ ঘণ্টা পর	+50h
50 ঘণ্টা পরে	+50h
৫০ ঘণ্টা পরে	+50h
in 50 hour	+50h
after 50 hour	+50h
50 hour later	+50h
50 hour from now	+50h
within 50 hour	<+50h
50 hour ago	-50h
50 hour before	-50h
in 50 hours	+50h
after 50 hours	+50h
50 hours later	+50h
50 hours from now	+50h
within 50 hours	<+50h
50 hours ago	-50h
50 hours before	-50h
in 50 hr	+50h
after 50 hr	+50h
50 hr later	+50h
50 hr from now	+50h
within 50 hr	<+50h
50 hr ago	-50h
50 hr before	-50h
50 hrs por	+50h
50 hrs pore	+50h
50 hrs age	-50h
50 hrs er moddhe	<+50h
50 ghonta por	+50h
50 ghonta pore	+50h
50 ghonta age	-50h
50 ghonta er moddhe	<+50h
50 ghanta por	+50h
50 ghanta pore	+50h
50 ghanta age	-50h
50 ghanta er moddhe	<+50h
50 মিনিট পর	+50min
৫০ মিনিট পর	+50min
50 মিনিট পরে	+50min
৫০ মিনিট পরে	+50min
in 50 minute	+50min
after 50 minute	+50min
50 minute later	+50min
50 minute from now	+50min
within 50 minute	<+50min
50 minute ago	-50min
50 minute before	-50min
in 50 minutes	+50min
after 50 minutes	+50min
50 minutes later	+50min
50 minutes from now	+50min
within 50 minutes	<+50min
50 minutes ago	-50min
50 minutes before	-50min
in 50 min	+50min
after 50 min	+50min
50 min later	+50min
50 min from now	+50min
within 50 min	<+50min
50 min ago	-50min
50 min before	-50min
50 mins por	+50min
50 mins pore	+50min
50 mins age	-50min
50 mins er moddhe	<+50min
50 minit por	+50min
50 minit pore	+50min
50 minit age	-50min
50 minit er moddhe	<+50min
50 minute por	+50min
50 minute pore	+50min
50 minute age	-50min
50 minute er moddhe	<+50min
60 দিন পর	+60d
৬০ দিন পর	+60d
60 দিন পরে	+60d
৬০ দিন পরে	+60d
in 60 day	+60d
after 60 day	+60d
60 day later	+60d
60 day from now	+60d
within 60 day	<+60d
60 day ago	-60d
60 day before	-60d
in 60 days	+60d
after 60 days	+60d
60 days later	+60d
60 days from now	+60d
within 60 days	<+60d
60 days ago	-60d
60 days before	-60d
in 60 din	+60d
after 60 din	+60d
60 din later	+60d
60 din from now	+60d
within 60 din	<+60d
60 din ago	-60d
60 din before	-60d
60 diner por	+60d
60 diner pore	+60d
60 diner age	-60d
60 diner er moddhe	<+60d
60 dine por	+60d
60 dine pore	+60d
60 dine age	-60d
60 dine er moddhe	<+60d
60 ঘণ্টা পর	+60h
৬০ ঘণ্টা পর	+60h
60 ঘণ্টা পরে	+60h
৬০ ঘণ্টা পরে	+60h
in 60 hour	+60h
after 60 hour	+60h
60 hour later	+60h
60 hour from now	+60h
within 60 hour	<+60h
60 hour ago	-60h
60 hour before	-60h
in 60 hours	+60h
after 60 hours	+60h
60 hours later	+60h
60 hours from now	+60h
within 60 hours	<+60h
60 hours ago	-60h
60 hours before	-60h
in 60 hr	+60h
after 60 hr	+60h
60 hr later	+60h
60 hr from now	+60h
within 60 hr	<+60h
60 hr ago	-60h
60 hr before	-60h
60 hrs por	+60h
60 hrs pore	+60h
60 hrs age	-60h
60 hrs er moddhe	<+60h
60 ghonta por	+60h
60 ghonta pore	+60h
60 ghonta age	-60h
60 ghonta er moddhe	<+60h
60 ghanta por	+60h
60 ghanta pore	+60h
60 ghanta age	-60h
60 ghanta er moddhe	<+60h
60 মিনিট পর	+60min
৬০ মিনিট পর	+60min
60 মিনিট পরে	+60min
৬০ মিনিট পরে	+60min
in 60 minute	+60min
after 60 minute	+60min
60 minute later	+60min
60 minute from now	+60min
within 60 minute	<+60min
60 minute ago	-60min
60 minute before	-60min
in 60 minutes	+60min
after 60 minutes	+60min
60 minutes later	+60min
60 minutes from now	+60min
within 60 minutes	<+60min
60 minutes ago	-60min
60 minutes before	-60min
in 60 min	+60min
after 60 min	+60min
60 min later	+60min
60 min from now	+60min
within 60 min	<+60min
60 min ago	-60min
60 min before	-60min
60 mins por	+60min
60 mins pore	+60min
60 mins age	-60min
60 mins er moddhe	<+60min
60 minit por	+60min
60 minit pore	+60min
60 minit age	-60min
60 minit er moddhe	<+60min
60 minute por	+60min
60 minute pore	+60min
60 minute age	-60min
60 minute er moddhe	<+60min
90 দিন পর	+90d
৯০ দিন পর	+90d
90 দিন পরে	+90d
৯০ দিন পরে	+90d
in 90 day	+90d
after 90 day	+90d
90 day later	+90d
90 day from now	+90d
within 90 day	<+90d
90 day ago	-90d
90 day before	-90d
in 90 days	+90d
after 90 days	+90d
90 days later	+90d
90 days from now	+90d
within 90 days	<+90d
90 days ago	-90d
90 days before	-90d
in 90 din	+90d
after 90 din	+90d
90 din later	+90d
90 din from now	+90d
within 90 din	<+90d
90 din ago	-90d
90 din before	-90d
90 diner por	+90d
90 diner pore	+90d
90 diner age	-90d
90 diner er moddhe	<+90d
90 dine por	+90d
90 dine pore	+90d
90 dine age	-90d
90 dine er moddhe	<+90d
90 ঘণ্টা পর	+90h
৯০ ঘণ্টা পর	+90h
90 ঘণ্টা পরে	+90h
৯০ ঘণ্টা পরে	+90h
in 90 hour	+90h
after 90 hour	+90h
90 hour later	+90h
90 hour from now	+90h
within 90 hour	<+90h
90 hour ago	-90h
90 hour before	-90h
in 90 hours	+90h
after 90 hours	+90h
90 hours later	+90h
90 hours from now	+90h
within 90 hours	<+90h
90 hours ago	-90h
90 hours before	-90h
in 90 hr	+90h
after 90 hr	+90h
90 hr later	+90h
90 hr from now	+90h
within 90 hr	<+90h
90 hr ago	-90h
90 hr before	-90h
90 hrs por	+90h
90 hrs pore	+90h
90 hrs age	-90h
90 hrs er moddhe	<+90h
90 ghonta por	+90h
90 ghonta pore	+90h
90 ghonta age	-90h
90 ghonta er moddhe	<+90h
90 ghanta por	+90h
90 ghanta pore	+90h
90 ghanta age	-90h
90 ghanta er moddhe	<+90h
90 মিনিট পর	+90min
৯০ মিনিট পর	+90min
90 মিনিট পরে	+90min
৯০ মিনিট পরে	+90min
in 90 minute	+90min
after 90 minute	+90min
90 minute later	+90min
90 minute from now	+90min
within 90 minute	<+90min
90 minute ago	-90min
90 minute before	-90min
in 90 minutes	+90min
after 90 minutes	+90min
90 minutes later	+90min
90 minutes from now	+90min
within 90 minutes	<+90min
90 minutes ago	-90min
90 minutes before	-90min
in 90 min	+90min
after 90 min	+90min
90 min later	+90min
90 min from now	+90min
within 90 min	<+90min
90 min ago	-90min
90 min before	-90min
90 mins por	+90min
90 mins pore	+90min
90 mins age	-90min
90 mins er moddhe	<+90min
90 minit por	+90min
90 minit pore	+90min
90 minit age	-90min
90 minit er moddhe	<+90min
90 minute por	+90min
90 minute pore	+90min
90 minute age	-90min
90 minute er moddhe	<+90min
120 দিন পর	+120d
১২০ দিন পর	+120d
120 দিন পরে	+120d
১২০ দিন পরে	+120d
in 120 day	+120d
after 120 day	+120d
120 day later	+120d
120 day from now	+120d
within 120 day	<+120d
120 day ago	-120d
120 day before	-120d
in 120 days	+120d
after 120 days	+120d
120 days later	+120d
120 days from now	+120d
within 120 days	<+120d
120 days ago	-120d
120 days before	-120d
in 120 din	+120d
after 120 din	+120d
120 din later	+120d
120 din from now	+120d
within 120 din	<+120d
120 din ago	-120d
120 din before	-120d
120 diner por	+120d
120 diner pore	+120d
120 diner age	-120d
120 diner er moddhe	<+120d
120 dine por	+120d
120 dine pore	+120d
120 dine age	-120d
120 dine er moddhe	<+120d
120 ঘণ্টা পর	+120h
১২০ ঘণ্টা পর	+120h
120 ঘণ্টা পরে	+120h
১২০ ঘণ্টা পরে	+120h
in 120 hour	+120h
after 120 hour	+120h
120 hour later	+120h
120 hour from now	+120h
within 120 hour	<+120h
120 hour ago	-120h
120 hour before	-120h
in 120 hours	+120h
after 120 hours	+120h
120 hours later	+120h
120 hours from now	+120h
within 120 hours	<+120h
120 hours ago	-120h
120 hours before	-120h
in 120 hr	+120h
after 120 hr	+120h
120 hr later	+120h
120 hr from now	+120h
within 120 hr	<+120h
120 hr ago	-120h
120 hr before	-120h
120 hrs por	+120h
120 hrs pore	+120h
120 hrs age	-120h
120 hrs er moddhe	<+120h
120 ghonta por	+120h
120 ghonta pore	+120h
120 ghonta age	-120h
120 ghonta er moddhe	<+120h
120 ghanta por	+120h
120 ghanta pore	+120h
120 ghanta age	-120h
120 ghanta er moddhe	<+120h
120 মিনিট পর	+120min
১২০ মিনিট পর	+120min
120 মিনিট পরে	+120min
১২০ মিনিট পরে	+120min
in 120 minute	+120min
after 120 minute	+120min
120 minute later	+120min
120 minute from now	+120min
within 120 minute	<+120min
120 minute ago	-120min
120 minute before	-120min
in 120 minutes	+120min
after 120 minutes	+120min
120 minutes later	+120min
120 minutes from now	+120min
within 120 minutes	<+120min
120 minutes ago	-120min
120 minutes before	-120min
in 120 min	+120min
after 120 min	+120min
120 min later	+120min
120 min from now	+120min
within 120 min	<+120min
120 min ago	-120min
120 min before	-120min
120 mins por	+120min
120 mins pore	+120min
120 mins age	-120min
120 mins er moddhe	<+120min
120 minit por	+120min
120 minit pore	+120min
120 minit age	-120min
120 minit er moddhe	<+120min
120 minute por	+120min
120 minute pore	+120min
120 minute age	-120min
120 minute er moddhe	<+120min
in half an hour	+30min
half an hour	+30min
half hour	+30min
in an hour	+1h
an hour later	+1h
in an hour and a half	+90min
one and a half hours	+90min
in a few minutes	+5min
in a couple of minutes	+2min
in a couple minutes	+2min
in a couple of hours	+2h
in a couple hours	+2h
in a few hours	+3h
in a couple of days	+2d
in a couple days	+2d
in a few days	+3d
in a couple of weeks	+2w
in a few weeks	+3w
in a couple of months	+2m
in a few months	+3m
adha ghonta por	+30min
aadha ghonta por	+30min
adhghonta por	+30min
আধা ঘণ্টা পর	+30min
আধ ঘণ্টা পর	+30min
আধঘণ্টা পর	+30min
এক ঘণ্টা পর	+1h
ek ghonta por	+1h
দেড় ঘণ্টা পর	+90min
der ghonta por	+90min
dherh ghonta por	+90min
আড়াই ঘণ্টা পর	+150min
aray ghonta por	+150min
arai ghonta por	+150min
কয়েক মিনিট পর	+5min
koyek minute por	+5min
koyek minit por	+5min
কিছুক্ষণ পর	+15min
কয়েক ঘণ্টা পর	+3h
koyek ghonta por	+3h
কয়েক দিন পর	+3d
koyek din por	+3d
কয়েক দিনের মধ্যে	<+3d
koyek diner moddhe	<+3d
কয়েক সপ্তাহ পর	+3w
koyek soptaho por	+3w
কয়েক মাস পর	+3m
koyek mas por	+3m
by tomorrow	<+1d
by tmrw	<+1d
by tmr	<+1d
tomorrow at the latest	<+1d
latest by tomorrow	<+1d
kal er moddhe	<+1d
kal er moddhei	<+1d
kal porjonto	<+1d
kal er aggei	<+1d
kal er agei	<+1d
কালকের মধ্যে	<+1d
আগামীকালের মধ্যে	<+1d
কাল পর্যন্ত	<+1d
কালকের আগে	<+1d
by today	<+0d
by tonight	<+0d
by this evening	<+0d
by end of today	<+0d
aj er moddhe	<+0d
aj er moddhei	<+0d
aj porjonto	<+0d
aj raat er moddhe	<+0d
aj raat er moddhei	<+0d
আজকের মধ্যে	<+0d
আজ রাতের মধ্যে	<+0d
আজ পর্যন্ত	<+0d
by next week	<+1w
by next wk	<+1w
by the end of next week	<+1w
agami soptaho er moddhe	<+1w
agami soptaher moddhe	<+1w
agami saptaher moddhe	<+1w
porer soptaher moddhe	<+1w
আগামী সপ্তাহের মধ্যে	<+1w
পরের সপ্তাহের মধ্যে	<+1w
by this week	<+0w
this week er moddhe	<+0w
ei soptaher moddhe	<+0w
ei saptaher moddhe	<+0w
এই সপ্তাহের মধ্যে	<+0w
by next month	<+1m
by the end of next month	<+1m
agami mash er moddhe	<+1m
agami maser moddhe	<+1m
porer maser moddhe	<+1m
আগামী মাসের মধ্যে	<+1m
পরের মাসের মধ্যে	<+1m
by this month	<+0m
ei maser moddhe	<+0m
ei mash er moddhe	<+0m
এই মাসের মধ্যে	<+0m
this coming	next:
agami	next:
aschhe	next:
asche	next:
asha	next:
ascha	next:
আগামী	next:
আসছে	next:
আসন্ন	next:
পরবর্তী	next:
gato	prev:
gotto	prev:
ager	prev:
গত	prev:
আগের	prev:
পূর্ববর্তী	prev:
on time	@ontime
in time	@ontime
punctually	@ontime
right on time	@ontime
thik somoy e	@ontime
thik shomoy e	@ontime
thik somoye	@ontime
thik shomoye	@ontime
সময়মতো	@ontime
সময়মত	@ontime
সময় মতো	@ontime
সময় মত	@ontime
shomoy moto	@ontime
somoy moto	@ontime
shomoymoto	@ontime
somoymoto	@ontime
a bit early	@early
a little early	@early
sooner	@early
আগেভাগে	@early
আগেভাগেই	@early
তাড়াতাড়ি করে	@early
আগে আগে	@early
a bit late	@late
a little late	@late
delayed	@late
delay	@late
dari	@late
deri	@late
dheri	@late
দেরি	@late
দেরী	@late
দেরিতে	@late
দেরীতে	@late
দেরি করে	@late
পরে পরে	@late
daily	every:1d
every day	every:1d
everyday	every:1d
each day	every:1d
per day	every:1d
a day	every:1d
proti din	every:1d
protidin	every:1d
prottohik	every:1d
prottoh	every:1d
dainik	every:1d
roj	every:1d
roj roj	every:1d
roz	every:1d
rozana	every:1d
প্রতিদিন	every:1d
প্রতি দিন	every:1d
প্রত্যহ	every:1d
দৈনিক	every:1d
রোজ	every:1d
রোজ রোজ	every:1d
দৈনন্দিন	every:1d
weekly	every:1w
every week	every:1w
each week	every:1w
per week	every:1w
a week	every:1w
once a week	every:1w
proti soptaho	every:1w
proti saptah	every:1w
protisoptaho	every:1w
protisaptah	every:1w
soptahik	every:1w
saptahik	every:1w
সাপ্তাহিক	every:1w
প্রতি সপ্তাহ	every:1w
প্রতি সপ্তাহে	every:1w
সপ্তাহে একবার	every:1w
monthly	every:1m
every month	every:1m
each month	every:1m
per month	every:1m
a month	every:1m
once a month	every:1m
proti mash	every:1m
proti mas	every:1m
protimash	every:1m
protimas	every:1m
masik	every:1m
mashik	every:1m
মাসিক	every:1m
প্রতি মাস	every:1m
প্রতি মাসে	every:1m
মাসে একবার	every:1m
yearly	every:1y
annually	every:1y
every year	every:1y
each year	every:1y
per year	every:1y
a year	every:1y
once a year	every:1y
proti bochor	every:1y
proti bosor	every:1y
protibochor	every:1y
protibosor	every:1y
barshik	every:1y
borshik	every:1y
বার্ষিক	every:1y
প্রতি বছর	every:1y
প্রতি বছরে	every:1y
বছরে একবার	every:1y
quarterly	every:3m
every quarter	every:3m
each quarter	every:3m
per quarter	every:3m
once a quarter	every:3m
proti quarter	every:3m
troimasik	every:3m
ত্রৈমাসিক	every:3m
প্রতি তিন মাস	every:3m
প্রতি তিন মাসে	every:3m
fortnightly	every:2w
biweekly	every:2w
bi-weekly	every:2w
every two weeks	every:2w
every 2 weeks	every:2w
every other week	every:2w
every second week	every:2w
proti dui soptaho	every:2w
proti dui saptah	every:2w
প্রতি দুই সপ্তাহে	every:2w
প্রতি দু সপ্তাহে	every:2w
পাক্ষিক	every:2w
every other day	every:2d
every second day	every:2d
every 2 days	every:2d
every two days	every:2d
alternate days	every:2d
alternate day	every:2d
ek din por por	every:2d
ek din antor	every:2d
ek din bad	every:2d
ek din bad bad	every:2d
একদিন পর পর	every:2d
একদিন অন্তর	every:2d
একদিন বাদ	every:2d
hourly	every:1h
every hour	every:1h
each hour	every:1h
per hour	every:1h
an hour	every:1h
proti ghonta	every:1h
protighonta	every:1h
ghontay ghontay	every:1h
ঘণ্টায় ঘণ্টায়	every:1h
প্রতি ঘণ্টা	every:1h
প্রতি ঘণ্টায়	every:1h
